2025-09-29 10:50:12,008 [Worker-1: Loading available Gradle versions] INFO  o.e.b.c.i.u.g.PublishedGradleVersions - Gradle version information cache is up-to-date. Trying to read.
2025-09-29 11:19:09,310 [Worker-0: Loading available Gradle versions] INFO  o.e.b.c.i.u.g.PublishedGradleVersions - Gradle version information cache is up-to-date. Trying to read.
2025-09-29 11:22:50,000 [Worker-5: Loading available Gradle versions] INFO  o.e.b.c.i.u.g.PublishedGradleVersions - Gradle version information cache is up-to-date. Trying to read.
2025-09-29 11:27:04,632 [Worker-2: Loading available Gradle versions] INFO  o.e.b.c.i.u.g.PublishedGradleVersions - Gradle version information cache is up-to-date. Trying to read.
2025-09-29 11:29:05,420 [Worker-5: Loading available Gradle versions] INFO  o.e.b.c.i.u.g.PublishedGradleVersions - Gradle version information cache is up-to-date. Trying to read.
2025-09-29 11:39:59,239 [Worker-7: Loading available Gradle versions] INFO  o.e.b.c.i.u.g.PublishedGradleVersions - Gradle version information cache is up-to-date. Trying to read.
2025-09-29 11:44:26,152 [Worker-14: Updating Maven Dependencies] INFO  o.e.m.c.i.e.AbstractTransferListenerAdapter - Downloading https://repo.maven.apache.org/maven2/org/apache/maven/plugins/maven-clean-plugin/2.5/maven-clean-plugin-2.5.jar
2025-09-29 11:44:26,175 [Worker-14: Updating Maven Dependencies] INFO  o.e.m.c.i.e.AbstractTransferListenerAdapter - Downloaded https://repo.maven.apache.org/maven2/org/apache/maven/plugins/maven-clean-plugin/2.5/maven-clean-plugin-2.5.jar
2025-09-29 11:44:26,615 [Worker-14: Updating Maven Dependencies] INFO  o.e.m.c.i.e.AbstractTransferListenerAdapter - Downloading https://repo.maven.apache.org/maven2/org/apache/maven/plugins/maven-resources-plugin/2.6/maven-resources-plugin-2.6.jar
2025-09-29 11:44:26,636 [Worker-14: Updating Maven Dependencies] INFO  o.e.m.c.i.e.AbstractTransferListenerAdapter - Downloaded https://repo.maven.apache.org/maven2/org/apache/maven/plugins/maven-resources-plugin/2.6/maven-resources-plugin-2.6.jar
2025-09-29 11:44:26,769 [Worker-14: Updating Maven Dependencies] INFO  o.e.m.c.i.e.AbstractTransferListenerAdapter - Downloading https://repo.maven.apache.org/maven2/org/apache/maven/plugins/maven-compiler-plugin/2.5.1/maven-compiler-plugin-2.5.1.jar
2025-09-29 11:44:26,781 [Worker-14: Updating Maven Dependencies] INFO  o.e.m.c.i.e.AbstractTransferListenerAdapter - Downloaded https://repo.maven.apache.org/maven2/org/apache/maven/plugins/maven-compiler-plugin/2.5.1/maven-compiler-plugin-2.5.1.jar
2025-09-29 11:44:26,947 [Worker-14: Updating Maven Dependencies] INFO  o.e.m.c.i.e.AbstractTransferListenerAdapter - Downloading https://repo.maven.apache.org/maven2/org/apache/maven/plugins/maven-surefire-plugin/2.12.4/maven-surefire-plugin-2.12.4.jar
2025-09-29 11:44:26,956 [Worker-14: Updating Maven Dependencies] INFO  o.e.m.c.i.e.AbstractTransferListenerAdapter - Downloaded https://repo.maven.apache.org/maven2/org/apache/maven/plugins/maven-surefire-plugin/2.12.4/maven-surefire-plugin-2.12.4.jar
2025-09-29 11:44:27,073 [Worker-14: Updating Maven Dependencies] INFO  o.e.m.c.i.e.AbstractTransferListenerAdapter - Downloading https://repo.maven.apache.org/maven2/org/apache/maven/plugins/maven-war-plugin/2.2/maven-war-plugin-2.2.jar
2025-09-29 11:44:27,093 [Worker-14: Updating Maven Dependencies] INFO  o.e.m.c.i.e.AbstractTransferListenerAdapter - Downloaded https://repo.maven.apache.org/maven2/org/apache/maven/plugins/maven-war-plugin/2.2/maven-war-plugin-2.2.jar
2025-09-29 11:44:27,237 [Worker-14: Updating Maven Dependencies] INFO  o.e.m.c.i.e.AbstractTransferListenerAdapter - Downloading https://repo.maven.apache.org/maven2/org/apache/maven/plugins/maven-install-plugin/2.4/maven-install-plugin-2.4.jar
2025-09-29 11:44:27,247 [Worker-14: Updating Maven Dependencies] INFO  o.e.m.c.i.e.AbstractTransferListenerAdapter - Downloaded https://repo.maven.apache.org/maven2/org/apache/maven/plugins/maven-install-plugin/2.4/maven-install-plugin-2.4.jar
2025-09-29 11:44:27,355 [Worker-14: Updating Maven Dependencies] INFO  o.e.m.c.i.e.AbstractTransferListenerAdapter - Downloading https://repo.maven.apache.org/maven2/org/apache/maven/plugins/maven-deploy-plugin/2.7/maven-deploy-plugin-2.7.jar
2025-09-29 11:44:27,378 [Worker-14: Updating Maven Dependencies] INFO  o.e.m.c.i.e.AbstractTransferListenerAdapter - Downloaded https://repo.maven.apache.org/maven2/org/apache/maven/plugins/maven-deploy-plugin/2.7/maven-deploy-plugin-2.7.jar
2025-09-29 11:44:27,582 [Worker-14: Updating Maven Dependencies] INFO  o.e.m.c.i.e.AbstractTransferListenerAdapter - Downloading https://repo.maven.apache.org/maven2/org/apache/maven/plugins/maven-site-plugin/3.3/maven-site-plugin-3.3.jar
2025-09-29 11:44:27,632 [Worker-14: Updating Maven Dependencies] INFO  o.e.m.c.i.e.AbstractTransferListenerAdapter - Downloaded https://repo.maven.apache.org/maven2/org/apache/maven/plugins/maven-site-plugin/3.3/maven-site-plugin-3.3.jar
2025-09-29 11:44:27,748 [Worker-14: Updating Maven Dependencies] INFO  o.e.m.c.i.e.AbstractTransferListenerAdapter - Downloading https://repo.maven.apache.org/maven2/org/apache/maven/plugins/maven-compiler-plugin/2.5.1/maven-compiler-plugin-2.5.1.pom
2025-09-29 11:44:27,759 [Worker-14: Updating Maven Dependencies] INFO  o.e.m.c.i.e.AbstractTransferListenerAdapter - Downloaded https://repo.maven.apache.org/maven2/org/apache/maven/plugins/maven-compiler-plugin/2.5.1/maven-compiler-plugin-2.5.1.pom
2025-09-29 11:44:27,774 [Worker-14: Updating Maven Dependencies] INFO  o.e.m.c.i.e.AbstractTransferListenerAdapter - Downloading https://repo.maven.apache.org/maven2/org/apache/maven/plugins/maven-plugins/22/maven-plugins-22.pom
2025-09-29 11:44:27,782 [Worker-14: Updating Maven Dependencies] INFO  o.e.m.c.i.e.AbstractTransferListenerAdapter - Downloaded https://repo.maven.apache.org/maven2/org/apache/maven/plugins/maven-plugins/22/maven-plugins-22.pom
2025-09-29 11:44:27,791 [Worker-14: Updating Maven Dependencies] INFO  o.e.m.c.i.e.AbstractTransferListenerAdapter - Downloading https://repo.maven.apache.org/maven2/org/apache/maven/maven-parent/21/maven-parent-21.pom
2025-09-29 11:44:27,800 [Worker-14: Updating Maven Dependencies] INFO  o.e.m.c.i.e.AbstractTransferListenerAdapter - Downloaded https://repo.maven.apache.org/maven2/org/apache/maven/maven-parent/21/maven-parent-21.pom
2025-09-29 11:44:27,810 [Worker-14: Updating Maven Dependencies] INFO  o.e.m.c.i.e.AbstractTransferListenerAdapter - Downloading https://repo.maven.apache.org/maven2/org/apache/apache/10/apache-10.pom
2025-09-29 11:44:27,825 [Worker-14: Updating Maven Dependencies] INFO  o.e.m.c.i.e.AbstractTransferListenerAdapter - Downloaded https://repo.maven.apache.org/maven2/org/apache/apache/10/apache-10.pom
2025-09-29 11:44:27,854 [Worker-14: Updating Maven Dependencies] INFO  o.e.m.c.i.e.AbstractTransferListenerAdapter - Downloading https://repo.maven.apache.org/maven2/org/apache/maven/maven-plugin-api/2.0.9/maven-plugin-api-2.0.9.pom
2025-09-29 11:44:27,861 [Worker-14: Updating Maven Dependencies] INFO  o.e.m.c.i.e.AbstractTransferListenerAdapter - Downloaded https://repo.maven.apache.org/maven2/org/apache/maven/maven-plugin-api/2.0.9/maven-plugin-api-2.0.9.pom
2025-09-29 11:44:27,869 [Worker-14: Updating Maven Dependencies] INFO  o.e.m.c.i.e.AbstractTransferListenerAdapter - Downloading https://repo.maven.apache.org/maven2/org/apache/maven/maven/2.0.9/maven-2.0.9.pom
2025-09-29 11:44:27,878 [Worker-14: Updating Maven Dependencies] INFO  o.e.m.c.i.e.AbstractTransferListenerAdapter - Downloaded https://repo.maven.apache.org/maven2/org/apache/maven/maven/2.0.9/maven-2.0.9.pom
2025-09-29 11:44:27,887 [Worker-14: Updating Maven Dependencies] INFO  o.e.m.c.i.e.AbstractTransferListenerAdapter - Downloading https://repo.maven.apache.org/maven2/org/apache/maven/maven-parent/8/maven-parent-8.pom
2025-09-29 11:44:27,897 [Worker-14: Updating Maven Dependencies] INFO  o.e.m.c.i.e.AbstractTransferListenerAdapter - Downloaded https://repo.maven.apache.org/maven2/org/apache/maven/maven-parent/8/maven-parent-8.pom
2025-09-29 11:44:27,909 [Worker-14: Updating Maven Dependencies] INFO  o.e.m.c.i.e.AbstractTransferListenerAdapter - Downloading https://repo.maven.apache.org/maven2/org/apache/apache/4/apache-4.pom
2025-09-29 11:44:27,917 [Worker-14: Updating Maven Dependencies] INFO  o.e.m.c.i.e.AbstractTransferListenerAdapter - Downloaded https://repo.maven.apache.org/maven2/org/apache/apache/4/apache-4.pom
2025-09-29 11:44:27,926 [Worker-14: Updating Maven Dependencies] INFO  o.e.m.c.i.e.AbstractTransferListenerAdapter - Downloading https://repo.maven.apache.org/maven2/org/apache/maven/maven-artifact/2.0.9/maven-artifact-2.0.9.pom
2025-09-29 11:44:27,936 [Worker-14: Updating Maven Dependencies] INFO  o.e.m.c.i.e.AbstractTransferListenerAdapter - Downloaded https://repo.maven.apache.org/maven2/org/apache/maven/maven-artifact/2.0.9/maven-artifact-2.0.9.pom
2025-09-29 11:44:27,945 [Worker-14: Updating Maven Dependencies] INFO  o.e.m.c.i.e.AbstractTransferListenerAdapter - Downloading https://repo.maven.apache.org/maven2/org/codehaus/plexus/plexus-utils/1.5.1/plexus-utils-1.5.1.pom
2025-09-29 11:44:27,953 [Worker-14: Updating Maven Dependencies] INFO  o.e.m.c.i.e.AbstractTransferListenerAdapter - Downloaded https://repo.maven.apache.org/maven2/org/codehaus/plexus/plexus-utils/1.5.1/plexus-utils-1.5.1.pom
2025-09-29 11:44:27,961 [Worker-14: Updating Maven Dependencies] INFO  o.e.m.c.i.e.AbstractTransferListenerAdapter - Downloading https://repo.maven.apache.org/maven2/org/codehaus/plexus/plexus/1.0.11/plexus-1.0.11.pom
2025-09-29 11:44:27,970 [Worker-14: Updating Maven Dependencies] INFO  o.e.m.c.i.e.AbstractTransferListenerAdapter - Downloaded https://repo.maven.apache.org/maven2/org/codehaus/plexus/plexus/1.0.11/plexus-1.0.11.pom
2025-09-29 11:44:27,981 [Worker-14: Updating Maven Dependencies] INFO  o.e.m.c.i.e.AbstractTransferListenerAdapter - Downloading https://repo.maven.apache.org/maven2/org/apache/maven/maven-core/2.0.9/maven-core-2.0.9.pom
2025-09-29 11:44:27,989 [Worker-14: Updating Maven Dependencies] INFO  o.e.m.c.i.e.AbstractTransferListenerAdapter - Downloaded https://repo.maven.apache.org/maven2/org/apache/maven/maven-core/2.0.9/maven-core-2.0.9.pom
2025-09-29 11:44:28,001 [Worker-14: Updating Maven Dependencies] INFO  o.e.m.c.i.e.AbstractTransferListenerAdapter - Downloading https://repo.maven.apache.org/maven2/org/apache/maven/maven-settings/2.0.9/maven-settings-2.0.9.pom
2025-09-29 11:44:28,010 [Worker-14: Updating Maven Dependencies] INFO  o.e.m.c.i.e.AbstractTransferListenerAdapter - Downloaded https://repo.maven.apache.org/maven2/org/apache/maven/maven-settings/2.0.9/maven-settings-2.0.9.pom
2025-09-29 11:44:28,020 [Worker-14: Updating Maven Dependencies] INFO  o.e.m.c.i.e.AbstractTransferListenerAdapter - Downloading https://repo.maven.apache.org/maven2/org/apache/maven/maven-model/2.0.9/maven-model-2.0.9.pom
2025-09-29 11:44:28,028 [Worker-14: Updating Maven Dependencies] INFO  o.e.m.c.i.e.AbstractTransferListenerAdapter - Downloaded https://repo.maven.apache.org/maven2/org/apache/maven/maven-model/2.0.9/maven-model-2.0.9.pom
2025-09-29 11:44:28,037 [Worker-14: Updating Maven Dependencies] INFO  o.e.m.c.i.e.AbstractTransferListenerAdapter - Downloading https://repo.maven.apache.org/maven2/org/apache/maven/maven-plugin-parameter-documenter/2.0.9/maven-plugin-parameter-documenter-2.0.9.pom
2025-09-29 11:44:28,047 [Worker-14: Updating Maven Dependencies] INFO  o.e.m.c.i.e.AbstractTransferListenerAdapter - Downloaded https://repo.maven.apache.org/maven2/org/apache/maven/maven-plugin-parameter-documenter/2.0.9/maven-plugin-parameter-documenter-2.0.9.pom
2025-09-29 11:44:28,063 [Worker-14: Updating Maven Dependencies] INFO  o.e.m.c.i.e.AbstractTransferListenerAdapter - Downloading https://repo.maven.apache.org/maven2/org/apache/maven/maven-profile/2.0.9/maven-profile-2.0.9.pom
2025-09-29 11:44:28,077 [Worker-14: Updating Maven Dependencies] INFO  o.e.m.c.i.e.AbstractTransferListenerAdapter - Downloaded https://repo.maven.apache.org/maven2/org/apache/maven/maven-profile/2.0.9/maven-profile-2.0.9.pom
2025-09-29 11:44:28,088 [Worker-14: Updating Maven Dependencies] INFO  o.e.m.c.i.e.AbstractTransferListenerAdapter - Downloading https://repo.maven.apache.org/maven2/org/apache/maven/maven-repository-metadata/2.0.9/maven-repository-metadata-2.0.9.pom
2025-09-29 11:44:28,097 [Worker-14: Updating Maven Dependencies] INFO  o.e.m.c.i.e.AbstractTransferListenerAdapter - Downloaded https://repo.maven.apache.org/maven2/org/apache/maven/maven-repository-metadata/2.0.9/maven-repository-metadata-2.0.9.pom
2025-09-29 11:44:28,120 [Worker-14: Updating Maven Dependencies] INFO  o.e.m.c.i.e.AbstractTransferListenerAdapter - Downloading https://repo.maven.apache.org/maven2/org/apache/maven/maven-error-diagnostics/2.0.9/maven-error-diagnostics-2.0.9.pom
2025-09-29 11:44:28,131 [Worker-14: Updating Maven Dependencies] INFO  o.e.m.c.i.e.AbstractTransferListenerAdapter - Downloaded https://repo.maven.apache.org/maven2/org/apache/maven/maven-error-diagnostics/2.0.9/maven-error-diagnostics-2.0.9.pom
2025-09-29 11:44:28,142 [Worker-14: Updating Maven Dependencies] INFO  o.e.m.c.i.e.AbstractTransferListenerAdapter - Downloading https://repo.maven.apache.org/maven2/org/apache/maven/maven-project/2.0.9/maven-project-2.0.9.pom
2025-09-29 11:44:28,151 [Worker-14: Updating Maven Dependencies] INFO  o.e.m.c.i.e.AbstractTransferListenerAdapter - Downloaded https://repo.maven.apache.org/maven2/org/apache/maven/maven-project/2.0.9/maven-project-2.0.9.pom
2025-09-29 11:44:28,160 [Worker-14: Updating Maven Dependencies] INFO  o.e.m.c.i.e.AbstractTransferListenerAdapter - Downloading https://repo.maven.apache.org/maven2/org/apache/maven/maven-artifact-manager/2.0.9/maven-artifact-manager-2.0.9.pom
2025-09-29 11:44:28,169 [Worker-14: Updating Maven Dependencies] INFO  o.e.m.c.i.e.AbstractTransferListenerAdapter - Downloaded https://repo.maven.apache.org/maven2/org/apache/maven/maven-artifact-manager/2.0.9/maven-artifact-manager-2.0.9.pom
2025-09-29 11:44:28,178 [Worker-14: Updating Maven Dependencies] INFO  o.e.m.c.i.e.AbstractTransferListenerAdapter - Downloading https://repo.maven.apache.org/maven2/org/apache/maven/maven-plugin-registry/2.0.9/maven-plugin-registry-2.0.9.pom
2025-09-29 11:44:28,186 [Worker-14: Updating Maven Dependencies] INFO  o.e.m.c.i.e.AbstractTransferListenerAdapter - Downloaded https://repo.maven.apache.org/maven2/org/apache/maven/maven-plugin-registry/2.0.9/maven-plugin-registry-2.0.9.pom
2025-09-29 11:44:28,194 [Worker-14: Updating Maven Dependencies] INFO  o.e.m.c.i.e.AbstractTransferListenerAdapter - Downloading https://repo.maven.apache.org/maven2/org/apache/maven/maven-plugin-descriptor/2.0.9/maven-plugin-descriptor-2.0.9.pom
2025-09-29 11:44:28,203 [Worker-14: Updating Maven Dependencies] INFO  o.e.m.c.i.e.AbstractTransferListenerAdapter - Downloaded https://repo.maven.apache.org/maven2/org/apache/maven/maven-plugin-descriptor/2.0.9/maven-plugin-descriptor-2.0.9.pom
2025-09-29 11:44:28,215 [Worker-14: Updating Maven Dependencies] INFO  o.e.m.c.i.e.AbstractTransferListenerAdapter - Downloading https://repo.maven.apache.org/maven2/org/apache/maven/maven-monitor/2.0.9/maven-monitor-2.0.9.pom
2025-09-29 11:44:28,224 [Worker-14: Updating Maven Dependencies] INFO  o.e.m.c.i.e.AbstractTransferListenerAdapter - Downloaded https://repo.maven.apache.org/maven2/org/apache/maven/maven-monitor/2.0.9/maven-monitor-2.0.9.pom
2025-09-29 11:44:28,234 [Worker-14: Updating Maven Dependencies] INFO  o.e.m.c.i.e.AbstractTransferListenerAdapter - Downloading https://repo.maven.apache.org/maven2/org/apache/maven/maven-toolchain/1.0/maven-toolchain-1.0.pom
2025-09-29 11:44:28,253 [Worker-14: Updating Maven Dependencies] INFO  o.e.m.c.i.e.AbstractTransferListenerAdapter - Downloaded https://repo.maven.apache.org/maven2/org/apache/maven/maven-toolchain/1.0/maven-toolchain-1.0.pom
2025-09-29 11:44:28,265 [Worker-14: Updating Maven Dependencies] INFO  o.e.m.c.i.e.AbstractTransferListenerAdapter - Downloading https://repo.maven.apache.org/maven2/org/apache/maven/maven/2.0.6/maven-2.0.6.pom
2025-09-29 11:44:28,274 [Worker-14: Updating Maven Dependencies] INFO  o.e.m.c.i.e.AbstractTransferListenerAdapter - Downloaded https://repo.maven.apache.org/maven2/org/apache/maven/maven/2.0.6/maven-2.0.6.pom
2025-09-29 11:44:28,369 [Worker-14: Updating Maven Dependencies] INFO  o.e.m.c.i.e.AbstractTransferListenerAdapter - Downloading https://repo.maven.apache.org/maven2/org/apache/maven/maven-parent/5/maven-parent-5.pom
2025-09-29 11:44:28,377 [Worker-14: Updating Maven Dependencies] INFO  o.e.m.c.i.e.AbstractTransferListenerAdapter - Downloaded https://repo.maven.apache.org/maven2/org/apache/maven/maven-parent/5/maven-parent-5.pom
2025-09-29 11:44:28,384 [Worker-14: Updating Maven Dependencies] INFO  o.e.m.c.i.e.AbstractTransferListenerAdapter - Downloading https://repo.maven.apache.org/maven2/org/apache/apache/3/apache-3.pom
2025-09-29 11:44:28,393 [Worker-14: Updating Maven Dependencies] INFO  o.e.m.c.i.e.AbstractTransferListenerAdapter - Downloaded https://repo.maven.apache.org/maven2/org/apache/apache/3/apache-3.pom
2025-09-29 11:44:28,401 [Worker-14: Updating Maven Dependencies] INFO  o.e.m.c.i.e.AbstractTransferListenerAdapter - Downloading https://repo.maven.apache.org/maven2/org/apache/maven/maven-core/2.0.6/maven-core-2.0.6.pom
2025-09-29 11:44:28,408 [Worker-14: Updating Maven Dependencies] INFO  o.e.m.c.i.e.AbstractTransferListenerAdapter - Downloaded https://repo.maven.apache.org/maven2/org/apache/maven/maven-core/2.0.6/maven-core-2.0.6.pom
2025-09-29 11:44:28,416 [Worker-14: Updating Maven Dependencies] INFO  o.e.m.c.i.e.AbstractTransferListenerAdapter - Downloading https://repo.maven.apache.org/maven2/org/apache/maven/maven-settings/2.0.6/maven-settings-2.0.6.pom
2025-09-29 11:44:28,424 [Worker-14: Updating Maven Dependencies] INFO  o.e.m.c.i.e.AbstractTransferListenerAdapter - Downloaded https://repo.maven.apache.org/maven2/org/apache/maven/maven-settings/2.0.6/maven-settings-2.0.6.pom
2025-09-29 11:44:28,432 [Worker-14: Updating Maven Dependencies] INFO  o.e.m.c.i.e.AbstractTransferListenerAdapter - Downloading https://repo.maven.apache.org/maven2/org/apache/maven/maven-model/2.0.6/maven-model-2.0.6.pom
2025-09-29 11:44:28,441 [Worker-14: Updating Maven Dependencies] INFO  o.e.m.c.i.e.AbstractTransferListenerAdapter - Downloaded https://repo.maven.apache.org/maven2/org/apache/maven/maven-model/2.0.6/maven-model-2.0.6.pom
2025-09-29 11:44:28,448 [Worker-14: Updating Maven Dependencies] INFO  o.e.m.c.i.e.AbstractTransferListenerAdapter - Downloading https://repo.maven.apache.org/maven2/org/codehaus/plexus/plexus-utils/1.4.1/plexus-utils-1.4.1.pom
2025-09-29 11:44:28,455 [Worker-14: Updating Maven Dependencies] INFO  o.e.m.c.i.e.AbstractTransferListenerAdapter - Downloaded https://repo.maven.apache.org/maven2/org/codehaus/plexus/plexus-utils/1.4.1/plexus-utils-1.4.1.pom
2025-09-29 11:44:28,463 [Worker-14: Updating Maven Dependencies] INFO  o.e.m.c.i.e.AbstractTransferListenerAdapter - Downloading https://repo.maven.apache.org/maven2/org/codehaus/plexus/plexus-container-default/1.0-alpha-9-stable-1/plexus-container-default-1.0-alpha-9-stable-1.pom
2025-09-29 11:44:28,474 [Worker-14: Updating Maven Dependencies] INFO  o.e.m.c.i.e.AbstractTransferListenerAdapter - Downloaded https://repo.maven.apache.org/maven2/org/codehaus/plexus/plexus-container-default/1.0-alpha-9-stable-1/plexus-container-default-1.0-alpha-9-stable-1.pom
2025-09-29 11:44:28,483 [Worker-14: Updating Maven Dependencies] INFO  o.e.m.c.i.e.AbstractTransferListenerAdapter - Downloading https://repo.maven.apache.org/maven2/org/codehaus/plexus/plexus-containers/1.0.3/plexus-containers-1.0.3.pom
2025-09-29 11:44:28,495 [Worker-14: Updating Maven Dependencies] INFO  o.e.m.c.i.e.AbstractTransferListenerAdapter - Downloaded https://repo.maven.apache.org/maven2/org/codehaus/plexus/plexus-containers/1.0.3/plexus-containers-1.0.3.pom
2025-09-29 11:44:28,503 [Worker-14: Updating Maven Dependencies] INFO  o.e.m.c.i.e.AbstractTransferListenerAdapter - Downloading https://repo.maven.apache.org/maven2/org/codehaus/plexus/plexus/1.0.4/plexus-1.0.4.pom
2025-09-29 11:44:28,514 [Worker-14: Updating Maven Dependencies] INFO  o.e.m.c.i.e.AbstractTransferListenerAdapter - Downloaded https://repo.maven.apache.org/maven2/org/codehaus/plexus/plexus/1.0.4/plexus-1.0.4.pom
2025-09-29 11:44:28,523 [Worker-14: Updating Maven Dependencies] INFO  o.e.m.c.i.e.AbstractTransferListenerAdapter - Downloading https://repo.maven.apache.org/maven2/junit/junit/3.8.1/junit-3.8.1.pom
2025-09-29 11:44:28,542 [Worker-14: Updating Maven Dependencies] INFO  o.e.m.c.i.e.AbstractTransferListenerAdapter - Downloaded https://repo.maven.apache.org/maven2/junit/junit/3.8.1/junit-3.8.1.pom
2025-09-29 11:44:28,550 [Worker-14: Updating Maven Dependencies] INFO  o.e.m.c.i.e.AbstractTransferListenerAdapter - Downloading https://repo.maven.apache.org/maven2/org/codehaus/plexus/plexus-utils/1.0.4/plexus-utils-1.0.4.pom
2025-09-29 11:44:28,558 [Worker-14: Updating Maven Dependencies] INFO  o.e.m.c.i.e.AbstractTransferListenerAdapter - Downloaded https://repo.maven.apache.org/maven2/org/codehaus/plexus/plexus-utils/1.0.4/plexus-utils-1.0.4.pom
2025-09-29 11:44:28,566 [Worker-14: Updating Maven Dependencies] INFO  o.e.m.c.i.e.AbstractTransferListenerAdapter - Downloading https://repo.maven.apache.org/maven2/classworlds/classworlds/1.1-alpha-2/classworlds-1.1-alpha-2.pom
2025-09-29 11:44:28,574 [Worker-14: Updating Maven Dependencies] INFO  o.e.m.c.i.e.AbstractTransferListenerAdapter - Downloaded https://repo.maven.apache.org/maven2/classworlds/classworlds/1.1-alpha-2/classworlds-1.1-alpha-2.pom
2025-09-29 11:44:28,581 [Worker-14: Updating Maven Dependencies] INFO  o.e.m.c.i.e.AbstractTransferListenerAdapter - Downloading https://repo.maven.apache.org/maven2/org/apache/maven/maven-plugin-parameter-documenter/2.0.6/maven-plugin-parameter-documenter-2.0.6.pom
2025-09-29 11:44:28,588 [Worker-14: Updating Maven Dependencies] INFO  o.e.m.c.i.e.AbstractTransferListenerAdapter - Downloaded https://repo.maven.apache.org/maven2/org/apache/maven/maven-plugin-parameter-documenter/2.0.6/maven-plugin-parameter-documenter-2.0.6.pom
2025-09-29 11:44:28,597 [Worker-14: Updating Maven Dependencies] INFO  o.e.m.c.i.e.AbstractTransferListenerAdapter - Downloading https://repo.maven.apache.org/maven2/org/apache/maven/reporting/maven-reporting-api/2.0.6/maven-reporting-api-2.0.6.pom
2025-09-29 11:44:28,605 [Worker-14: Updating Maven Dependencies] INFO  o.e.m.c.i.e.AbstractTransferListenerAdapter - Downloaded https://repo.maven.apache.org/maven2/org/apache/maven/reporting/maven-reporting-api/2.0.6/maven-reporting-api-2.0.6.pom
2025-09-29 11:44:28,613 [Worker-14: Updating Maven Dependencies] INFO  o.e.m.c.i.e.AbstractTransferListenerAdapter - Downloading https://repo.maven.apache.org/maven2/org/apache/maven/reporting/maven-reporting/2.0.6/maven-reporting-2.0.6.pom
2025-09-29 11:44:28,620 [Worker-14: Updating Maven Dependencies] INFO  o.e.m.c.i.e.AbstractTransferListenerAdapter - Downloaded https://repo.maven.apache.org/maven2/org/apache/maven/reporting/maven-reporting/2.0.6/maven-reporting-2.0.6.pom
2025-09-29 11:44:28,628 [Worker-14: Updating Maven Dependencies] INFO  o.e.m.c.i.e.AbstractTransferListenerAdapter - Downloading https://repo.maven.apache.org/maven2/org/apache/maven/doxia/doxia-sink-api/1.0-alpha-7/doxia-sink-api-1.0-alpha-7.pom
2025-09-29 11:44:28,635 [Worker-14: Updating Maven Dependencies] INFO  o.e.m.c.i.e.AbstractTransferListenerAdapter - Downloaded https://repo.maven.apache.org/maven2/org/apache/maven/doxia/doxia-sink-api/1.0-alpha-7/doxia-sink-api-1.0-alpha-7.pom
2025-09-29 11:44:28,648 [Worker-14: Updating Maven Dependencies] INFO  o.e.m.c.i.e.AbstractTransferListenerAdapter - Downloading https://repo.maven.apache.org/maven2/org/apache/maven/doxia/doxia/1.0-alpha-7/doxia-1.0-alpha-7.pom
2025-09-29 11:44:28,659 [Worker-14: Updating Maven Dependencies] INFO  o.e.m.c.i.e.AbstractTransferListenerAdapter - Downloaded https://repo.maven.apache.org/maven2/org/apache/maven/doxia/doxia/1.0-alpha-7/doxia-1.0-alpha-7.pom
2025-09-29 11:44:28,667 [Worker-14: Updating Maven Dependencies] INFO  o.e.m.c.i.e.AbstractTransferListenerAdapter - Downloading https://repo.maven.apache.org/maven2/org/apache/maven/maven-profile/2.0.6/maven-profile-2.0.6.pom
2025-09-29 11:44:28,675 [Worker-14: Updating Maven Dependencies] INFO  o.e.m.c.i.e.AbstractTransferListenerAdapter - Downloaded https://repo.maven.apache.org/maven2/org/apache/maven/maven-profile/2.0.6/maven-profile-2.0.6.pom
2025-09-29 11:44:28,682 [Worker-14: Updating Maven Dependencies] INFO  o.e.m.c.i.e.AbstractTransferListenerAdapter - Downloading https://repo.maven.apache.org/maven2/org/apache/maven/maven-artifact/2.0.6/maven-artifact-2.0.6.pom
2025-09-29 11:44:28,689 [Worker-14: Updating Maven Dependencies] INFO  o.e.m.c.i.e.AbstractTransferListenerAdapter - Downloaded https://repo.maven.apache.org/maven2/org/apache/maven/maven-artifact/2.0.6/maven-artifact-2.0.6.pom
2025-09-29 11:44:28,699 [Worker-14: Updating Maven Dependencies] INFO  o.e.m.c.i.e.AbstractTransferListenerAdapter - Downloading https://repo.maven.apache.org/maven2/org/apache/maven/maven-repository-metadata/2.0.6/maven-repository-metadata-2.0.6.pom
2025-09-29 11:44:28,707 [Worker-14: Updating Maven Dependencies] INFO  o.e.m.c.i.e.AbstractTransferListenerAdapter - Downloaded https://repo.maven.apache.org/maven2/org/apache/maven/maven-repository-metadata/2.0.6/maven-repository-metadata-2.0.6.pom
2025-09-29 11:44:28,724 [Worker-14: Updating Maven Dependencies] INFO  o.e.m.c.i.e.AbstractTransferListenerAdapter - Downloading https://repo.maven.apache.org/maven2/org/apache/maven/maven-error-diagnostics/2.0.6/maven-error-diagnostics-2.0.6.pom
2025-09-29 11:44:28,731 [Worker-14: Updating Maven Dependencies] INFO  o.e.m.c.i.e.AbstractTransferListenerAdapter - Downloaded https://repo.maven.apache.org/maven2/org/apache/maven/maven-error-diagnostics/2.0.6/maven-error-diagnostics-2.0.6.pom
2025-09-29 11:44:28,740 [Worker-14: Updating Maven Dependencies] INFO  o.e.m.c.i.e.AbstractTransferListenerAdapter - Downloading https://repo.maven.apache.org/maven2/org/apache/maven/maven-project/2.0.6/maven-project-2.0.6.pom
2025-09-29 11:44:28,756 [Worker-14: Updating Maven Dependencies] INFO  o.e.m.c.i.e.AbstractTransferListenerAdapter - Downloaded https://repo.maven.apache.org/maven2/org/apache/maven/maven-project/2.0.6/maven-project-2.0.6.pom
2025-09-29 11:44:28,763 [Worker-14: Updating Maven Dependencies] INFO  o.e.m.c.i.e.AbstractTransferListenerAdapter - Downloading https://repo.maven.apache.org/maven2/org/apache/maven/maven-artifact-manager/2.0.6/maven-artifact-manager-2.0.6.pom
2025-09-29 11:44:28,769 [Worker-14: Updating Maven Dependencies] INFO  o.e.m.c.i.e.AbstractTransferListenerAdapter - Downloaded https://repo.maven.apache.org/maven2/org/apache/maven/maven-artifact-manager/2.0.6/maven-artifact-manager-2.0.6.pom
2025-09-29 11:44:28,778 [Worker-14: Updating Maven Dependencies] INFO  o.e.m.c.i.e.AbstractTransferListenerAdapter - Downloading https://repo.maven.apache.org/maven2/org/apache/maven/maven-plugin-registry/2.0.6/maven-plugin-registry-2.0.6.pom
2025-09-29 11:44:28,785 [Worker-14: Updating Maven Dependencies] INFO  o.e.m.c.i.e.AbstractTransferListenerAdapter - Downloaded https://repo.maven.apache.org/maven2/org/apache/maven/maven-plugin-registry/2.0.6/maven-plugin-registry-2.0.6.pom
2025-09-29 11:44:28,794 [Worker-14: Updating Maven Dependencies] INFO  o.e.m.c.i.e.AbstractTransferListenerAdapter - Downloading https://repo.maven.apache.org/maven2/commons-cli/commons-cli/1.0/commons-cli-1.0.pom
2025-09-29 11:44:28,802 [Worker-14: Updating Maven Dependencies] INFO  o.e.m.c.i.e.AbstractTransferListenerAdapter - Downloaded https://repo.maven.apache.org/maven2/commons-cli/commons-cli/1.0/commons-cli-1.0.pom
2025-09-29 11:44:28,808 [Worker-14: Updating Maven Dependencies] INFO  o.e.m.c.i.e.AbstractTransferListenerAdapter - Downloading https://repo.maven.apache.org/maven2/org/apache/maven/maven-plugin-api/2.0.6/maven-plugin-api-2.0.6.pom
2025-09-29 11:44:28,816 [Worker-14: Updating Maven Dependencies] INFO  o.e.m.c.i.e.AbstractTransferListenerAdapter - Downloaded https://repo.maven.apache.org/maven2/org/apache/maven/maven-plugin-api/2.0.6/maven-plugin-api-2.0.6.pom
2025-09-29 11:44:28,823 [Worker-14: Updating Maven Dependencies] INFO  o.e.m.c.i.e.AbstractTransferListenerAdapter - Downloading https://repo.maven.apache.org/maven2/org/apache/maven/maven-plugin-descriptor/2.0.6/maven-plugin-descriptor-2.0.6.pom
2025-09-29 11:44:28,830 [Worker-14: Updating Maven Dependencies] INFO  o.e.m.c.i.e.AbstractTransferListenerAdapter - Downloaded https://repo.maven.apache.org/maven2/org/apache/maven/maven-plugin-descriptor/2.0.6/maven-plugin-descriptor-2.0.6.pom
2025-09-29 11:44:28,841 [Worker-14: Updating Maven Dependencies] INFO  o.e.m.c.i.e.AbstractTransferListenerAdapter - Downloading https://repo.maven.apache.org/maven2/org/codehaus/plexus/plexus-interactivity-api/1.0-alpha-4/plexus-interactivity-api-1.0-alpha-4.pom
2025-09-29 11:44:28,848 [Worker-14: Updating Maven Dependencies] INFO  o.e.m.c.i.e.AbstractTransferListenerAdapter - Downloaded https://repo.maven.apache.org/maven2/org/codehaus/plexus/plexus-interactivity-api/1.0-alpha-4/plexus-interactivity-api-1.0-alpha-4.pom
2025-09-29 11:44:28,855 [Worker-14: Updating Maven Dependencies] INFO  o.e.m.c.i.e.AbstractTransferListenerAdapter - Downloading https://repo.maven.apache.org/maven2/org/apache/maven/maven-monitor/2.0.6/maven-monitor-2.0.6.pom
2025-09-29 11:44:28,862 [Worker-14: Updating Maven Dependencies] INFO  o.e.m.c.i.e.AbstractTransferListenerAdapter - Downloaded https://repo.maven.apache.org/maven2/org/apache/maven/maven-monitor/2.0.6/maven-monitor-2.0.6.pom
2025-09-29 11:44:28,875 [Worker-14: Updating Maven Dependencies] INFO  o.e.m.c.i.e.AbstractTransferListenerAdapter - Downloading https://repo.maven.apache.org/maven2/classworlds/classworlds/1.1/classworlds-1.1.pom
2025-09-29 11:44:28,883 [Worker-14: Updating Maven Dependencies] INFO  o.e.m.c.i.e.AbstractTransferListenerAdapter - Downloaded https://repo.maven.apache.org/maven2/classworlds/classworlds/1.1/classworlds-1.1.pom
2025-09-29 11:44:28,890 [Worker-14: Updating Maven Dependencies] INFO  o.e.m.c.i.e.AbstractTransferListenerAdapter - Downloading https://repo.maven.apache.org/maven2/org/codehaus/plexus/plexus-utils/3.0/plexus-utils-3.0.pom
2025-09-29 11:44:28,898 [Worker-14: Updating Maven Dependencies] INFO  o.e.m.c.i.e.AbstractTransferListenerAdapter - Downloaded https://repo.maven.apache.org/maven2/org/codehaus/plexus/plexus-utils/3.0/plexus-utils-3.0.pom
2025-09-29 11:44:28,904 [Worker-14: Updating Maven Dependencies] INFO  o.e.m.c.i.e.AbstractTransferListenerAdapter - Downloading https://repo.maven.apache.org/maven2/org/sonatype/spice/spice-parent/16/spice-parent-16.pom
2025-09-29 11:44:28,911 [Worker-14: Updating Maven Dependencies] INFO  o.e.m.c.i.e.AbstractTransferListenerAdapter - Downloaded https://repo.maven.apache.org/maven2/org/sonatype/spice/spice-parent/16/spice-parent-16.pom
2025-09-29 11:44:28,971 [Worker-14: Updating Maven Dependencies] INFO  o.e.m.c.i.e.AbstractTransferListenerAdapter - Downloading https://repo.maven.apache.org/maven2/org/codehaus/plexus/plexus-compiler-api/1.9.1/plexus-compiler-api-1.9.1.pom
2025-09-29 11:44:28,979 [Worker-14: Updating Maven Dependencies] INFO  o.e.m.c.i.e.AbstractTransferListenerAdapter - Downloaded https://repo.maven.apache.org/maven2/org/codehaus/plexus/plexus-compiler-api/1.9.1/plexus-compiler-api-1.9.1.pom
2025-09-29 11:44:28,989 [Worker-14: Updating Maven Dependencies] INFO  o.e.m.c.i.e.AbstractTransferListenerAdapter - Downloading https://repo.maven.apache.org/maven2/org/codehaus/plexus/plexus-compiler/1.9.1/plexus-compiler-1.9.1.pom
2025-09-29 11:44:28,996 [Worker-14: Updating Maven Dependencies] INFO  o.e.m.c.i.e.AbstractTransferListenerAdapter - Downloaded https://repo.maven.apache.org/maven2/org/codehaus/plexus/plexus-compiler/1.9.1/plexus-compiler-1.9.1.pom
2025-09-29 11:44:29,006 [Worker-14: Updating Maven Dependencies] INFO  o.e.m.c.i.e.AbstractTransferListenerAdapter - Downloading https://repo.maven.apache.org/maven2/org/codehaus/plexus/plexus-components/1.1.20/plexus-components-1.1.20.pom
2025-09-29 11:44:29,012 [Worker-14: Updating Maven Dependencies] INFO  o.e.m.c.i.e.AbstractTransferListenerAdapter - Downloaded https://repo.maven.apache.org/maven2/org/codehaus/plexus/plexus-components/1.1.20/plexus-components-1.1.20.pom
2025-09-29 11:44:29,018 [Worker-14: Updating Maven Dependencies] INFO  o.e.m.c.i.e.AbstractTransferListenerAdapter - Downloading https://repo.maven.apache.org/maven2/org/codehaus/plexus/plexus/3.1/plexus-3.1.pom
2025-09-29 11:44:29,024 [Worker-14: Updating Maven Dependencies] INFO  o.e.m.c.i.e.AbstractTransferListenerAdapter - Downloaded https://repo.maven.apache.org/maven2/org/codehaus/plexus/plexus/3.1/plexus-3.1.pom
2025-09-29 11:44:29,043 [Worker-14: Updating Maven Dependencies] INFO  o.e.m.c.i.e.AbstractTransferListenerAdapter - Downloading https://repo.maven.apache.org/maven2/org/codehaus/plexus/plexus-compiler-manager/1.9.1/plexus-compiler-manager-1.9.1.pom
2025-09-29 11:44:29,050 [Worker-14: Updating Maven Dependencies] INFO  o.e.m.c.i.e.AbstractTransferListenerAdapter - Downloaded https://repo.maven.apache.org/maven2/org/codehaus/plexus/plexus-compiler-manager/1.9.1/plexus-compiler-manager-1.9.1.pom
2025-09-29 11:44:29,057 [Worker-14: Updating Maven Dependencies] INFO  o.e.m.c.i.e.AbstractTransferListenerAdapter - Downloading https://repo.maven.apache.org/maven2/org/codehaus/plexus/plexus-compiler-javac/1.9.1/plexus-compiler-javac-1.9.1.pom
2025-09-29 11:44:29,064 [Worker-14: Updating Maven Dependencies] INFO  o.e.m.c.i.e.AbstractTransferListenerAdapter - Downloaded https://repo.maven.apache.org/maven2/org/codehaus/plexus/plexus-compiler-javac/1.9.1/plexus-compiler-javac-1.9.1.pom
2025-09-29 11:44:29,071 [Worker-14: Updating Maven Dependencies] INFO  o.e.m.c.i.e.AbstractTransferListenerAdapter - Downloading https://repo.maven.apache.org/maven2/org/codehaus/plexus/plexus-compilers/1.9.1/plexus-compilers-1.9.1.pom
2025-09-29 11:44:29,078 [Worker-14: Updating Maven Dependencies] INFO  o.e.m.c.i.e.AbstractTransferListenerAdapter - Downloaded https://repo.maven.apache.org/maven2/org/codehaus/plexus/plexus-compilers/1.9.1/plexus-compilers-1.9.1.pom
2025-09-29 11:44:29,104 [AetherRepositoryConnector-repo.maven.apache.org-0-3] INFO  o.e.m.c.i.e.AbstractTransferListenerAdapter - Downloading https://repo.maven.apache.org/maven2/org/apache/maven/maven-settings/2.0.9/maven-settings-2.0.9.jar
2025-09-29 11:44:29,107 [AetherRepositoryConnector-repo.maven.apache.org-0-0] INFO  o.e.m.c.i.e.AbstractTransferListenerAdapter - Downloading https://repo.maven.apache.org/maven2/org/apache/maven/maven-plugin-api/2.0.9/maven-plugin-api-2.0.9.jar
2025-09-29 11:44:29,108 [AetherRepositoryConnector-repo.maven.apache.org-0-4] INFO  o.e.m.c.i.e.AbstractTransferListenerAdapter - Downloading https://repo.maven.apache.org/maven2/org/apache/maven/maven-plugin-parameter-documenter/2.0.9/maven-plugin-parameter-documenter-2.0.9.jar
2025-09-29 11:44:29,108 [AetherRepositoryConnector-repo.maven.apache.org-0-1] INFO  o.e.m.c.i.e.AbstractTransferListenerAdapter - Downloading https://repo.maven.apache.org/maven2/org/apache/maven/maven-artifact/2.0.9/maven-artifact-2.0.9.jar
2025-09-29 11:44:29,109 [AetherRepositoryConnector-repo.maven.apache.org-0-2] INFO  o.e.m.c.i.e.AbstractTransferListenerAdapter - Downloading https://repo.maven.apache.org/maven2/org/apache/maven/maven-core/2.0.9/maven-core-2.0.9.jar
2025-09-29 11:44:29,125 [AetherRepositoryConnector-repo.maven.apache.org-0-3] INFO  o.e.m.c.i.e.AbstractTransferListenerAdapter - Downloaded https://repo.maven.apache.org/maven2/org/apache/maven/maven-settings/2.0.9/maven-settings-2.0.9.jar
2025-09-29 11:44:29,125 [AetherRepositoryConnector-repo.maven.apache.org-0-1] INFO  o.e.m.c.i.e.AbstractTransferListenerAdapter - Downloaded https://repo.maven.apache.org/maven2/org/apache/maven/maven-artifact/2.0.9/maven-artifact-2.0.9.jar
2025-09-29 11:44:29,125 [AetherRepositoryConnector-repo.maven.apache.org-0-0] INFO  o.e.m.c.i.e.AbstractTransferListenerAdapter - Downloaded https://repo.maven.apache.org/maven2/org/apache/maven/maven-plugin-api/2.0.9/maven-plugin-api-2.0.9.jar
2025-09-29 11:44:29,125 [AetherRepositoryConnector-repo.maven.apache.org-0-4] INFO  o.e.m.c.i.e.AbstractTransferListenerAdapter - Downloaded https://repo.maven.apache.org/maven2/org/apache/maven/maven-plugin-parameter-documenter/2.0.9/maven-plugin-parameter-documenter-2.0.9.jar
2025-09-29 11:44:29,130 [AetherRepositoryConnector-repo.maven.apache.org-0-2] INFO  o.e.m.c.i.e.AbstractTransferListenerAdapter - Downloaded https://repo.maven.apache.org/maven2/org/apache/maven/maven-core/2.0.9/maven-core-2.0.9.jar
2025-09-29 11:44:29,133 [AetherRepositoryConnector-repo.maven.apache.org-0-4] INFO  o.e.m.c.i.e.AbstractTransferListenerAdapter - Downloading https://repo.maven.apache.org/maven2/org/apache/maven/maven-error-diagnostics/2.0.9/maven-error-diagnostics-2.0.9.jar
2025-09-29 11:44:29,133 [AetherRepositoryConnector-repo.maven.apache.org-0-3] INFO  o.e.m.c.i.e.AbstractTransferListenerAdapter - Downloading https://repo.maven.apache.org/maven2/org/apache/maven/maven-profile/2.0.9/maven-profile-2.0.9.jar
2025-09-29 11:44:29,133 [AetherRepositoryConnector-repo.maven.apache.org-0-0] INFO  o.e.m.c.i.e.AbstractTransferListenerAdapter - Downloading https://repo.maven.apache.org/maven2/org/apache/maven/maven-repository-metadata/2.0.9/maven-repository-metadata-2.0.9.jar
2025-09-29 11:44:29,133 [AetherRepositoryConnector-repo.maven.apache.org-0-1] INFO  o.e.m.c.i.e.AbstractTransferListenerAdapter - Downloading https://repo.maven.apache.org/maven2/org/apache/maven/maven-model/2.0.9/maven-model-2.0.9.jar
2025-09-29 11:44:29,139 [AetherRepositoryConnector-repo.maven.apache.org-0-2] INFO  o.e.m.c.i.e.AbstractTransferListenerAdapter - Downloading https://repo.maven.apache.org/maven2/org/apache/maven/maven-project/2.0.9/maven-project-2.0.9.jar
2025-09-29 11:44:29,141 [AetherRepositoryConnector-repo.maven.apache.org-0-4] INFO  o.e.m.c.i.e.AbstractTransferListenerAdapter - Downloaded https://repo.maven.apache.org/maven2/org/apache/maven/maven-error-diagnostics/2.0.9/maven-error-diagnostics-2.0.9.jar
2025-09-29 11:44:29,146 [AetherRepositoryConnector-repo.maven.apache.org-0-3] INFO  o.e.m.c.i.e.AbstractTransferListenerAdapter - Downloaded https://repo.maven.apache.org/maven2/org/apache/maven/maven-profile/2.0.9/maven-profile-2.0.9.jar
2025-09-29 11:44:29,146 [AetherRepositoryConnector-repo.maven.apache.org-0-1] INFO  o.e.m.c.i.e.AbstractTransferListenerAdapter - Downloaded https://repo.maven.apache.org/maven2/org/apache/maven/maven-model/2.0.9/maven-model-2.0.9.jar
2025-09-29 11:44:29,147 [AetherRepositoryConnector-repo.maven.apache.org-0-0] INFO  o.e.m.c.i.e.AbstractTransferListenerAdapter - Downloaded https://repo.maven.apache.org/maven2/org/apache/maven/maven-repository-metadata/2.0.9/maven-repository-metadata-2.0.9.jar
2025-09-29 11:44:29,156 [AetherRepositoryConnector-repo.maven.apache.org-0-4] INFO  o.e.m.c.i.e.AbstractTransferListenerAdapter - Downloading https://repo.maven.apache.org/maven2/org/apache/maven/maven-plugin-registry/2.0.9/maven-plugin-registry-2.0.9.jar
2025-09-29 11:44:29,158 [AetherRepositoryConnector-repo.maven.apache.org-0-2] INFO  o.e.m.c.i.e.AbstractTransferListenerAdapter - Downloaded https://repo.maven.apache.org/maven2/org/apache/maven/maven-project/2.0.9/maven-project-2.0.9.jar
2025-09-29 11:44:29,160 [AetherRepositoryConnector-repo.maven.apache.org-0-1] INFO  o.e.m.c.i.e.AbstractTransferListenerAdapter - Downloading https://repo.maven.apache.org/maven2/org/apache/maven/maven-plugin-descriptor/2.0.9/maven-plugin-descriptor-2.0.9.jar
2025-09-29 11:44:29,160 [AetherRepositoryConnector-repo.maven.apache.org-0-0] INFO  o.e.m.c.i.e.AbstractTransferListenerAdapter - Downloading https://repo.maven.apache.org/maven2/org/apache/maven/maven-monitor/2.0.9/maven-monitor-2.0.9.jar
2025-09-29 11:44:29,160 [AetherRepositoryConnector-repo.maven.apache.org-0-3] INFO  o.e.m.c.i.e.AbstractTransferListenerAdapter - Downloading https://repo.maven.apache.org/maven2/org/apache/maven/maven-artifact-manager/2.0.9/maven-artifact-manager-2.0.9.jar
2025-09-29 11:44:29,172 [AetherRepositoryConnector-repo.maven.apache.org-0-2] INFO  o.e.m.c.i.e.AbstractTransferListenerAdapter - Downloading https://repo.maven.apache.org/maven2/org/apache/maven/maven-toolchain/1.0/maven-toolchain-1.0.jar
2025-09-29 11:44:29,174 [AetherRepositoryConnector-repo.maven.apache.org-0-4] INFO  o.e.m.c.i.e.AbstractTransferListenerAdapter - Downloaded https://repo.maven.apache.org/maven2/org/apache/maven/maven-plugin-registry/2.0.9/maven-plugin-registry-2.0.9.jar
2025-09-29 11:44:29,177 [AetherRepositoryConnector-repo.maven.apache.org-0-1] INFO  o.e.m.c.i.e.AbstractTransferListenerAdapter - Downloaded https://repo.maven.apache.org/maven2/org/apache/maven/maven-plugin-descriptor/2.0.9/maven-plugin-descriptor-2.0.9.jar
2025-09-29 11:44:29,179 [AetherRepositoryConnector-repo.maven.apache.org-0-0] INFO  o.e.m.c.i.e.AbstractTransferListenerAdapter - Downloaded https://repo.maven.apache.org/maven2/org/apache/maven/maven-monitor/2.0.9/maven-monitor-2.0.9.jar
2025-09-29 11:44:29,187 [AetherRepositoryConnector-repo.maven.apache.org-0-4] INFO  o.e.m.c.i.e.AbstractTransferListenerAdapter - Downloading https://repo.maven.apache.org/maven2/org/codehaus/plexus/plexus-utils/3.0/plexus-utils-3.0.jar
2025-09-29 11:44:29,189 [AetherRepositoryConnector-repo.maven.apache.org-0-3] INFO  o.e.m.c.i.e.AbstractTransferListenerAdapter - Downloaded https://repo.maven.apache.org/maven2/org/apache/maven/maven-artifact-manager/2.0.9/maven-artifact-manager-2.0.9.jar
2025-09-29 11:44:29,189 [AetherRepositoryConnector-repo.maven.apache.org-0-2] INFO  o.e.m.c.i.e.AbstractTransferListenerAdapter - Downloaded https://repo.maven.apache.org/maven2/org/apache/maven/maven-toolchain/1.0/maven-toolchain-1.0.jar
2025-09-29 11:44:29,206 [AetherRepositoryConnector-repo.maven.apache.org-0-0] INFO  o.e.m.c.i.e.AbstractTransferListenerAdapter - Downloading https://repo.maven.apache.org/maven2/org/codehaus/plexus/plexus-compiler-manager/1.9.1/plexus-compiler-manager-1.9.1.jar
2025-09-29 11:44:29,207 [AetherRepositoryConnector-repo.maven.apache.org-0-1] INFO  o.e.m.c.i.e.AbstractTransferListenerAdapter - Downloading https://repo.maven.apache.org/maven2/org/codehaus/plexus/plexus-compiler-api/1.9.1/plexus-compiler-api-1.9.1.jar
2025-09-29 11:44:29,207 [AetherRepositoryConnector-repo.maven.apache.org-0-2] INFO  o.e.m.c.i.e.AbstractTransferListenerAdapter - Downloading https://repo.maven.apache.org/maven2/org/codehaus/plexus/plexus-container-default/1.0-alpha-9-stable-1/plexus-container-default-1.0-alpha-9-stable-1.jar
2025-09-29 11:44:29,212 [AetherRepositoryConnector-repo.maven.apache.org-0-3] INFO  o.e.m.c.i.e.AbstractTransferListenerAdapter - Downloading https://repo.maven.apache.org/maven2/org/codehaus/plexus/plexus-compiler-javac/1.9.1/plexus-compiler-javac-1.9.1.jar
2025-09-29 11:44:29,213 [AetherRepositoryConnector-repo.maven.apache.org-0-0] INFO  o.e.m.c.i.e.AbstractTransferListenerAdapter - Downloaded https://repo.maven.apache.org/maven2/org/codehaus/plexus/plexus-compiler-manager/1.9.1/plexus-compiler-manager-1.9.1.jar
2025-09-29 11:44:29,219 [AetherRepositoryConnector-repo.maven.apache.org-0-1] INFO  o.e.m.c.i.e.AbstractTransferListenerAdapter - Downloaded https://repo.maven.apache.org/maven2/org/codehaus/plexus/plexus-compiler-api/1.9.1/plexus-compiler-api-1.9.1.jar
2025-09-29 11:44:29,219 [AetherRepositoryConnector-repo.maven.apache.org-0-4] INFO  o.e.m.c.i.e.AbstractTransferListenerAdapter - Downloaded https://repo.maven.apache.org/maven2/org/codehaus/plexus/plexus-utils/3.0/plexus-utils-3.0.jar
2025-09-29 11:44:29,220 [AetherRepositoryConnector-repo.maven.apache.org-0-3] INFO  o.e.m.c.i.e.AbstractTransferListenerAdapter - Downloaded https://repo.maven.apache.org/maven2/org/codehaus/plexus/plexus-compiler-javac/1.9.1/plexus-compiler-javac-1.9.1.jar
2025-09-29 11:44:29,235 [AetherRepositoryConnector-repo.maven.apache.org-0-0] INFO  o.e.m.c.i.e.AbstractTransferListenerAdapter - Downloading https://repo.maven.apache.org/maven2/junit/junit/3.8.1/junit-3.8.1.jar
2025-09-29 11:44:29,236 [AetherRepositoryConnector-repo.maven.apache.org-0-2] INFO  o.e.m.c.i.e.AbstractTransferListenerAdapter - Downloaded https://repo.maven.apache.org/maven2/org/codehaus/plexus/plexus-container-default/1.0-alpha-9-stable-1/plexus-container-default-1.0-alpha-9-stable-1.jar
2025-09-29 11:44:29,238 [AetherRepositoryConnector-repo.maven.apache.org-0-1] INFO  o.e.m.c.i.e.AbstractTransferListenerAdapter - Downloading https://repo.maven.apache.org/maven2/classworlds/classworlds/1.1-alpha-2/classworlds-1.1-alpha-2.jar
2025-09-29 11:44:29,249 [AetherRepositoryConnector-repo.maven.apache.org-0-0] INFO  o.e.m.c.i.e.AbstractTransferListenerAdapter - Downloaded https://repo.maven.apache.org/maven2/junit/junit/3.8.1/junit-3.8.1.jar
2025-09-29 11:44:29,252 [AetherRepositoryConnector-repo.maven.apache.org-0-1] INFO  o.e.m.c.i.e.AbstractTransferListenerAdapter - Downloaded https://repo.maven.apache.org/maven2/classworlds/classworlds/1.1-alpha-2/classworlds-1.1-alpha-2.jar
2025-09-29 11:44:31,618 [Worker-14: Updating Maven Dependencies] INFO  o.e.m.c.i.l.LifecycleMappingFactory - Using org.maven.ide.eclipse.wtp.WarLifecycleMapping lifecycle mapping for MavenProject: com.kh:test:1.0.0-BUILD-SNAPSHOT @ C:\12_Spring\work\Ex0929_first\pom.xml.
2025-09-29 11:44:31,618 [Worker-13: Building workspace] INFO  o.e.m.c.i.l.LifecycleMappingFactory - Using org.maven.ide.eclipse.wtp.WarLifecycleMapping lifecycle mapping for MavenProject: com.kh:test:1.0.0-BUILD-SNAPSHOT @ C:\12_Spring\work\Ex0929_first\pom.xml.
2025-09-29 11:44:31,637 [Worker-13: Building workspace] INFO  o.e.m.c.i.e.AbstractTransferListenerAdapter - Downloading https://repo.maven.apache.org/maven2/org/springframework/spring-context/3.1.1.RELEASE/spring-context-3.1.1.RELEASE.pom
2025-09-29 11:44:31,651 [Worker-13: Building workspace] INFO  o.e.m.c.i.e.AbstractTransferListenerAdapter - Downloaded https://repo.maven.apache.org/maven2/org/springframework/spring-context/3.1.1.RELEASE/spring-context-3.1.1.RELEASE.pom
2025-09-29 11:44:31,656 [Worker-14: Updating Maven Dependencies] INFO  o.e.m.c.i.e.AbstractTransferListenerAdapter - Downloading https://repo.maven.apache.org/maven2/org/springframework/spring-context/3.1.1.RELEASE/spring-context-3.1.1.RELEASE.pom
2025-09-29 11:44:31,661 [Worker-13: Building workspace] INFO  o.e.m.c.i.e.AbstractTransferListenerAdapter - Downloading https://repo.maven.apache.org/maven2/org/springframework/spring-parent/3.1.1.RELEASE/spring-parent-3.1.1.RELEASE.pom
2025-09-29 11:44:31,667 [Worker-13: Building workspace] INFO  o.e.m.c.i.e.AbstractTransferListenerAdapter - Downloaded https://repo.maven.apache.org/maven2/org/springframework/spring-parent/3.1.1.RELEASE/spring-parent-3.1.1.RELEASE.pom
2025-09-29 11:44:31,671 [Worker-14: Updating Maven Dependencies] INFO  o.e.m.c.i.e.AbstractTransferListenerAdapter - Downloaded https://repo.maven.apache.org/maven2/org/springframework/spring-context/3.1.1.RELEASE/spring-context-3.1.1.RELEASE.pom
2025-09-29 11:44:31,674 [Worker-13: Building workspace] INFO  o.e.m.c.i.e.AbstractTransferListenerAdapter - Downloading https://repo.maven.apache.org/maven2/org/springframework/spring-aop/3.1.1.RELEASE/spring-aop-3.1.1.RELEASE.pom
2025-09-29 11:44:31,681 [Worker-13: Building workspace] INFO  o.e.m.c.i.e.AbstractTransferListenerAdapter - Downloaded https://repo.maven.apache.org/maven2/org/springframework/spring-aop/3.1.1.RELEASE/spring-aop-3.1.1.RELEASE.pom
2025-09-29 11:44:31,683 [Worker-14: Updating Maven Dependencies] INFO  o.e.m.c.i.e.AbstractTransferListenerAdapter - Downloading https://repo.maven.apache.org/maven2/org/springframework/spring-aop/3.1.1.RELEASE/spring-aop-3.1.1.RELEASE.pom
2025-09-29 11:44:31,687 [Worker-13: Building workspace] INFO  o.e.m.c.i.e.AbstractTransferListenerAdapter - Downloading https://repo.maven.apache.org/maven2/aopalliance/aopalliance/1.0/aopalliance-1.0.pom
2025-09-29 11:44:31,691 [Worker-14: Updating Maven Dependencies] INFO  o.e.m.c.i.e.AbstractTransferListenerAdapter - Downloaded https://repo.maven.apache.org/maven2/org/springframework/spring-aop/3.1.1.RELEASE/spring-aop-3.1.1.RELEASE.pom
2025-09-29 11:44:31,693 [Worker-13: Building workspace] INFO  o.e.m.c.i.e.AbstractTransferListenerAdapter - Downloaded https://repo.maven.apache.org/maven2/aopalliance/aopalliance/1.0/aopalliance-1.0.pom
2025-09-29 11:44:31,700 [Worker-13: Building workspace] INFO  o.e.m.c.i.e.AbstractTransferListenerAdapter - Downloading https://repo.maven.apache.org/maven2/org/springframework/spring-asm/3.1.1.RELEASE/spring-asm-3.1.1.RELEASE.pom
2025-09-29 11:44:31,703 [Worker-14: Updating Maven Dependencies] INFO  o.e.m.c.i.e.AbstractTransferListenerAdapter - Downloading https://repo.maven.apache.org/maven2/org/springframework/spring-asm/3.1.1.RELEASE/spring-asm-3.1.1.RELEASE.pom
2025-09-29 11:44:31,706 [Worker-13: Building workspace] INFO  o.e.m.c.i.e.AbstractTransferListenerAdapter - Downloaded https://repo.maven.apache.org/maven2/org/springframework/spring-asm/3.1.1.RELEASE/spring-asm-3.1.1.RELEASE.pom
2025-09-29 11:44:31,711 [Worker-14: Updating Maven Dependencies] INFO  o.e.m.c.i.e.AbstractTransferListenerAdapter - Downloaded https://repo.maven.apache.org/maven2/org/springframework/spring-asm/3.1.1.RELEASE/spring-asm-3.1.1.RELEASE.pom
2025-09-29 11:44:31,712 [Worker-13: Building workspace] INFO  o.e.m.c.i.e.AbstractTransferListenerAdapter - Downloading https://repo.maven.apache.org/maven2/org/springframework/spring-beans/3.1.1.RELEASE/spring-beans-3.1.1.RELEASE.pom
2025-09-29 11:44:31,719 [Worker-13: Building workspace] INFO  o.e.m.c.i.e.AbstractTransferListenerAdapter - Downloaded https://repo.maven.apache.org/maven2/org/springframework/spring-beans/3.1.1.RELEASE/spring-beans-3.1.1.RELEASE.pom
2025-09-29 11:44:31,721 [Worker-14: Updating Maven Dependencies] INFO  o.e.m.c.i.e.AbstractTransferListenerAdapter - Downloading https://repo.maven.apache.org/maven2/org/springframework/spring-beans/3.1.1.RELEASE/spring-beans-3.1.1.RELEASE.pom
2025-09-29 11:44:31,726 [Worker-13: Building workspace] INFO  o.e.m.c.i.e.AbstractTransferListenerAdapter - Downloading https://repo.maven.apache.org/maven2/org/springframework/spring-core/3.1.1.RELEASE/spring-core-3.1.1.RELEASE.pom
2025-09-29 11:44:31,730 [Worker-14: Updating Maven Dependencies] INFO  o.e.m.c.i.e.AbstractTransferListenerAdapter - Downloaded https://repo.maven.apache.org/maven2/org/springframework/spring-beans/3.1.1.RELEASE/spring-beans-3.1.1.RELEASE.pom
2025-09-29 11:44:31,732 [Worker-13: Building workspace] INFO  o.e.m.c.i.e.AbstractTransferListenerAdapter - Downloaded https://repo.maven.apache.org/maven2/org/springframework/spring-core/3.1.1.RELEASE/spring-core-3.1.1.RELEASE.pom
2025-09-29 11:44:31,739 [Worker-13: Building workspace] INFO  o.e.m.c.i.e.AbstractTransferListenerAdapter - Downloading https://repo.maven.apache.org/maven2/org/springframework/spring-expression/3.1.1.RELEASE/spring-expression-3.1.1.RELEASE.pom
2025-09-29 11:44:31,742 [Worker-14: Updating Maven Dependencies] INFO  o.e.m.c.i.e.AbstractTransferListenerAdapter - Downloading https://repo.maven.apache.org/maven2/org/springframework/spring-expression/3.1.1.RELEASE/spring-expression-3.1.1.RELEASE.pom
2025-09-29 11:44:31,744 [Worker-13: Building workspace] INFO  o.e.m.c.i.e.AbstractTransferListenerAdapter - Downloaded https://repo.maven.apache.org/maven2/org/springframework/spring-expression/3.1.1.RELEASE/spring-expression-3.1.1.RELEASE.pom
2025-09-29 11:44:31,751 [Worker-14: Updating Maven Dependencies] INFO  o.e.m.c.i.e.AbstractTransferListenerAdapter - Downloaded https://repo.maven.apache.org/maven2/org/springframework/spring-expression/3.1.1.RELEASE/spring-expression-3.1.1.RELEASE.pom
2025-09-29 11:44:31,754 [Worker-13: Building workspace] INFO  o.e.m.c.i.e.AbstractTransferListenerAdapter - Downloading https://repo.maven.apache.org/maven2/org/springframework/spring-webmvc/3.1.1.RELEASE/spring-webmvc-3.1.1.RELEASE.pom
2025-09-29 11:44:31,760 [Worker-14: Updating Maven Dependencies] INFO  o.e.m.c.i.e.AbstractTransferListenerAdapter - Downloading https://repo.maven.apache.org/maven2/org/springframework/spring-webmvc/3.1.1.RELEASE/spring-webmvc-3.1.1.RELEASE.pom
2025-09-29 11:44:31,760 [Worker-13: Building workspace] INFO  o.e.m.c.i.e.AbstractTransferListenerAdapter - Downloaded https://repo.maven.apache.org/maven2/org/springframework/spring-webmvc/3.1.1.RELEASE/spring-webmvc-3.1.1.RELEASE.pom
2025-09-29 11:44:31,767 [Worker-13: Building workspace] INFO  o.e.m.c.i.e.AbstractTransferListenerAdapter - Downloading https://repo.maven.apache.org/maven2/commons-logging/commons-logging/1.1.1/commons-logging-1.1.1.pom
2025-09-29 11:44:31,770 [Worker-14: Updating Maven Dependencies] INFO  o.e.m.c.i.e.AbstractTransferListenerAdapter - Downloaded https://repo.maven.apache.org/maven2/org/springframework/spring-webmvc/3.1.1.RELEASE/spring-webmvc-3.1.1.RELEASE.pom
2025-09-29 11:44:31,775 [Worker-13: Building workspace] INFO  o.e.m.c.i.e.AbstractTransferListenerAdapter - Downloaded https://repo.maven.apache.org/maven2/commons-logging/commons-logging/1.1.1/commons-logging-1.1.1.pom
2025-09-29 11:44:31,779 [Worker-14: Updating Maven Dependencies] INFO  o.e.m.c.i.e.AbstractTransferListenerAdapter - Downloading https://repo.maven.apache.org/maven2/commons-logging/commons-logging/1.1.1/commons-logging-1.1.1.pom
2025-09-29 11:44:31,783 [Worker-13: Building workspace] INFO  o.e.m.c.i.e.AbstractTransferListenerAdapter - Downloading https://repo.maven.apache.org/maven2/org/apache/commons/commons-parent/5/commons-parent-5.pom
2025-09-29 11:44:31,789 [Worker-13: Building workspace] INFO  o.e.m.c.i.e.AbstractTransferListenerAdapter - Downloaded https://repo.maven.apache.org/maven2/org/apache/commons/commons-parent/5/commons-parent-5.pom
2025-09-29 11:44:31,790 [Worker-14: Updating Maven Dependencies] INFO  o.e.m.c.i.e.AbstractTransferListenerAdapter - Downloaded https://repo.maven.apache.org/maven2/commons-logging/commons-logging/1.1.1/commons-logging-1.1.1.pom
2025-09-29 11:44:31,801 [Worker-13: Building workspace] INFO  o.e.m.c.i.e.AbstractTransferListenerAdapter - Downloading https://repo.maven.apache.org/maven2/org/springframework/spring-context-support/3.1.1.RELEASE/spring-context-support-3.1.1.RELEASE.pom
2025-09-29 11:44:31,805 [Worker-14: Updating Maven Dependencies] INFO  o.e.m.c.i.e.AbstractTransferListenerAdapter - Downloading https://repo.maven.apache.org/maven2/org/springframework/spring-context-support/3.1.1.RELEASE/spring-context-support-3.1.1.RELEASE.pom
2025-09-29 11:44:31,807 [Worker-13: Building workspace] INFO  o.e.m.c.i.e.AbstractTransferListenerAdapter - Downloaded https://repo.maven.apache.org/maven2/org/springframework/spring-context-support/3.1.1.RELEASE/spring-context-support-3.1.1.RELEASE.pom
2025-09-29 11:44:31,813 [Worker-14: Updating Maven Dependencies] INFO  o.e.m.c.i.e.AbstractTransferListenerAdapter - Downloaded https://repo.maven.apache.org/maven2/org/springframework/spring-context-support/3.1.1.RELEASE/spring-context-support-3.1.1.RELEASE.pom
2025-09-29 11:44:31,817 [Worker-13: Building workspace] INFO  o.e.m.c.i.e.AbstractTransferListenerAdapter - Downloading https://repo.maven.apache.org/maven2/org/springframework/spring-web/3.1.1.RELEASE/spring-web-3.1.1.RELEASE.pom
2025-09-29 11:44:31,821 [Worker-14: Updating Maven Dependencies] INFO  o.e.m.c.i.e.AbstractTransferListenerAdapter - Downloading https://repo.maven.apache.org/maven2/org/springframework/spring-web/3.1.1.RELEASE/spring-web-3.1.1.RELEASE.pom
2025-09-29 11:44:31,823 [Worker-13: Building workspace] INFO  o.e.m.c.i.e.AbstractTransferListenerAdapter - Downloaded https://repo.maven.apache.org/maven2/org/springframework/spring-web/3.1.1.RELEASE/spring-web-3.1.1.RELEASE.pom
2025-09-29 11:44:31,829 [Worker-13: Building workspace] INFO  o.e.m.c.i.e.AbstractTransferListenerAdapter - Downloading https://repo.maven.apache.org/maven2/org/aspectj/aspectjrt/1.6.10/aspectjrt-1.6.10.pom
2025-09-29 11:44:31,830 [Worker-14: Updating Maven Dependencies] INFO  o.e.m.c.i.e.AbstractTransferListenerAdapter - Downloaded https://repo.maven.apache.org/maven2/org/springframework/spring-web/3.1.1.RELEASE/spring-web-3.1.1.RELEASE.pom
2025-09-29 11:44:31,835 [Worker-13: Building workspace] INFO  o.e.m.c.i.e.AbstractTransferListenerAdapter - Downloaded https://repo.maven.apache.org/maven2/org/aspectj/aspectjrt/1.6.10/aspectjrt-1.6.10.pom
2025-09-29 11:44:31,839 [Worker-14: Updating Maven Dependencies] INFO  o.e.m.c.i.e.AbstractTransferListenerAdapter - Downloading https://repo.maven.apache.org/maven2/org/aspectj/aspectjrt/1.6.10/aspectjrt-1.6.10.pom
2025-09-29 11:44:31,842 [Worker-13: Building workspace] INFO  o.e.m.c.i.e.AbstractTransferListenerAdapter - Downloading https://repo.maven.apache.org/maven2/org/slf4j/slf4j-api/1.6.6/slf4j-api-1.6.6.pom
2025-09-29 11:44:31,847 [Worker-14: Updating Maven Dependencies] INFO  o.e.m.c.i.e.AbstractTransferListenerAdapter - Downloaded https://repo.maven.apache.org/maven2/org/aspectj/aspectjrt/1.6.10/aspectjrt-1.6.10.pom
2025-09-29 11:44:31,848 [Worker-13: Building workspace] INFO  o.e.m.c.i.e.AbstractTransferListenerAdapter - Downloaded https://repo.maven.apache.org/maven2/org/slf4j/slf4j-api/1.6.6/slf4j-api-1.6.6.pom
2025-09-29 11:44:31,855 [Worker-13: Building workspace] INFO  o.e.m.c.i.e.AbstractTransferListenerAdapter - Downloading https://repo.maven.apache.org/maven2/org/slf4j/slf4j-parent/1.6.6/slf4j-parent-1.6.6.pom
2025-09-29 11:44:31,857 [Worker-14: Updating Maven Dependencies] INFO  o.e.m.c.i.e.AbstractTransferListenerAdapter - Downloading https://repo.maven.apache.org/maven2/org/slf4j/slf4j-parent/1.6.6/slf4j-parent-1.6.6.pom
2025-09-29 11:44:31,861 [Worker-13: Building workspace] INFO  o.e.m.c.i.e.AbstractTransferListenerAdapter - Downloaded https://repo.maven.apache.org/maven2/org/slf4j/slf4j-parent/1.6.6/slf4j-parent-1.6.6.pom
2025-09-29 11:44:31,867 [Worker-14: Updating Maven Dependencies] INFO  o.e.m.c.i.e.AbstractTransferListenerAdapter - Downloaded https://repo.maven.apache.org/maven2/org/slf4j/slf4j-parent/1.6.6/slf4j-parent-1.6.6.pom
2025-09-29 11:44:31,870 [Worker-13: Building workspace] INFO  o.e.m.c.i.e.AbstractTransferListenerAdapter - Downloading https://repo.maven.apache.org/maven2/org/slf4j/jcl-over-slf4j/1.6.6/jcl-over-slf4j-1.6.6.pom
2025-09-29 11:44:31,876 [Worker-14: Updating Maven Dependencies] INFO  o.e.m.c.i.e.AbstractTransferListenerAdapter - Downloading https://repo.maven.apache.org/maven2/org/slf4j/jcl-over-slf4j/1.6.6/jcl-over-slf4j-1.6.6.pom
2025-09-29 11:44:31,877 [Worker-13: Building workspace] INFO  o.e.m.c.i.e.AbstractTransferListenerAdapter - Downloaded https://repo.maven.apache.org/maven2/org/slf4j/jcl-over-slf4j/1.6.6/jcl-over-slf4j-1.6.6.pom
2025-09-29 11:44:31,884 [Worker-13: Building workspace] INFO  o.e.m.c.i.e.AbstractTransferListenerAdapter - Downloading https://repo.maven.apache.org/maven2/org/slf4j/slf4j-log4j12/1.6.6/slf4j-log4j12-1.6.6.pom
2025-09-29 11:44:31,885 [Worker-14: Updating Maven Dependencies] INFO  o.e.m.c.i.e.AbstractTransferListenerAdapter - Downloaded https://repo.maven.apache.org/maven2/org/slf4j/jcl-over-slf4j/1.6.6/jcl-over-slf4j-1.6.6.pom
2025-09-29 11:44:31,890 [Worker-13: Building workspace] INFO  o.e.m.c.i.e.AbstractTransferListenerAdapter - Downloaded https://repo.maven.apache.org/maven2/org/slf4j/slf4j-log4j12/1.6.6/slf4j-log4j12-1.6.6.pom
2025-09-29 11:44:31,894 [Worker-14: Updating Maven Dependencies] INFO  o.e.m.c.i.e.AbstractTransferListenerAdapter - Downloading https://repo.maven.apache.org/maven2/org/slf4j/slf4j-log4j12/1.6.6/slf4j-log4j12-1.6.6.pom
2025-09-29 11:44:31,895 [Worker-13: Building workspace] INFO  o.e.m.c.i.e.AbstractTransferListenerAdapter - Downloading https://repo.maven.apache.org/maven2/log4j/log4j/1.2.17/log4j-1.2.17.pom
2025-09-29 11:44:31,901 [Worker-13: Building workspace] INFO  o.e.m.c.i.e.AbstractTransferListenerAdapter - Downloaded https://repo.maven.apache.org/maven2/log4j/log4j/1.2.17/log4j-1.2.17.pom
2025-09-29 11:44:31,902 [Worker-14: Updating Maven Dependencies] INFO  o.e.m.c.i.e.AbstractTransferListenerAdapter - Downloaded https://repo.maven.apache.org/maven2/org/slf4j/slf4j-log4j12/1.6.6/slf4j-log4j12-1.6.6.pom
2025-09-29 11:44:31,917 [Worker-13: Building workspace] INFO  o.e.m.c.i.e.AbstractTransferListenerAdapter - Downloading https://repo.maven.apache.org/maven2/log4j/log4j/1.2.15/log4j-1.2.15.pom
2025-09-29 11:44:31,917 [Worker-14: Updating Maven Dependencies] INFO  o.e.m.c.i.e.AbstractTransferListenerAdapter - Downloading https://repo.maven.apache.org/maven2/log4j/log4j/1.2.15/log4j-1.2.15.pom
2025-09-29 11:44:31,924 [Worker-13: Building workspace] INFO  o.e.m.c.i.e.AbstractTransferListenerAdapter - Downloaded https://repo.maven.apache.org/maven2/log4j/log4j/1.2.15/log4j-1.2.15.pom
2025-09-29 11:44:31,928 [Worker-14: Updating Maven Dependencies] INFO  o.e.m.c.i.e.AbstractTransferListenerAdapter - Downloaded https://repo.maven.apache.org/maven2/log4j/log4j/1.2.15/log4j-1.2.15.pom
2025-09-29 11:44:31,933 [Worker-13: Building workspace] INFO  o.e.m.c.i.e.AbstractTransferListenerAdapter - Downloading https://repo.maven.apache.org/maven2/javax/servlet/servlet-api/2.5/servlet-api-2.5.pom
2025-09-29 11:44:31,937 [Worker-14: Updating Maven Dependencies] INFO  o.e.m.c.i.e.AbstractTransferListenerAdapter - Downloading https://repo.maven.apache.org/maven2/javax/servlet/servlet-api/2.5/servlet-api-2.5.pom
2025-09-29 11:44:31,939 [Worker-13: Building workspace] INFO  o.e.m.c.i.e.AbstractTransferListenerAdapter - Downloaded https://repo.maven.apache.org/maven2/javax/servlet/servlet-api/2.5/servlet-api-2.5.pom
2025-09-29 11:44:31,946 [Worker-13: Building workspace] INFO  o.e.m.c.i.e.AbstractTransferListenerAdapter - Downloading https://repo.maven.apache.org/maven2/javax/servlet/jsp/jsp-api/2.1/jsp-api-2.1.pom
2025-09-29 11:44:31,948 [Worker-14: Updating Maven Dependencies] INFO  o.e.m.c.i.e.AbstractTransferListenerAdapter - Downloaded https://repo.maven.apache.org/maven2/javax/servlet/servlet-api/2.5/servlet-api-2.5.pom
2025-09-29 11:44:31,952 [Worker-13: Building workspace] INFO  o.e.m.c.i.e.AbstractTransferListenerAdapter - Downloaded https://repo.maven.apache.org/maven2/javax/servlet/jsp/jsp-api/2.1/jsp-api-2.1.pom
2025-09-29 11:44:31,956 [Worker-14: Updating Maven Dependencies] INFO  o.e.m.c.i.e.AbstractTransferListenerAdapter - Downloading https://repo.maven.apache.org/maven2/javax/servlet/jsp/jsp-api/2.1/jsp-api-2.1.pom
2025-09-29 11:44:31,957 [Worker-13: Building workspace] INFO  o.e.m.c.i.e.AbstractTransferListenerAdapter - Downloading https://repo.maven.apache.org/maven2/javax/servlet/jstl/1.2/jstl-1.2.pom
2025-09-29 11:44:31,964 [Worker-13: Building workspace] INFO  o.e.m.c.i.e.AbstractTransferListenerAdapter - Downloaded https://repo.maven.apache.org/maven2/javax/servlet/jstl/1.2/jstl-1.2.pom
2025-09-29 11:44:31,965 [Worker-14: Updating Maven Dependencies] INFO  o.e.m.c.i.e.AbstractTransferListenerAdapter - Downloaded https://repo.maven.apache.org/maven2/javax/servlet/jsp/jsp-api/2.1/jsp-api-2.1.pom
2025-09-29 11:44:31,972 [Worker-13: Building workspace] INFO  o.e.m.c.i.e.AbstractTransferListenerAdapter - Downloading https://repo.maven.apache.org/maven2/junit/junit/4.7/junit-4.7.pom
2025-09-29 11:44:31,973 [Worker-14: Updating Maven Dependencies] INFO  o.e.m.c.i.e.AbstractTransferListenerAdapter - Downloading https://repo.maven.apache.org/maven2/junit/junit/4.7/junit-4.7.pom
2025-09-29 11:44:31,979 [Worker-13: Building workspace] INFO  o.e.m.c.i.e.AbstractTransferListenerAdapter - Downloaded https://repo.maven.apache.org/maven2/junit/junit/4.7/junit-4.7.pom
2025-09-29 11:44:31,981 [Worker-14: Updating Maven Dependencies] INFO  o.e.m.c.i.e.AbstractTransferListenerAdapter - Downloaded https://repo.maven.apache.org/maven2/junit/junit/4.7/junit-4.7.pom
2025-09-29 11:44:31,988 [AetherRepositoryConnector-repo.maven.apache.org-1-2] INFO  o.e.m.c.i.e.AbstractTransferListenerAdapter - Downloading https://repo.maven.apache.org/maven2/aopalliance/aopalliance/1.0/aopalliance-1.0.jar
2025-09-29 11:44:31,991 [AetherRepositoryConnector-repo.maven.apache.org-1-4] INFO  o.e.m.c.i.e.AbstractTransferListenerAdapter - Downloading https://repo.maven.apache.org/maven2/org/springframework/spring-core/3.1.1.RELEASE/spring-core-3.1.1.RELEASE.jar
2025-09-29 11:44:31,992 [AetherRepositoryConnector-repo.maven.apache.org-1-3] INFO  o.e.m.c.i.e.AbstractTransferListenerAdapter - Downloading https://repo.maven.apache.org/maven2/org/springframework/spring-beans/3.1.1.RELEASE/spring-beans-3.1.1.RELEASE.jar
2025-09-29 11:44:31,992 [AetherRepositoryConnector-repo.maven.apache.org-1-1] INFO  o.e.m.c.i.e.AbstractTransferListenerAdapter - Downloading https://repo.maven.apache.org/maven2/org/springframework/spring-aop/3.1.1.RELEASE/spring-aop-3.1.1.RELEASE.jar
2025-09-29 11:44:32,008 [AetherRepositoryConnector-repo.maven.apache.org-2-0] INFO  o.e.m.c.i.e.AbstractTransferListenerAdapter - Downloading https://repo.maven.apache.org/maven2/org/springframework/spring-context/3.1.1.RELEASE/spring-context-3.1.1.RELEASE.jar
2025-09-29 11:44:32,009 [AetherRepositoryConnector-repo.maven.apache.org-1-0] INFO  o.e.m.c.i.e.AbstractTransferListenerAdapter - Downloading https://repo.maven.apache.org/maven2/org/springframework/spring-context/3.1.1.RELEASE/spring-context-3.1.1.RELEASE.jar
2025-09-29 11:44:32,010 [AetherRepositoryConnector-repo.maven.apache.org-1-2] INFO  o.e.m.c.i.e.AbstractTransferListenerAdapter - Downloaded https://repo.maven.apache.org/maven2/aopalliance/aopalliance/1.0/aopalliance-1.0.jar
2025-09-29 11:44:32,022 [AetherRepositoryConnector-repo.maven.apache.org-2-3] INFO  o.e.m.c.i.e.AbstractTransferListenerAdapter - Downloading https://repo.maven.apache.org/maven2/org/springframework/spring-beans/3.1.1.RELEASE/spring-beans-3.1.1.RELEASE.jar
2025-09-29 11:44:32,022 [AetherRepositoryConnector-repo.maven.apache.org-2-4] INFO  o.e.m.c.i.e.AbstractTransferListenerAdapter - Downloading https://repo.maven.apache.org/maven2/org/springframework/spring-core/3.1.1.RELEASE/spring-core-3.1.1.RELEASE.jar
2025-09-29 11:44:32,022 [AetherRepositoryConnector-repo.maven.apache.org-2-1] INFO  o.e.m.c.i.e.AbstractTransferListenerAdapter - Downloading https://repo.maven.apache.org/maven2/org/springframework/spring-aop/3.1.1.RELEASE/spring-aop-3.1.1.RELEASE.jar
2025-09-29 11:44:32,022 [AetherRepositoryConnector-repo.maven.apache.org-2-2] INFO  o.e.m.c.i.e.AbstractTransferListenerAdapter - Downloading https://repo.maven.apache.org/maven2/aopalliance/aopalliance/1.0/aopalliance-1.0.jar
2025-09-29 11:44:32,039 [AetherRepositoryConnector-repo.maven.apache.org-1-2] INFO  o.e.m.c.i.e.AbstractTransferListenerAdapter - Downloading https://repo.maven.apache.org/maven2/org/springframework/spring-expression/3.1.1.RELEASE/spring-expression-3.1.1.RELEASE.jar
2025-09-29 11:44:32,082 [AetherRepositoryConnector-repo.maven.apache.org-2-2] INFO  o.e.m.c.i.e.AbstractTransferListenerAdapter - Downloaded https://repo.maven.apache.org/maven2/aopalliance/aopalliance/1.0/aopalliance-1.0.jar
2025-09-29 11:44:32,101 [AetherRepositoryConnector-repo.maven.apache.org-1-1] INFO  o.e.m.c.i.e.AbstractTransferListenerAdapter - Downloaded https://repo.maven.apache.org/maven2/org/springframework/spring-aop/3.1.1.RELEASE/spring-aop-3.1.1.RELEASE.jar
2025-09-29 11:44:32,150 [AetherRepositoryConnector-repo.maven.apache.org-1-1] INFO  o.e.m.c.i.e.AbstractTransferListenerAdapter - Downloading https://repo.maven.apache.org/maven2/org/springframework/spring-asm/3.1.1.RELEASE/spring-asm-3.1.1.RELEASE.jar
2025-09-29 11:44:32,151 [AetherRepositoryConnector-repo.maven.apache.org-1-3] INFO  o.e.m.c.i.e.AbstractTransferListenerAdapter - Downloaded https://repo.maven.apache.org/maven2/org/springframework/spring-beans/3.1.1.RELEASE/spring-beans-3.1.1.RELEASE.jar
2025-09-29 11:44:32,151 [AetherRepositoryConnector-repo.maven.apache.org-1-2] INFO  o.e.m.c.i.e.AbstractTransferListenerAdapter - Downloaded https://repo.maven.apache.org/maven2/org/springframework/spring-expression/3.1.1.RELEASE/spring-expression-3.1.1.RELEASE.jar
2025-09-29 11:44:32,152 [AetherRepositoryConnector-repo.maven.apache.org-1-4] INFO  o.e.m.c.i.e.AbstractTransferListenerAdapter - Downloaded https://repo.maven.apache.org/maven2/org/springframework/spring-core/3.1.1.RELEASE/spring-core-3.1.1.RELEASE.jar
2025-09-29 11:44:32,157 [AetherRepositoryConnector-repo.maven.apache.org-1-1] INFO  o.e.m.c.i.e.AbstractTransferListenerAdapter - Downloaded https://repo.maven.apache.org/maven2/org/springframework/spring-asm/3.1.1.RELEASE/spring-asm-3.1.1.RELEASE.jar
2025-09-29 11:44:32,157 [AetherRepositoryConnector-repo.maven.apache.org-2-2] INFO  o.e.m.c.i.e.AbstractTransferListenerAdapter - Downloading https://repo.maven.apache.org/maven2/org/springframework/spring-expression/3.1.1.RELEASE/spring-expression-3.1.1.RELEASE.jar
2025-09-29 11:44:32,159 [AetherRepositoryConnector-repo.maven.apache.org-1-3] INFO  o.e.m.c.i.e.AbstractTransferListenerAdapter - Downloading https://repo.maven.apache.org/maven2/org/springframework/spring-context-support/3.1.1.RELEASE/spring-context-support-3.1.1.RELEASE.jar
2025-09-29 11:44:32,162 [AetherRepositoryConnector-repo.maven.apache.org-1-0] INFO  o.e.m.c.i.e.AbstractTransferListenerAdapter - Downloaded https://repo.maven.apache.org/maven2/org/springframework/spring-context/3.1.1.RELEASE/spring-context-3.1.1.RELEASE.jar
2025-09-29 11:44:32,164 [AetherRepositoryConnector-repo.maven.apache.org-1-2] INFO  o.e.m.c.i.e.AbstractTransferListenerAdapter - Downloading https://repo.maven.apache.org/maven2/org/springframework/spring-webmvc/3.1.1.RELEASE/spring-webmvc-3.1.1.RELEASE.jar
2025-09-29 11:44:32,167 [AetherRepositoryConnector-repo.maven.apache.org-1-4] INFO  o.e.m.c.i.e.AbstractTransferListenerAdapter - Downloading https://repo.maven.apache.org/maven2/org/springframework/spring-web/3.1.1.RELEASE/spring-web-3.1.1.RELEASE.jar
2025-09-29 11:44:32,178 [AetherRepositoryConnector-repo.maven.apache.org-2-1] INFO  o.e.m.c.i.e.AbstractTransferListenerAdapter - Downloaded https://repo.maven.apache.org/maven2/org/springframework/spring-aop/3.1.1.RELEASE/spring-aop-3.1.1.RELEASE.jar
2025-09-29 11:44:32,179 [AetherRepositoryConnector-repo.maven.apache.org-2-4] INFO  o.e.m.c.i.e.AbstractTransferListenerAdapter - Downloaded https://repo.maven.apache.org/maven2/org/springframework/spring-core/3.1.1.RELEASE/spring-core-3.1.1.RELEASE.jar
2025-09-29 11:44:32,182 [AetherRepositoryConnector-repo.maven.apache.org-1-1] INFO  o.e.m.c.i.e.AbstractTransferListenerAdapter - Downloading https://repo.maven.apache.org/maven2/org/aspectj/aspectjrt/1.6.10/aspectjrt-1.6.10.jar
2025-09-29 11:44:32,182 [AetherRepositoryConnector-repo.maven.apache.org-1-0] INFO  o.e.m.c.i.e.AbstractTransferListenerAdapter - Downloading https://repo.maven.apache.org/maven2/org/slf4j/slf4j-api/1.6.6/slf4j-api-1.6.6.jar
2025-09-29 11:44:32,185 [AetherRepositoryConnector-repo.maven.apache.org-2-3] INFO  o.e.m.c.i.e.AbstractTransferListenerAdapter - Downloaded https://repo.maven.apache.org/maven2/org/springframework/spring-beans/3.1.1.RELEASE/spring-beans-3.1.1.RELEASE.jar
2025-09-29 11:44:32,188 [AetherRepositoryConnector-repo.maven.apache.org-2-1] INFO  o.e.m.c.i.e.AbstractTransferListenerAdapter - Downloading https://repo.maven.apache.org/maven2/org/springframework/spring-asm/3.1.1.RELEASE/spring-asm-3.1.1.RELEASE.jar
2025-09-29 11:44:32,189 [AetherRepositoryConnector-repo.maven.apache.org-1-3] INFO  o.e.m.c.i.e.AbstractTransferListenerAdapter - Downloaded https://repo.maven.apache.org/maven2/org/springframework/spring-context-support/3.1.1.RELEASE/spring-context-support-3.1.1.RELEASE.jar
2025-09-29 11:44:32,190 [AetherRepositoryConnector-repo.maven.apache.org-2-4] INFO  o.e.m.c.i.e.AbstractTransferListenerAdapter - Downloading https://repo.maven.apache.org/maven2/org/springframework/spring-webmvc/3.1.1.RELEASE/spring-webmvc-3.1.1.RELEASE.jar
2025-09-29 11:44:32,192 [AetherRepositoryConnector-repo.maven.apache.org-2-2] INFO  o.e.m.c.i.e.AbstractTransferListenerAdapter - Downloaded https://repo.maven.apache.org/maven2/org/springframework/spring-expression/3.1.1.RELEASE/spring-expression-3.1.1.RELEASE.jar
2025-09-29 11:44:32,192 [AetherRepositoryConnector-repo.maven.apache.org-1-0] INFO  o.e.m.c.i.e.AbstractTransferListenerAdapter - Downloaded https://repo.maven.apache.org/maven2/org/slf4j/slf4j-api/1.6.6/slf4j-api-1.6.6.jar
2025-09-29 11:44:32,193 [AetherRepositoryConnector-repo.maven.apache.org-2-0] INFO  o.e.m.c.i.e.AbstractTransferListenerAdapter - Downloaded https://repo.maven.apache.org/maven2/org/springframework/spring-context/3.1.1.RELEASE/spring-context-3.1.1.RELEASE.jar
2025-09-29 11:44:32,194 [AetherRepositoryConnector-repo.maven.apache.org-1-1] INFO  o.e.m.c.i.e.AbstractTransferListenerAdapter - Downloaded https://repo.maven.apache.org/maven2/org/aspectj/aspectjrt/1.6.10/aspectjrt-1.6.10.jar
2025-09-29 11:44:32,194 [AetherRepositoryConnector-repo.maven.apache.org-1-3] INFO  o.e.m.c.i.e.AbstractTransferListenerAdapter - Downloading https://repo.maven.apache.org/maven2/org/slf4j/jcl-over-slf4j/1.6.6/jcl-over-slf4j-1.6.6.jar
2025-09-29 11:44:32,196 [AetherRepositoryConnector-repo.maven.apache.org-1-2] INFO  o.e.m.c.i.e.AbstractTransferListenerAdapter - Downloaded https://repo.maven.apache.org/maven2/org/springframework/spring-webmvc/3.1.1.RELEASE/spring-webmvc-3.1.1.RELEASE.jar
2025-09-29 11:44:32,196 [AetherRepositoryConnector-repo.maven.apache.org-1-0] INFO  o.e.m.c.i.e.AbstractTransferListenerAdapter - Downloading https://repo.maven.apache.org/maven2/org/slf4j/slf4j-log4j12/1.6.6/slf4j-log4j12-1.6.6.jar
2025-09-29 11:44:32,206 [AetherRepositoryConnector-repo.maven.apache.org-1-1] INFO  o.e.m.c.i.e.AbstractTransferListenerAdapter - Downloading https://repo.maven.apache.org/maven2/log4j/log4j/1.2.15/log4j-1.2.15.jar
2025-09-29 11:44:32,207 [AetherRepositoryConnector-repo.maven.apache.org-2-3] INFO  o.e.m.c.i.e.AbstractTransferListenerAdapter - Downloading https://repo.maven.apache.org/maven2/org/springframework/spring-context-support/3.1.1.RELEASE/spring-context-support-3.1.1.RELEASE.jar
2025-09-29 11:44:32,208 [AetherRepositoryConnector-repo.maven.apache.org-1-4] INFO  o.e.m.c.i.e.AbstractTransferListenerAdapter - Downloaded https://repo.maven.apache.org/maven2/org/springframework/spring-web/3.1.1.RELEASE/spring-web-3.1.1.RELEASE.jar
2025-09-29 11:44:32,208 [AetherRepositoryConnector-repo.maven.apache.org-2-2] INFO  o.e.m.c.i.e.AbstractTransferListenerAdapter - Downloading https://repo.maven.apache.org/maven2/org/springframework/spring-web/3.1.1.RELEASE/spring-web-3.1.1.RELEASE.jar
2025-09-29 11:44:32,210 [AetherRepositoryConnector-repo.maven.apache.org-2-1] INFO  o.e.m.c.i.e.AbstractTransferListenerAdapter - Downloaded https://repo.maven.apache.org/maven2/org/springframework/spring-asm/3.1.1.RELEASE/spring-asm-3.1.1.RELEASE.jar
2025-09-29 11:44:32,210 [AetherRepositoryConnector-repo.maven.apache.org-1-2] INFO  o.e.m.c.i.e.AbstractTransferListenerAdapter - Downloading https://repo.maven.apache.org/maven2/javax/servlet/servlet-api/2.5/servlet-api-2.5.jar
2025-09-29 11:44:32,212 [AetherRepositoryConnector-repo.maven.apache.org-1-3] INFO  o.e.m.c.i.e.AbstractTransferListenerAdapter - Downloaded https://repo.maven.apache.org/maven2/org/slf4j/jcl-over-slf4j/1.6.6/jcl-over-slf4j-1.6.6.jar
2025-09-29 11:44:32,212 [AetherRepositoryConnector-repo.maven.apache.org-1-0] INFO  o.e.m.c.i.e.AbstractTransferListenerAdapter - Downloaded https://repo.maven.apache.org/maven2/org/slf4j/slf4j-log4j12/1.6.6/slf4j-log4j12-1.6.6.jar
2025-09-29 11:44:32,218 [AetherRepositoryConnector-repo.maven.apache.org-1-4] INFO  o.e.m.c.i.e.AbstractTransferListenerAdapter - Downloading https://repo.maven.apache.org/maven2/javax/servlet/jsp/jsp-api/2.1/jsp-api-2.1.jar
2025-09-29 11:44:32,219 [AetherRepositoryConnector-repo.maven.apache.org-2-0] INFO  o.e.m.c.i.e.AbstractTransferListenerAdapter - Downloading https://repo.maven.apache.org/maven2/org/aspectj/aspectjrt/1.6.10/aspectjrt-1.6.10.jar
2025-09-29 11:44:32,221 [AetherRepositoryConnector-repo.maven.apache.org-1-3] INFO  o.e.m.c.i.e.AbstractTransferListenerAdapter - Downloading https://repo.maven.apache.org/maven2/javax/servlet/jstl/1.2/jstl-1.2.jar
2025-09-29 11:44:32,225 [AetherRepositoryConnector-repo.maven.apache.org-1-2] INFO  o.e.m.c.i.e.AbstractTransferListenerAdapter - Downloaded https://repo.maven.apache.org/maven2/javax/servlet/servlet-api/2.5/servlet-api-2.5.jar
2025-09-29 11:44:32,225 [AetherRepositoryConnector-repo.maven.apache.org-2-1] INFO  o.e.m.c.i.e.AbstractTransferListenerAdapter - Downloading https://repo.maven.apache.org/maven2/org/slf4j/slf4j-api/1.6.6/slf4j-api-1.6.6.jar
2025-09-29 11:44:32,227 [AetherRepositoryConnector-repo.maven.apache.org-2-3] INFO  o.e.m.c.i.e.AbstractTransferListenerAdapter - Downloaded https://repo.maven.apache.org/maven2/org/springframework/spring-context-support/3.1.1.RELEASE/spring-context-support-3.1.1.RELEASE.jar
2025-09-29 11:44:32,227 [AetherRepositoryConnector-repo.maven.apache.org-2-4] INFO  o.e.m.c.i.e.AbstractTransferListenerAdapter - Downloaded https://repo.maven.apache.org/maven2/org/springframework/spring-webmvc/3.1.1.RELEASE/spring-webmvc-3.1.1.RELEASE.jar
2025-09-29 11:44:32,228 [AetherRepositoryConnector-repo.maven.apache.org-1-0] INFO  o.e.m.c.i.e.AbstractTransferListenerAdapter - Downloading https://repo.maven.apache.org/maven2/junit/junit/4.7/junit-4.7.jar
2025-09-29 11:44:32,229 [AetherRepositoryConnector-repo.maven.apache.org-1-1] INFO  o.e.m.c.i.e.AbstractTransferListenerAdapter - Downloaded https://repo.maven.apache.org/maven2/log4j/log4j/1.2.15/log4j-1.2.15.jar
2025-09-29 11:44:32,231 [AetherRepositoryConnector-repo.maven.apache.org-1-4] INFO  o.e.m.c.i.e.AbstractTransferListenerAdapter - Downloaded https://repo.maven.apache.org/maven2/javax/servlet/jsp/jsp-api/2.1/jsp-api-2.1.jar
2025-09-29 11:44:32,234 [AetherRepositoryConnector-repo.maven.apache.org-1-3] INFO  o.e.m.c.i.e.AbstractTransferListenerAdapter - Downloaded https://repo.maven.apache.org/maven2/javax/servlet/jstl/1.2/jstl-1.2.jar
2025-09-29 11:44:32,235 [AetherRepositoryConnector-repo.maven.apache.org-2-0] INFO  o.e.m.c.i.e.AbstractTransferListenerAdapter - Downloaded https://repo.maven.apache.org/maven2/org/aspectj/aspectjrt/1.6.10/aspectjrt-1.6.10.jar
2025-09-29 11:44:32,235 [AetherRepositoryConnector-repo.maven.apache.org-2-2] INFO  o.e.m.c.i.e.AbstractTransferListenerAdapter - Downloaded https://repo.maven.apache.org/maven2/org/springframework/spring-web/3.1.1.RELEASE/spring-web-3.1.1.RELEASE.jar
2025-09-29 11:44:32,237 [AetherRepositoryConnector-repo.maven.apache.org-2-3] INFO  o.e.m.c.i.e.AbstractTransferListenerAdapter - Downloading https://repo.maven.apache.org/maven2/org/slf4j/jcl-over-slf4j/1.6.6/jcl-over-slf4j-1.6.6.jar
2025-09-29 11:44:32,237 [AetherRepositoryConnector-repo.maven.apache.org-2-4] INFO  o.e.m.c.i.e.AbstractTransferListenerAdapter - Downloading https://repo.maven.apache.org/maven2/org/slf4j/slf4j-log4j12/1.6.6/slf4j-log4j12-1.6.6.jar
2025-09-29 11:44:32,237 [AetherRepositoryConnector-repo.maven.apache.org-1-0] INFO  o.e.m.c.i.e.AbstractTransferListenerAdapter - Downloaded https://repo.maven.apache.org/maven2/junit/junit/4.7/junit-4.7.jar
2025-09-29 11:44:32,240 [AetherRepositoryConnector-repo.maven.apache.org-2-1] INFO  o.e.m.c.i.e.AbstractTransferListenerAdapter - Downloaded https://repo.maven.apache.org/maven2/org/slf4j/slf4j-api/1.6.6/slf4j-api-1.6.6.jar
2025-09-29 11:44:32,241 [AetherRepositoryConnector-repo.maven.apache.org-2-2] INFO  o.e.m.c.i.e.AbstractTransferListenerAdapter - Downloading https://repo.maven.apache.org/maven2/javax/servlet/servlet-api/2.5/servlet-api-2.5.jar
2025-09-29 11:44:32,247 [AetherRepositoryConnector-repo.maven.apache.org-2-0] INFO  o.e.m.c.i.e.AbstractTransferListenerAdapter - Downloading https://repo.maven.apache.org/maven2/log4j/log4j/1.2.15/log4j-1.2.15.jar
2025-09-29 11:44:32,258 [AetherRepositoryConnector-repo.maven.apache.org-2-1] INFO  o.e.m.c.i.e.AbstractTransferListenerAdapter - Downloading https://repo.maven.apache.org/maven2/javax/servlet/jsp/jsp-api/2.1/jsp-api-2.1.jar
2025-09-29 11:44:32,261 [AetherRepositoryConnector-repo.maven.apache.org-2-4] INFO  o.e.m.c.i.e.AbstractTransferListenerAdapter - Downloaded https://repo.maven.apache.org/maven2/org/slf4j/slf4j-log4j12/1.6.6/slf4j-log4j12-1.6.6.jar
2025-09-29 11:44:32,261 [AetherRepositoryConnector-repo.maven.apache.org-2-3] INFO  o.e.m.c.i.e.AbstractTransferListenerAdapter - Downloaded https://repo.maven.apache.org/maven2/org/slf4j/jcl-over-slf4j/1.6.6/jcl-over-slf4j-1.6.6.jar
2025-09-29 11:44:32,264 [AetherRepositoryConnector-repo.maven.apache.org-2-2] INFO  o.e.m.c.i.e.AbstractTransferListenerAdapter - Downloaded https://repo.maven.apache.org/maven2/javax/servlet/servlet-api/2.5/servlet-api-2.5.jar
2025-09-29 11:44:32,267 [AetherRepositoryConnector-repo.maven.apache.org-2-3] INFO  o.e.m.c.i.e.AbstractTransferListenerAdapter - Downloading https://repo.maven.apache.org/maven2/javax/servlet/jstl/1.2/jstl-1.2.jar
2025-09-29 11:44:32,275 [AetherRepositoryConnector-repo.maven.apache.org-2-4] INFO  o.e.m.c.i.e.AbstractTransferListenerAdapter - Downloading https://repo.maven.apache.org/maven2/junit/junit/4.7/junit-4.7.jar
2025-09-29 11:44:32,277 [AetherRepositoryConnector-repo.maven.apache.org-2-0] INFO  o.e.m.c.i.e.AbstractTransferListenerAdapter - Downloaded https://repo.maven.apache.org/maven2/log4j/log4j/1.2.15/log4j-1.2.15.jar
2025-09-29 11:44:32,280 [AetherRepositoryConnector-repo.maven.apache.org-2-1] INFO  o.e.m.c.i.e.AbstractTransferListenerAdapter - Downloaded https://repo.maven.apache.org/maven2/javax/servlet/jsp/jsp-api/2.1/jsp-api-2.1.jar
2025-09-29 11:44:32,284 [AetherRepositoryConnector-repo.maven.apache.org-2-3] INFO  o.e.m.c.i.e.AbstractTransferListenerAdapter - Downloaded https://repo.maven.apache.org/maven2/javax/servlet/jstl/1.2/jstl-1.2.jar
2025-09-29 11:44:32,289 [AetherRepositoryConnector-repo.maven.apache.org-2-4] INFO  o.e.m.c.i.e.AbstractTransferListenerAdapter - Downloaded https://repo.maven.apache.org/maven2/junit/junit/4.7/junit-4.7.jar
2025-09-29 11:44:34,215 [Worker-14: Updating Maven Dependencies] WARN  o.e.a.i.i.DefaultRepositoryEventDispatcher - Failed to dispatch repository event to org.eclipse.m2e.core.internal.embedder.EclipseRepositoryListener
java.util.ConcurrentModificationException: null
	at java.base/java.util.ArrayList$Itr.checkForComodification(ArrayList.java:1043)
	at java.base/java.util.ArrayList$Itr.next(ArrayList.java:997)
	at org.eclipse.m2e.core.internal.embedder.EclipseRepositoryListener.notifyListeners(EclipseRepositoryListener.java:56)
	at org.eclipse.m2e.core.internal.embedder.EclipseRepositoryListener.artifactDownloaded(EclipseRepositoryListener.java:43)
	at org.eclipse.aether.internal.impl.DefaultRepositoryEventDispatcher.dispatch(DefaultRepositoryEventDispatcher.java:121)
	at org.eclipse.aether.internal.impl.DefaultRepositoryEventDispatcher.dispatch(DefaultRepositoryEventDispatcher.java:90)
	at org.eclipse.aether.internal.impl.DefaultArtifactResolver.artifactDownloaded(DefaultArtifactResolver.java:693)
	at org.eclipse.aether.internal.impl.DefaultArtifactResolver.evaluateDownloads(DefaultArtifactResolver.java:636)
	at org.eclipse.aether.internal.impl.DefaultArtifactResolver.performDownloads(DefaultArtifactResolver.java:524)
	at org.eclipse.aether.internal.impl.DefaultArtifactResolver.resolve(DefaultArtifactResolver.java:401)
	at org.eclipse.aether.internal.impl.DefaultArtifactResolver.resolveArtifacts(DefaultArtifactResolver.java:229)
	at org.eclipse.aether.internal.impl.DefaultRepositorySystem.resolveDependencies(DefaultRepositorySystem.java:340)
	at org.apache.maven.project.DefaultProjectDependenciesResolver.resolve(DefaultProjectDependenciesResolver.java:202)
	at org.apache.maven.project.DefaultProjectBuilder.resolveDependencies(DefaultProjectBuilder.java:227)
	at org.apache.maven.project.DefaultProjectBuilder.build(DefaultProjectBuilder.java:200)
	at org.apache.maven.project.DefaultProjectBuilder.build(DefaultProjectBuilder.java:124)
	at org.eclipse.m2e.core.internal.embedder.MavenImpl.readMavenProject(MavenImpl.java:630)
	at org.eclipse.m2e.core.internal.project.registry.DefaultMavenDependencyResolver.resolveProjectDependencies(DefaultMavenDependencyResolver.java:65)
	at org.eclipse.m2e.core.internal.project.registry.ProjectRegistryManager.refreshPhase2(ProjectRegistryManager.java:550)
	at org.eclipse.m2e.core.internal.project.registry.ProjectRegistryManager.lambda$3(ProjectRegistryManager.java:514)
	at org.eclipse.m2e.core.internal.embedder.MavenExecutionContext.executeBare(MavenExecutionContext.java:179)
	at org.eclipse.m2e.core.internal.embedder.MavenExecutionContext.execute(MavenExecutionContext.java:153)
	at org.eclipse.m2e.core.internal.project.registry.ProjectRegistryManager.refresh(ProjectRegistryManager.java:512)
	at org.eclipse.m2e.core.internal.project.registry.ProjectRegistryManager.refresh(ProjectRegistryManager.java:364)
	at org.eclipse.m2e.core.internal.project.registry.ProjectRegistryRefreshJob.lambda$4(ProjectRegistryRefreshJob.java:141)
	at org.eclipse.m2e.core.internal.embedder.MavenExecutionContext.executeBare(MavenExecutionContext.java:179)
	at org.eclipse.m2e.core.internal.embedder.MavenExecutionContext.execute(MavenExecutionContext.java:153)
	at org.eclipse.m2e.core.internal.embedder.MavenExecutionContext.execute(MavenExecutionContext.java:101)
	at org.eclipse.m2e.core.internal.embedder.MavenImpl.execute(MavenImpl.java:1370)
	at org.eclipse.m2e.core.internal.project.registry.ProjectRegistryRefreshJob.lambda$0(ProjectRegistryRefreshJob.java:140)
	at org.eclipse.m2e.core.internal.embedder.MavenExecutionContext.executeBare(MavenExecutionContext.java:179)
	at org.eclipse.m2e.core.internal.embedder.MavenExecutionContext.execute(MavenExecutionContext.java:153)
	at org.eclipse.m2e.core.internal.embedder.MavenExecutionContext.execute(MavenExecutionContext.java:101)
	at org.eclipse.m2e.core.internal.embedder.MavenImpl.execute(MavenImpl.java:1374)
	at org.eclipse.m2e.core.internal.project.registry.ProjectRegistryRefreshJob.run(ProjectRegistryRefreshJob.java:84)
	at org.eclipse.core.internal.jobs.Worker.run(Worker.java:63)
2025-09-29 11:44:34,250 [Worker-13: Building workspace] INFO  o.e.m.c.i.e.AbstractTransferListenerAdapter - Downloading https://repo.maven.apache.org/maven2/org/apache/maven/plugins/maven-eclipse-plugin/2.9/maven-eclipse-plugin-2.9.pom
2025-09-29 11:44:34,260 [Worker-13: Building workspace] INFO  o.e.m.c.i.e.AbstractTransferListenerAdapter - Downloaded https://repo.maven.apache.org/maven2/org/apache/maven/plugins/maven-eclipse-plugin/2.9/maven-eclipse-plugin-2.9.pom
2025-09-29 11:44:34,272 [Worker-13: Building workspace] INFO  o.e.m.c.i.e.AbstractTransferListenerAdapter - Downloading https://repo.maven.apache.org/maven2/org/apache/maven/plugins/maven-eclipse-plugin/2.9/maven-eclipse-plugin-2.9.jar
2025-09-29 11:44:34,289 [Worker-13: Building workspace] INFO  o.e.m.c.i.e.AbstractTransferListenerAdapter - Downloaded https://repo.maven.apache.org/maven2/org/apache/maven/plugins/maven-eclipse-plugin/2.9/maven-eclipse-plugin-2.9.jar
2025-09-29 11:44:34,361 [Worker-13: Building workspace] INFO  o.e.m.c.i.e.AbstractTransferListenerAdapter - Downloading https://repo.maven.apache.org/maven2/org/codehaus/mojo/exec-maven-plugin/1.2.1/exec-maven-plugin-1.2.1.pom
2025-09-29 11:44:34,368 [Worker-13: Building workspace] INFO  o.e.m.c.i.e.AbstractTransferListenerAdapter - Downloaded https://repo.maven.apache.org/maven2/org/codehaus/mojo/exec-maven-plugin/1.2.1/exec-maven-plugin-1.2.1.pom
2025-09-29 11:44:34,375 [Worker-13: Building workspace] INFO  o.e.m.c.i.e.AbstractTransferListenerAdapter - Downloading https://repo.maven.apache.org/maven2/org/codehaus/mojo/mojo-parent/28/mojo-parent-28.pom
2025-09-29 11:44:34,383 [Worker-13: Building workspace] INFO  o.e.m.c.i.e.AbstractTransferListenerAdapter - Downloaded https://repo.maven.apache.org/maven2/org/codehaus/mojo/mojo-parent/28/mojo-parent-28.pom
2025-09-29 11:44:34,390 [Worker-13: Building workspace] INFO  o.e.m.c.i.e.AbstractTransferListenerAdapter - Downloading https://repo.maven.apache.org/maven2/org/codehaus/codehaus-parent/3/codehaus-parent-3.pom
2025-09-29 11:44:34,395 [Worker-13: Building workspace] INFO  o.e.m.c.i.e.AbstractTransferListenerAdapter - Downloaded https://repo.maven.apache.org/maven2/org/codehaus/codehaus-parent/3/codehaus-parent-3.pom
2025-09-29 11:44:34,402 [Worker-13: Building workspace] INFO  o.e.m.c.i.e.AbstractTransferListenerAdapter - Downloading https://repo.maven.apache.org/maven2/org/codehaus/mojo/exec-maven-plugin/1.2.1/exec-maven-plugin-1.2.1.jar
2025-09-29 11:44:34,409 [Worker-13: Building workspace] INFO  o.e.m.c.i.e.AbstractTransferListenerAdapter - Downloaded https://repo.maven.apache.org/maven2/org/codehaus/mojo/exec-maven-plugin/1.2.1/exec-maven-plugin-1.2.1.jar
2025-09-29 11:44:34,527 [Worker-13: Building workspace] INFO  o.e.m.c.i.e.AbstractTransferListenerAdapter - Downloading https://repo.maven.apache.org/maven2/org/apache/maven/plugins/maven-clean-plugin/2.5/maven-clean-plugin-2.5.pom
2025-09-29 11:44:34,533 [Worker-13: Building workspace] INFO  o.e.m.c.i.e.AbstractTransferListenerAdapter - Downloaded https://repo.maven.apache.org/maven2/org/apache/maven/plugins/maven-clean-plugin/2.5/maven-clean-plugin-2.5.pom
2025-09-29 11:44:34,541 [Worker-13: Building workspace] INFO  o.e.m.c.i.e.AbstractTransferListenerAdapter - Downloading https://repo.maven.apache.org/maven2/org/apache/maven/plugins/maven-resources-plugin/2.6/maven-resources-plugin-2.6.pom
2025-09-29 11:44:34,547 [Worker-13: Building workspace] INFO  o.e.m.c.i.e.AbstractTransferListenerAdapter - Downloaded https://repo.maven.apache.org/maven2/org/apache/maven/plugins/maven-resources-plugin/2.6/maven-resources-plugin-2.6.pom
2025-09-29 11:44:34,553 [Worker-13: Building workspace] INFO  o.e.m.c.i.e.AbstractTransferListenerAdapter - Downloading https://repo.maven.apache.org/maven2/org/apache/maven/plugins/maven-plugins/23/maven-plugins-23.pom
2025-09-29 11:44:34,559 [Worker-13: Building workspace] INFO  o.e.m.c.i.e.AbstractTransferListenerAdapter - Downloaded https://repo.maven.apache.org/maven2/org/apache/maven/plugins/maven-plugins/23/maven-plugins-23.pom
2025-09-29 11:44:34,565 [Worker-13: Building workspace] INFO  o.e.m.c.i.e.AbstractTransferListenerAdapter - Downloading https://repo.maven.apache.org/maven2/org/apache/maven/maven-parent/22/maven-parent-22.pom
2025-09-29 11:44:34,571 [Worker-13: Building workspace] INFO  o.e.m.c.i.e.AbstractTransferListenerAdapter - Downloaded https://repo.maven.apache.org/maven2/org/apache/maven/maven-parent/22/maven-parent-22.pom
2025-09-29 11:44:34,579 [Worker-13: Building workspace] INFO  o.e.m.c.i.e.AbstractTransferListenerAdapter - Downloading https://repo.maven.apache.org/maven2/org/apache/apache/11/apache-11.pom
2025-09-29 11:44:34,584 [Worker-13: Building workspace] INFO  o.e.m.c.i.e.AbstractTransferListenerAdapter - Downloaded https://repo.maven.apache.org/maven2/org/apache/apache/11/apache-11.pom
2025-09-29 11:44:34,593 [Worker-13: Building workspace] INFO  o.e.m.c.i.e.AbstractTransferListenerAdapter - Downloading https://repo.maven.apache.org/maven2/org/apache/maven/plugins/maven-war-plugin/2.2/maven-war-plugin-2.2.pom
2025-09-29 11:44:34,602 [Worker-13: Building workspace] INFO  o.e.m.c.i.e.AbstractTransferListenerAdapter - Downloaded https://repo.maven.apache.org/maven2/org/apache/maven/plugins/maven-war-plugin/2.2/maven-war-plugin-2.2.pom
2025-09-29 11:44:34,650 [Worker-13: Building workspace] INFO  o.e.m.c.i.e.AbstractTransferListenerAdapter - Downloading https://repo.maven.apache.org/maven2/org/apache/maven/plugins/maven-surefire-plugin/2.12.4/maven-surefire-plugin-2.12.4.pom
2025-09-29 11:44:34,657 [Worker-13: Building workspace] INFO  o.e.m.c.i.e.AbstractTransferListenerAdapter - Downloaded https://repo.maven.apache.org/maven2/org/apache/maven/plugins/maven-surefire-plugin/2.12.4/maven-surefire-plugin-2.12.4.pom
2025-09-29 11:44:34,664 [Worker-13: Building workspace] INFO  o.e.m.c.i.e.AbstractTransferListenerAdapter - Downloading https://repo.maven.apache.org/maven2/org/apache/maven/surefire/surefire/2.12.4/surefire-2.12.4.pom
2025-09-29 11:44:34,670 [Worker-13: Building workspace] INFO  o.e.m.c.i.e.AbstractTransferListenerAdapter - Downloaded https://repo.maven.apache.org/maven2/org/apache/maven/surefire/surefire/2.12.4/surefire-2.12.4.pom
2025-09-29 11:44:34,705 [Worker-13: Building workspace] INFO  o.e.m.c.i.e.AbstractTransferListenerAdapter - Downloading https://repo.maven.apache.org/maven2/org/apache/maven/maven-archiver/2.5/maven-archiver-2.5.pom
2025-09-29 11:44:34,711 [Worker-13: Building workspace] INFO  o.e.m.c.i.e.AbstractTransferListenerAdapter - Downloaded https://repo.maven.apache.org/maven2/org/apache/maven/maven-archiver/2.5/maven-archiver-2.5.pom
2025-09-29 11:44:34,717 [Worker-13: Building workspace] INFO  o.e.m.c.i.e.AbstractTransferListenerAdapter - Downloading https://repo.maven.apache.org/maven2/org/apache/maven/shared/maven-shared-components/17/maven-shared-components-17.pom
2025-09-29 11:44:34,722 [Worker-13: Building workspace] INFO  o.e.m.c.i.e.AbstractTransferListenerAdapter - Downloaded https://repo.maven.apache.org/maven2/org/apache/maven/shared/maven-shared-components/17/maven-shared-components-17.pom
2025-09-29 11:44:34,729 [Worker-13: Building workspace] INFO  o.e.m.c.i.e.AbstractTransferListenerAdapter - Downloading https://repo.maven.apache.org/maven2/org/codehaus/plexus/plexus-archiver/2.1/plexus-archiver-2.1.pom
2025-09-29 11:44:34,734 [Worker-13: Building workspace] INFO  o.e.m.c.i.e.AbstractTransferListenerAdapter - Downloaded https://repo.maven.apache.org/maven2/org/codehaus/plexus/plexus-archiver/2.1/plexus-archiver-2.1.pom
2025-09-29 11:44:34,744 [Worker-13: Building workspace] INFO  o.e.m.c.i.e.AbstractTransferListenerAdapter - Downloading https://repo.maven.apache.org/maven2/org/codehaus/plexus/plexus-io/2.0.2/plexus-io-2.0.2.pom
2025-09-29 11:44:34,751 [Worker-13: Building workspace] INFO  o.e.m.c.i.e.AbstractTransferListenerAdapter - Downloaded https://repo.maven.apache.org/maven2/org/codehaus/plexus/plexus-io/2.0.2/plexus-io-2.0.2.pom
2025-09-29 11:44:34,756 [Worker-13: Building workspace] INFO  o.e.m.c.i.e.AbstractTransferListenerAdapter - Downloading https://repo.maven.apache.org/maven2/org/codehaus/plexus/plexus-components/1.1.19/plexus-components-1.1.19.pom
2025-09-29 11:44:34,762 [Worker-13: Building workspace] INFO  o.e.m.c.i.e.AbstractTransferListenerAdapter - Downloaded https://repo.maven.apache.org/maven2/org/codehaus/plexus/plexus-components/1.1.19/plexus-components-1.1.19.pom
2025-09-29 11:44:34,768 [Worker-13: Building workspace] INFO  o.e.m.c.i.e.AbstractTransferListenerAdapter - Downloading https://repo.maven.apache.org/maven2/org/codehaus/plexus/plexus/3.0.1/plexus-3.0.1.pom
2025-09-29 11:44:34,775 [Worker-13: Building workspace] INFO  o.e.m.c.i.e.AbstractTransferListenerAdapter - Downloaded https://repo.maven.apache.org/maven2/org/codehaus/plexus/plexus/3.0.1/plexus-3.0.1.pom
2025-09-29 11:44:34,782 [Worker-13: Building workspace] INFO  o.e.m.c.i.e.AbstractTransferListenerAdapter - Downloading https://repo.maven.apache.org/maven2/org/codehaus/plexus/plexus-interpolation/1.15/plexus-interpolation-1.15.pom
2025-09-29 11:44:34,787 [Worker-13: Building workspace] INFO  o.e.m.c.i.e.AbstractTransferListenerAdapter - Downloaded https://repo.maven.apache.org/maven2/org/codehaus/plexus/plexus-interpolation/1.15/plexus-interpolation-1.15.pom
2025-09-29 11:44:34,795 [Worker-13: Building workspace] INFO  o.e.m.c.i.e.AbstractTransferListenerAdapter - Downloading https://repo.maven.apache.org/maven2/com/thoughtworks/xstream/xstream/1.3.1/xstream-1.3.1.pom
2025-09-29 11:44:34,801 [Worker-13: Building workspace] INFO  o.e.m.c.i.e.AbstractTransferListenerAdapter - Downloaded https://repo.maven.apache.org/maven2/com/thoughtworks/xstream/xstream/1.3.1/xstream-1.3.1.pom
2025-09-29 11:44:34,807 [Worker-13: Building workspace] INFO  o.e.m.c.i.e.AbstractTransferListenerAdapter - Downloading https://repo.maven.apache.org/maven2/com/thoughtworks/xstream/xstream-parent/1.3.1/xstream-parent-1.3.1.pom
2025-09-29 11:44:34,814 [Worker-13: Building workspace] INFO  o.e.m.c.i.e.AbstractTransferListenerAdapter - Downloaded https://repo.maven.apache.org/maven2/com/thoughtworks/xstream/xstream-parent/1.3.1/xstream-parent-1.3.1.pom
2025-09-29 11:44:34,821 [Worker-13: Building workspace] INFO  o.e.m.c.i.e.AbstractTransferListenerAdapter - Downloading https://repo.maven.apache.org/maven2/xpp3/xpp3_min/1.1.4c/xpp3_min-1.1.4c.pom
2025-09-29 11:44:34,834 [Worker-13: Building workspace] INFO  o.e.m.c.i.e.AbstractTransferListenerAdapter - Downloaded https://repo.maven.apache.org/maven2/xpp3/xpp3_min/1.1.4c/xpp3_min-1.1.4c.pom
2025-09-29 11:44:34,841 [Worker-13: Building workspace] INFO  o.e.m.c.i.e.AbstractTransferListenerAdapter - Downloading https://repo.maven.apache.org/maven2/org/apache/maven/shared/maven-filtering/1.0-beta-2/maven-filtering-1.0-beta-2.pom
2025-09-29 11:44:34,848 [Worker-13: Building workspace] INFO  o.e.m.c.i.e.AbstractTransferListenerAdapter - Downloaded https://repo.maven.apache.org/maven2/org/apache/maven/shared/maven-filtering/1.0-beta-2/maven-filtering-1.0-beta-2.pom
2025-09-29 11:44:34,854 [Worker-13: Building workspace] INFO  o.e.m.c.i.e.AbstractTransferListenerAdapter - Downloading https://repo.maven.apache.org/maven2/org/apache/maven/shared/maven-shared-components/10/maven-shared-components-10.pom
2025-09-29 11:44:34,860 [Worker-13: Building workspace] INFO  o.e.m.c.i.e.AbstractTransferListenerAdapter - Downloaded https://repo.maven.apache.org/maven2/org/apache/maven/shared/maven-shared-components/10/maven-shared-components-10.pom
2025-09-29 11:44:34,865 [Worker-13: Building workspace] INFO  o.e.m.c.i.e.AbstractTransferListenerAdapter - Downloading https://repo.maven.apache.org/maven2/org/apache/maven/maven-parent/9/maven-parent-9.pom
2025-09-29 11:44:34,871 [Worker-13: Building workspace] INFO  o.e.m.c.i.e.AbstractTransferListenerAdapter - Downloaded https://repo.maven.apache.org/maven2/org/apache/maven/maven-parent/9/maven-parent-9.pom
2025-09-29 11:44:34,878 [Worker-13: Building workspace] INFO  o.e.m.c.i.e.AbstractTransferListenerAdapter - Downloading https://repo.maven.apache.org/maven2/org/codehaus/plexus/plexus-utils/1.5.6/plexus-utils-1.5.6.pom
2025-09-29 11:44:34,883 [Worker-13: Building workspace] INFO  o.e.m.c.i.e.AbstractTransferListenerAdapter - Downloaded https://repo.maven.apache.org/maven2/org/codehaus/plexus/plexus-utils/1.5.6/plexus-utils-1.5.6.pom
2025-09-29 11:44:34,889 [Worker-13: Building workspace] INFO  o.e.m.c.i.e.AbstractTransferListenerAdapter - Downloading https://repo.maven.apache.org/maven2/org/codehaus/plexus/plexus/1.0.12/plexus-1.0.12.pom
2025-09-29 11:44:34,893 [Worker-13: Building workspace] INFO  o.e.m.c.i.e.AbstractTransferListenerAdapter - Downloaded https://repo.maven.apache.org/maven2/org/codehaus/plexus/plexus/1.0.12/plexus-1.0.12.pom
2025-09-29 11:44:34,901 [Worker-13: Building workspace] INFO  o.e.m.c.i.e.AbstractTransferListenerAdapter - Downloading https://repo.maven.apache.org/maven2/org/codehaus/plexus/plexus-interpolation/1.6/plexus-interpolation-1.6.pom
2025-09-29 11:44:34,907 [Worker-13: Building workspace] INFO  o.e.m.c.i.e.AbstractTransferListenerAdapter - Downloaded https://repo.maven.apache.org/maven2/org/codehaus/plexus/plexus-interpolation/1.6/plexus-interpolation-1.6.pom
2025-09-29 11:44:34,917 [AetherRepositoryConnector-repo.maven.apache.org-3-0] INFO  o.e.m.c.i.e.AbstractTransferListenerAdapter - Downloading https://repo.maven.apache.org/maven2/org/apache/maven/maven-plugin-api/2.0.6/maven-plugin-api-2.0.6.jar
2025-09-29 11:44:34,920 [AetherRepositoryConnector-repo.maven.apache.org-3-1] INFO  o.e.m.c.i.e.AbstractTransferListenerAdapter - Downloading https://repo.maven.apache.org/maven2/org/apache/maven/maven-artifact/2.0.6/maven-artifact-2.0.6.jar
2025-09-29 11:44:34,923 [AetherRepositoryConnector-repo.maven.apache.org-3-2] INFO  o.e.m.c.i.e.AbstractTransferListenerAdapter - Downloading https://repo.maven.apache.org/maven2/org/apache/maven/maven-model/2.0.6/maven-model-2.0.6.jar
2025-09-29 11:44:34,923 [AetherRepositoryConnector-repo.maven.apache.org-3-4] INFO  o.e.m.c.i.e.AbstractTransferListenerAdapter - Downloading https://repo.maven.apache.org/maven2/org/apache/maven/maven-profile/2.0.6/maven-profile-2.0.6.jar
2025-09-29 11:44:34,923 [AetherRepositoryConnector-repo.maven.apache.org-3-3] INFO  o.e.m.c.i.e.AbstractTransferListenerAdapter - Downloading https://repo.maven.apache.org/maven2/org/apache/maven/maven-project/2.0.6/maven-project-2.0.6.jar
2025-09-29 11:44:34,930 [AetherRepositoryConnector-repo.maven.apache.org-3-0] INFO  o.e.m.c.i.e.AbstractTransferListenerAdapter - Downloaded https://repo.maven.apache.org/maven2/org/apache/maven/maven-plugin-api/2.0.6/maven-plugin-api-2.0.6.jar
2025-09-29 11:44:34,933 [AetherRepositoryConnector-repo.maven.apache.org-3-1] INFO  o.e.m.c.i.e.AbstractTransferListenerAdapter - Downloaded https://repo.maven.apache.org/maven2/org/apache/maven/maven-artifact/2.0.6/maven-artifact-2.0.6.jar
2025-09-29 11:44:34,936 [AetherRepositoryConnector-repo.maven.apache.org-3-2] INFO  o.e.m.c.i.e.AbstractTransferListenerAdapter - Downloaded https://repo.maven.apache.org/maven2/org/apache/maven/maven-model/2.0.6/maven-model-2.0.6.jar
2025-09-29 11:44:34,937 [AetherRepositoryConnector-repo.maven.apache.org-3-4] INFO  o.e.m.c.i.e.AbstractTransferListenerAdapter - Downloaded https://repo.maven.apache.org/maven2/org/apache/maven/maven-profile/2.0.6/maven-profile-2.0.6.jar
2025-09-29 11:44:34,938 [AetherRepositoryConnector-repo.maven.apache.org-3-1] INFO  o.e.m.c.i.e.AbstractTransferListenerAdapter - Downloading https://repo.maven.apache.org/maven2/org/apache/maven/maven-plugin-registry/2.0.6/maven-plugin-registry-2.0.6.jar
2025-09-29 11:44:34,939 [AetherRepositoryConnector-repo.maven.apache.org-3-0] INFO  o.e.m.c.i.e.AbstractTransferListenerAdapter - Downloading https://repo.maven.apache.org/maven2/org/apache/maven/maven-artifact-manager/2.0.6/maven-artifact-manager-2.0.6.jar
2025-09-29 11:44:34,940 [AetherRepositoryConnector-repo.maven.apache.org-3-3] INFO  o.e.m.c.i.e.AbstractTransferListenerAdapter - Downloaded https://repo.maven.apache.org/maven2/org/apache/maven/maven-project/2.0.6/maven-project-2.0.6.jar
2025-09-29 11:44:34,942 [AetherRepositoryConnector-repo.maven.apache.org-3-4] INFO  o.e.m.c.i.e.AbstractTransferListenerAdapter - Downloading https://repo.maven.apache.org/maven2/org/apache/maven/maven-plugin-parameter-documenter/2.0.6/maven-plugin-parameter-documenter-2.0.6.jar
2025-09-29 11:44:34,942 [AetherRepositoryConnector-repo.maven.apache.org-3-2] INFO  o.e.m.c.i.e.AbstractTransferListenerAdapter - Downloading https://repo.maven.apache.org/maven2/org/apache/maven/maven-core/2.0.6/maven-core-2.0.6.jar
2025-09-29 11:44:34,945 [AetherRepositoryConnector-repo.maven.apache.org-3-3] INFO  o.e.m.c.i.e.AbstractTransferListenerAdapter - Downloading https://repo.maven.apache.org/maven2/org/apache/maven/reporting/maven-reporting-api/2.0.6/maven-reporting-api-2.0.6.jar
2025-09-29 11:44:34,947 [AetherRepositoryConnector-repo.maven.apache.org-3-0] INFO  o.e.m.c.i.e.AbstractTransferListenerAdapter - Downloaded https://repo.maven.apache.org/maven2/org/apache/maven/maven-artifact-manager/2.0.6/maven-artifact-manager-2.0.6.jar
2025-09-29 11:44:34,947 [AetherRepositoryConnector-repo.maven.apache.org-3-1] INFO  o.e.m.c.i.e.AbstractTransferListenerAdapter - Downloaded https://repo.maven.apache.org/maven2/org/apache/maven/maven-plugin-registry/2.0.6/maven-plugin-registry-2.0.6.jar
2025-09-29 11:44:34,953 [AetherRepositoryConnector-repo.maven.apache.org-3-3] INFO  o.e.m.c.i.e.AbstractTransferListenerAdapter - Downloaded https://repo.maven.apache.org/maven2/org/apache/maven/reporting/maven-reporting-api/2.0.6/maven-reporting-api-2.0.6.jar
2025-09-29 11:44:34,954 [AetherRepositoryConnector-repo.maven.apache.org-3-4] INFO  o.e.m.c.i.e.AbstractTransferListenerAdapter - Downloaded https://repo.maven.apache.org/maven2/org/apache/maven/maven-plugin-parameter-documenter/2.0.6/maven-plugin-parameter-documenter-2.0.6.jar
2025-09-29 11:44:34,954 [AetherRepositoryConnector-repo.maven.apache.org-3-2] INFO  o.e.m.c.i.e.AbstractTransferListenerAdapter - Downloaded https://repo.maven.apache.org/maven2/org/apache/maven/maven-core/2.0.6/maven-core-2.0.6.jar
2025-09-29 11:44:34,956 [AetherRepositoryConnector-repo.maven.apache.org-3-1] INFO  o.e.m.c.i.e.AbstractTransferListenerAdapter - Downloading https://repo.maven.apache.org/maven2/org/apache/maven/maven-repository-metadata/2.0.6/maven-repository-metadata-2.0.6.jar
2025-09-29 11:44:34,956 [AetherRepositoryConnector-repo.maven.apache.org-3-0] INFO  o.e.m.c.i.e.AbstractTransferListenerAdapter - Downloading https://repo.maven.apache.org/maven2/org/apache/maven/doxia/doxia-sink-api/1.0-alpha-7/doxia-sink-api-1.0-alpha-7.jar
2025-09-29 11:44:34,959 [AetherRepositoryConnector-repo.maven.apache.org-3-3] INFO  o.e.m.c.i.e.AbstractTransferListenerAdapter - Downloading https://repo.maven.apache.org/maven2/org/apache/maven/maven-error-diagnostics/2.0.6/maven-error-diagnostics-2.0.6.jar
2025-09-29 11:44:34,959 [AetherRepositoryConnector-repo.maven.apache.org-3-4] INFO  o.e.m.c.i.e.AbstractTransferListenerAdapter - Downloading https://repo.maven.apache.org/maven2/org/apache/maven/maven-plugin-descriptor/2.0.6/maven-plugin-descriptor-2.0.6.jar
2025-09-29 11:44:34,959 [AetherRepositoryConnector-repo.maven.apache.org-3-2] INFO  o.e.m.c.i.e.AbstractTransferListenerAdapter - Downloading https://repo.maven.apache.org/maven2/commons-cli/commons-cli/1.0/commons-cli-1.0.jar
2025-09-29 11:44:34,962 [AetherRepositoryConnector-repo.maven.apache.org-3-1] INFO  o.e.m.c.i.e.AbstractTransferListenerAdapter - Downloaded https://repo.maven.apache.org/maven2/org/apache/maven/maven-repository-metadata/2.0.6/maven-repository-metadata-2.0.6.jar
2025-09-29 11:44:34,963 [AetherRepositoryConnector-repo.maven.apache.org-3-0] INFO  o.e.m.c.i.e.AbstractTransferListenerAdapter - Downloaded https://repo.maven.apache.org/maven2/org/apache/maven/doxia/doxia-sink-api/1.0-alpha-7/doxia-sink-api-1.0-alpha-7.jar
2025-09-29 11:44:34,965 [AetherRepositoryConnector-repo.maven.apache.org-3-2] INFO  o.e.m.c.i.e.AbstractTransferListenerAdapter - Downloaded https://repo.maven.apache.org/maven2/commons-cli/commons-cli/1.0/commons-cli-1.0.jar
2025-09-29 11:44:34,966 [AetherRepositoryConnector-repo.maven.apache.org-3-3] INFO  o.e.m.c.i.e.AbstractTransferListenerAdapter - Downloaded https://repo.maven.apache.org/maven2/org/apache/maven/maven-error-diagnostics/2.0.6/maven-error-diagnostics-2.0.6.jar
2025-09-29 11:44:34,966 [AetherRepositoryConnector-repo.maven.apache.org-3-4] INFO  o.e.m.c.i.e.AbstractTransferListenerAdapter - Downloaded https://repo.maven.apache.org/maven2/org/apache/maven/maven-plugin-descriptor/2.0.6/maven-plugin-descriptor-2.0.6.jar
2025-09-29 11:44:34,969 [AetherRepositoryConnector-repo.maven.apache.org-3-1] INFO  o.e.m.c.i.e.AbstractTransferListenerAdapter - Downloading https://repo.maven.apache.org/maven2/org/codehaus/plexus/plexus-interactivity-api/1.0-alpha-4/plexus-interactivity-api-1.0-alpha-4.jar
2025-09-29 11:44:34,969 [AetherRepositoryConnector-repo.maven.apache.org-3-0] INFO  o.e.m.c.i.e.AbstractTransferListenerAdapter - Downloading https://repo.maven.apache.org/maven2/classworlds/classworlds/1.1/classworlds-1.1.jar
2025-09-29 11:44:34,971 [AetherRepositoryConnector-repo.maven.apache.org-3-4] INFO  o.e.m.c.i.e.AbstractTransferListenerAdapter - Downloading https://repo.maven.apache.org/maven2/org/apache/maven/maven-archiver/2.5/maven-archiver-2.5.jar
2025-09-29 11:44:34,972 [AetherRepositoryConnector-repo.maven.apache.org-3-2] INFO  o.e.m.c.i.e.AbstractTransferListenerAdapter - Downloading https://repo.maven.apache.org/maven2/org/apache/maven/maven-settings/2.0.6/maven-settings-2.0.6.jar
2025-09-29 11:44:34,972 [AetherRepositoryConnector-repo.maven.apache.org-3-3] INFO  o.e.m.c.i.e.AbstractTransferListenerAdapter - Downloading https://repo.maven.apache.org/maven2/org/apache/maven/maven-monitor/2.0.6/maven-monitor-2.0.6.jar
2025-09-29 11:44:34,976 [AetherRepositoryConnector-repo.maven.apache.org-3-0] INFO  o.e.m.c.i.e.AbstractTransferListenerAdapter - Downloaded https://repo.maven.apache.org/maven2/classworlds/classworlds/1.1/classworlds-1.1.jar
2025-09-29 11:44:34,976 [AetherRepositoryConnector-repo.maven.apache.org-3-1] INFO  o.e.m.c.i.e.AbstractTransferListenerAdapter - Downloaded https://repo.maven.apache.org/maven2/org/codehaus/plexus/plexus-interactivity-api/1.0-alpha-4/plexus-interactivity-api-1.0-alpha-4.jar
2025-09-29 11:44:34,979 [AetherRepositoryConnector-repo.maven.apache.org-3-3] INFO  o.e.m.c.i.e.AbstractTransferListenerAdapter - Downloaded https://repo.maven.apache.org/maven2/org/apache/maven/maven-monitor/2.0.6/maven-monitor-2.0.6.jar
2025-09-29 11:44:34,979 [AetherRepositoryConnector-repo.maven.apache.org-3-4] INFO  o.e.m.c.i.e.AbstractTransferListenerAdapter - Downloaded https://repo.maven.apache.org/maven2/org/apache/maven/maven-archiver/2.5/maven-archiver-2.5.jar
2025-09-29 11:44:34,979 [AetherRepositoryConnector-repo.maven.apache.org-3-2] INFO  o.e.m.c.i.e.AbstractTransferListenerAdapter - Downloaded https://repo.maven.apache.org/maven2/org/apache/maven/maven-settings/2.0.6/maven-settings-2.0.6.jar
2025-09-29 11:44:34,981 [AetherRepositoryConnector-repo.maven.apache.org-3-1] INFO  o.e.m.c.i.e.AbstractTransferListenerAdapter - Downloading https://repo.maven.apache.org/maven2/org/codehaus/plexus/plexus-io/2.0.2/plexus-io-2.0.2.jar
2025-09-29 11:44:34,982 [AetherRepositoryConnector-repo.maven.apache.org-3-0] INFO  o.e.m.c.i.e.AbstractTransferListenerAdapter - Downloading https://repo.maven.apache.org/maven2/org/codehaus/plexus/plexus-archiver/2.1/plexus-archiver-2.1.jar
2025-09-29 11:44:34,988 [AetherRepositoryConnector-repo.maven.apache.org-3-3] INFO  o.e.m.c.i.e.AbstractTransferListenerAdapter - Downloading https://repo.maven.apache.org/maven2/org/codehaus/plexus/plexus-interpolation/1.15/plexus-interpolation-1.15.jar
2025-09-29 11:44:34,988 [AetherRepositoryConnector-repo.maven.apache.org-3-2] INFO  o.e.m.c.i.e.AbstractTransferListenerAdapter - Downloading https://repo.maven.apache.org/maven2/xpp3/xpp3_min/1.1.4c/xpp3_min-1.1.4c.jar
2025-09-29 11:44:34,988 [AetherRepositoryConnector-repo.maven.apache.org-3-4] INFO  o.e.m.c.i.e.AbstractTransferListenerAdapter - Downloading https://repo.maven.apache.org/maven2/com/thoughtworks/xstream/xstream/1.3.1/xstream-1.3.1.jar
2025-09-29 11:44:34,990 [AetherRepositoryConnector-repo.maven.apache.org-3-1] INFO  o.e.m.c.i.e.AbstractTransferListenerAdapter - Downloaded https://repo.maven.apache.org/maven2/org/codehaus/plexus/plexus-io/2.0.2/plexus-io-2.0.2.jar
2025-09-29 11:44:34,993 [AetherRepositoryConnector-repo.maven.apache.org-3-0] INFO  o.e.m.c.i.e.AbstractTransferListenerAdapter - Downloaded https://repo.maven.apache.org/maven2/org/codehaus/plexus/plexus-archiver/2.1/plexus-archiver-2.1.jar
2025-09-29 11:44:34,996 [AetherRepositoryConnector-repo.maven.apache.org-3-1] INFO  o.e.m.c.i.e.AbstractTransferListenerAdapter - Downloading https://repo.maven.apache.org/maven2/org/apache/maven/shared/maven-filtering/1.0-beta-2/maven-filtering-1.0-beta-2.jar
2025-09-29 11:44:34,996 [AetherRepositoryConnector-repo.maven.apache.org-3-3] INFO  o.e.m.c.i.e.AbstractTransferListenerAdapter - Downloaded https://repo.maven.apache.org/maven2/org/codehaus/plexus/plexus-interpolation/1.15/plexus-interpolation-1.15.jar
2025-09-29 11:44:34,998 [AetherRepositoryConnector-repo.maven.apache.org-3-2] INFO  o.e.m.c.i.e.AbstractTransferListenerAdapter - Downloaded https://repo.maven.apache.org/maven2/xpp3/xpp3_min/1.1.4c/xpp3_min-1.1.4c.jar
2025-09-29 11:44:35,002 [AetherRepositoryConnector-repo.maven.apache.org-3-1] INFO  o.e.m.c.i.e.AbstractTransferListenerAdapter - Downloaded https://repo.maven.apache.org/maven2/org/apache/maven/shared/maven-filtering/1.0-beta-2/maven-filtering-1.0-beta-2.jar
2025-09-29 11:44:35,101 [AetherRepositoryConnector-repo.maven.apache.org-3-4] INFO  o.e.m.c.i.e.AbstractTransferListenerAdapter - Downloaded https://repo.maven.apache.org/maven2/com/thoughtworks/xstream/xstream/1.3.1/xstream-1.3.1.jar
2025-09-29 11:44:37,867 [Worker-13: Building workspace] INFO  o.e.m.c.i.e.AbstractTransferListenerAdapter - Downloading https://repo.maven.apache.org/maven2/org/codehaus/plexus/plexus-utils/2.0.5/plexus-utils-2.0.5.pom
2025-09-29 11:44:37,878 [Worker-13: Building workspace] INFO  o.e.m.c.i.e.AbstractTransferListenerAdapter - Downloaded https://repo.maven.apache.org/maven2/org/codehaus/plexus/plexus-utils/2.0.5/plexus-utils-2.0.5.pom
2025-09-29 11:44:37,888 [Worker-13: Building workspace] INFO  o.e.m.c.i.e.AbstractTransferListenerAdapter - Downloading https://repo.maven.apache.org/maven2/org/apache/maven/shared/maven-filtering/1.1/maven-filtering-1.1.pom
2025-09-29 11:44:37,895 [Worker-13: Building workspace] INFO  o.e.m.c.i.e.AbstractTransferListenerAdapter - Downloaded https://repo.maven.apache.org/maven2/org/apache/maven/shared/maven-filtering/1.1/maven-filtering-1.1.pom
2025-09-29 11:44:37,904 [Worker-13: Building workspace] INFO  o.e.m.c.i.e.AbstractTransferListenerAdapter - Downloading https://repo.maven.apache.org/maven2/org/codehaus/plexus/plexus-utils/1.5.15/plexus-utils-1.5.15.pom
2025-09-29 11:44:37,911 [Worker-13: Building workspace] INFO  o.e.m.c.i.e.AbstractTransferListenerAdapter - Downloaded https://repo.maven.apache.org/maven2/org/codehaus/plexus/plexus-utils/1.5.15/plexus-utils-1.5.15.pom
2025-09-29 11:44:37,919 [Worker-13: Building workspace] INFO  o.e.m.c.i.e.AbstractTransferListenerAdapter - Downloading https://repo.maven.apache.org/maven2/org/codehaus/plexus/plexus/2.0.2/plexus-2.0.2.pom
2025-09-29 11:44:37,926 [Worker-13: Building workspace] INFO  o.e.m.c.i.e.AbstractTransferListenerAdapter - Downloaded https://repo.maven.apache.org/maven2/org/codehaus/plexus/plexus/2.0.2/plexus-2.0.2.pom
2025-09-29 11:44:37,935 [Worker-13: Building workspace] INFO  o.e.m.c.i.e.AbstractTransferListenerAdapter - Downloading https://repo.maven.apache.org/maven2/org/codehaus/plexus/plexus-interpolation/1.12/plexus-interpolation-1.12.pom
2025-09-29 11:44:37,942 [Worker-13: Building workspace] INFO  o.e.m.c.i.e.AbstractTransferListenerAdapter - Downloaded https://repo.maven.apache.org/maven2/org/codehaus/plexus/plexus-interpolation/1.12/plexus-interpolation-1.12.pom
2025-09-29 11:44:37,949 [Worker-13: Building workspace] INFO  o.e.m.c.i.e.AbstractTransferListenerAdapter - Downloading https://repo.maven.apache.org/maven2/org/codehaus/plexus/plexus-components/1.1.14/plexus-components-1.1.14.pom
2025-09-29 11:44:37,956 [Worker-13: Building workspace] INFO  o.e.m.c.i.e.AbstractTransferListenerAdapter - Downloaded https://repo.maven.apache.org/maven2/org/codehaus/plexus/plexus-components/1.1.14/plexus-components-1.1.14.pom
2025-09-29 11:44:37,963 [Worker-13: Building workspace] INFO  o.e.m.c.i.e.AbstractTransferListenerAdapter - Downloading https://repo.maven.apache.org/maven2/org/sonatype/plexus/plexus-build-api/0.0.4/plexus-build-api-0.0.4.pom
2025-09-29 11:44:37,971 [Worker-13: Building workspace] INFO  o.e.m.c.i.e.AbstractTransferListenerAdapter - Downloaded https://repo.maven.apache.org/maven2/org/sonatype/plexus/plexus-build-api/0.0.4/plexus-build-api-0.0.4.pom
2025-09-29 11:44:37,978 [Worker-13: Building workspace] INFO  o.e.m.c.i.e.AbstractTransferListenerAdapter - Downloading https://repo.maven.apache.org/maven2/org/sonatype/spice/spice-parent/10/spice-parent-10.pom
2025-09-29 11:44:37,985 [Worker-13: Building workspace] INFO  o.e.m.c.i.e.AbstractTransferListenerAdapter - Downloaded https://repo.maven.apache.org/maven2/org/sonatype/spice/spice-parent/10/spice-parent-10.pom
2025-09-29 11:44:37,993 [Worker-13: Building workspace] INFO  o.e.m.c.i.e.AbstractTransferListenerAdapter - Downloading https://repo.maven.apache.org/maven2/org/sonatype/forge/forge-parent/3/forge-parent-3.pom
2025-09-29 11:44:38,000 [Worker-13: Building workspace] INFO  o.e.m.c.i.e.AbstractTransferListenerAdapter - Downloaded https://repo.maven.apache.org/maven2/org/sonatype/forge/forge-parent/3/forge-parent-3.pom
2025-09-29 11:44:38,009 [Worker-13: Building workspace] INFO  o.e.m.c.i.e.AbstractTransferListenerAdapter - Downloading https://repo.maven.apache.org/maven2/org/codehaus/plexus/plexus-utils/1.5.8/plexus-utils-1.5.8.pom
2025-09-29 11:44:38,016 [Worker-13: Building workspace] INFO  o.e.m.c.i.e.AbstractTransferListenerAdapter - Downloaded https://repo.maven.apache.org/maven2/org/codehaus/plexus/plexus-utils/1.5.8/plexus-utils-1.5.8.pom
2025-09-29 11:44:38,024 [Worker-13: Building workspace] INFO  o.e.m.c.i.e.AbstractTransferListenerAdapter - Downloading https://repo.maven.apache.org/maven2/org/codehaus/plexus/plexus-interpolation/1.13/plexus-interpolation-1.13.pom
2025-09-29 11:44:38,031 [Worker-13: Building workspace] INFO  o.e.m.c.i.e.AbstractTransferListenerAdapter - Downloaded https://repo.maven.apache.org/maven2/org/codehaus/plexus/plexus-interpolation/1.13/plexus-interpolation-1.13.pom
2025-09-29 11:44:38,039 [Worker-13: Building workspace] INFO  o.e.m.c.i.e.AbstractTransferListenerAdapter - Downloading https://repo.maven.apache.org/maven2/org/codehaus/plexus/plexus-components/1.1.15/plexus-components-1.1.15.pom
2025-09-29 11:44:38,046 [Worker-13: Building workspace] INFO  o.e.m.c.i.e.AbstractTransferListenerAdapter - Downloaded https://repo.maven.apache.org/maven2/org/codehaus/plexus/plexus-components/1.1.15/plexus-components-1.1.15.pom
2025-09-29 11:44:38,053 [Worker-13: Building workspace] INFO  o.e.m.c.i.e.AbstractTransferListenerAdapter - Downloading https://repo.maven.apache.org/maven2/org/codehaus/plexus/plexus/2.0.3/plexus-2.0.3.pom
2025-09-29 11:44:38,060 [Worker-13: Building workspace] INFO  o.e.m.c.i.e.AbstractTransferListenerAdapter - Downloaded https://repo.maven.apache.org/maven2/org/codehaus/plexus/plexus/2.0.3/plexus-2.0.3.pom
2025-09-29 11:44:38,073 [AetherRepositoryConnector-repo.maven.apache.org-4-1] INFO  o.e.m.c.i.e.AbstractTransferListenerAdapter - Downloading https://repo.maven.apache.org/maven2/org/apache/maven/shared/maven-filtering/1.1/maven-filtering-1.1.jar
2025-09-29 11:44:38,073 [AetherRepositoryConnector-repo.maven.apache.org-4-2] INFO  o.e.m.c.i.e.AbstractTransferListenerAdapter - Downloading https://repo.maven.apache.org/maven2/org/sonatype/plexus/plexus-build-api/0.0.4/plexus-build-api-0.0.4.jar
2025-09-29 11:44:38,077 [AetherRepositoryConnector-repo.maven.apache.org-4-0] INFO  o.e.m.c.i.e.AbstractTransferListenerAdapter - Downloading https://repo.maven.apache.org/maven2/org/codehaus/plexus/plexus-utils/2.0.5/plexus-utils-2.0.5.jar
2025-09-29 11:44:38,081 [AetherRepositoryConnector-repo.maven.apache.org-4-3] INFO  o.e.m.c.i.e.AbstractTransferListenerAdapter - Downloading https://repo.maven.apache.org/maven2/org/codehaus/plexus/plexus-interpolation/1.13/plexus-interpolation-1.13.jar
2025-09-29 11:44:38,089 [AetherRepositoryConnector-repo.maven.apache.org-4-2] INFO  o.e.m.c.i.e.AbstractTransferListenerAdapter - Downloaded https://repo.maven.apache.org/maven2/org/sonatype/plexus/plexus-build-api/0.0.4/plexus-build-api-0.0.4.jar
2025-09-29 11:44:38,092 [AetherRepositoryConnector-repo.maven.apache.org-4-1] INFO  o.e.m.c.i.e.AbstractTransferListenerAdapter - Downloaded https://repo.maven.apache.org/maven2/org/apache/maven/shared/maven-filtering/1.1/maven-filtering-1.1.jar
2025-09-29 11:44:38,092 [AetherRepositoryConnector-repo.maven.apache.org-4-3] INFO  o.e.m.c.i.e.AbstractTransferListenerAdapter - Downloaded https://repo.maven.apache.org/maven2/org/codehaus/plexus/plexus-interpolation/1.13/plexus-interpolation-1.13.jar
2025-09-29 11:44:38,098 [AetherRepositoryConnector-repo.maven.apache.org-4-0] INFO  o.e.m.c.i.e.AbstractTransferListenerAdapter - Downloaded https://repo.maven.apache.org/maven2/org/codehaus/plexus/plexus-utils/2.0.5/plexus-utils-2.0.5.jar
2025-09-29 11:44:38,407 [Worker-13: Building workspace] WARN  o.e.m.c.i.embedder.EclipseLogger - Using platform encoding (MS949 actually) to copy filtered resources, i.e. build is platform dependent!
2025-09-29 11:44:38,410 [Worker-13: Building workspace] INFO  o.e.m.c.i.embedder.EclipseLogger - Copying 1 resource
2025-09-29 11:44:38,415 [Worker-13: Building workspace] WARN  o.e.m.c.i.embedder.EclipseLogger - Using platform encoding (MS949 actually) to copy filtered resources, i.e. build is platform dependent!
2025-09-29 11:44:38,416 [Worker-13: Building workspace] INFO  o.e.m.c.i.embedder.EclipseLogger - Copying 1 resource
2025-09-29 11:44:38,755 [Worker-18: Download sources and javadoc] INFO  o.e.m.c.i.e.AbstractTransferListenerAdapter - Downloading https://repo.maven.apache.org/maven2/org/springframework/spring-context/3.1.1.RELEASE/spring-context-3.1.1.RELEASE-sources.jar
2025-09-29 11:44:38,798 [Worker-18: Download sources and javadoc] INFO  o.e.m.c.i.e.AbstractTransferListenerAdapter - Downloaded https://repo.maven.apache.org/maven2/org/springframework/spring-context/3.1.1.RELEASE/spring-context-3.1.1.RELEASE-sources.jar
2025-09-29 11:44:38,942 [Worker-18: Download sources and javadoc] INFO  o.e.m.j.internal.DownloadSourcesJob - Downloaded sources for org.springframework:spring-context:3.1.1.RELEASE
2025-09-29 11:44:38,970 [Worker-18: Download sources and javadoc] INFO  o.e.m.c.i.e.AbstractTransferListenerAdapter - Downloading https://repo.maven.apache.org/maven2/org/springframework/spring-aop/3.1.1.RELEASE/spring-aop-3.1.1.RELEASE-sources.jar
2025-09-29 11:44:39,017 [Worker-18: Download sources and javadoc] INFO  o.e.m.c.i.e.AbstractTransferListenerAdapter - Downloaded https://repo.maven.apache.org/maven2/org/springframework/spring-aop/3.1.1.RELEASE/spring-aop-3.1.1.RELEASE-sources.jar
2025-09-29 11:44:39,054 [Worker-13: Building] WARN  o.e.m.c.i.embedder.EclipseLogger - Using platform encoding (MS949 actually) to copy filtered resources, i.e. build is platform dependent!
2025-09-29 11:44:39,059 [Worker-13: Building] INFO  o.e.m.c.i.embedder.EclipseLogger - Copying 1 resource
2025-09-29 11:44:39,061 [Worker-13: Building] WARN  o.e.m.c.i.embedder.EclipseLogger - Using platform encoding (MS949 actually) to copy filtered resources, i.e. build is platform dependent!
2025-09-29 11:44:39,061 [Worker-13: Building] INFO  o.e.m.c.i.embedder.EclipseLogger - Copying 1 resource
2025-09-29 11:44:39,108 [Worker-18: Download sources and javadoc] INFO  o.e.m.j.internal.DownloadSourcesJob - Downloaded sources for org.springframework:spring-aop:3.1.1.RELEASE
2025-09-29 11:44:39,145 [Worker-18: Download sources and javadoc] INFO  o.e.m.c.i.e.AbstractTransferListenerAdapter - Downloading https://repo.maven.apache.org/maven2/aopalliance/aopalliance/1.0/aopalliance-1.0-sources.jar
2025-09-29 11:44:39,165 [Worker-18: Download sources and javadoc] INFO  o.e.m.c.i.e.AbstractTransferListenerAdapter - Downloaded https://repo.maven.apache.org/maven2/aopalliance/aopalliance/1.0/aopalliance-1.0-sources.jar
2025-09-29 11:44:39,248 [Worker-18: Download sources and javadoc] INFO  o.e.m.j.internal.DownloadSourcesJob - Downloaded sources for aopalliance:aopalliance:1.0
2025-09-29 11:44:39,272 [Worker-18: Download sources and javadoc] INFO  o.e.m.c.i.e.AbstractTransferListenerAdapter - Downloading https://repo.maven.apache.org/maven2/org/springframework/spring-beans/3.1.1.RELEASE/spring-beans-3.1.1.RELEASE-sources.jar
2025-09-29 11:44:39,466 [Worker-18: Download sources and javadoc] INFO  o.e.m.c.i.e.AbstractTransferListenerAdapter - Downloaded https://repo.maven.apache.org/maven2/org/springframework/spring-beans/3.1.1.RELEASE/spring-beans-3.1.1.RELEASE-sources.jar
2025-09-29 11:44:39,547 [Worker-18: Download sources and javadoc] INFO  o.e.m.j.internal.DownloadSourcesJob - Downloaded sources for org.springframework:spring-beans:3.1.1.RELEASE
2025-09-29 11:44:39,574 [Worker-18: Download sources and javadoc] INFO  o.e.m.c.i.e.AbstractTransferListenerAdapter - Downloading https://repo.maven.apache.org/maven2/org/springframework/spring-core/3.1.1.RELEASE/spring-core-3.1.1.RELEASE-sources.jar
2025-09-29 11:44:39,600 [Worker-18: Download sources and javadoc] INFO  o.e.m.c.i.e.AbstractTransferListenerAdapter - Downloaded https://repo.maven.apache.org/maven2/org/springframework/spring-core/3.1.1.RELEASE/spring-core-3.1.1.RELEASE-sources.jar
2025-09-29 11:44:39,677 [Worker-16: Updating Maven Dependencies] INFO  o.e.m.c.i.l.LifecycleMappingFactory - Using org.maven.ide.eclipse.wtp.WarLifecycleMapping lifecycle mapping for MavenProject: com.kh:test:1.0.0-BUILD-SNAPSHOT @ C:\12_Spring\work\Ex0929_first\pom.xml.
2025-09-29 11:44:39,680 [Worker-18: Download sources and javadoc] INFO  o.e.m.j.internal.DownloadSourcesJob - Downloaded sources for org.springframework:spring-core:3.1.1.RELEASE
2025-09-29 11:44:39,725 [Worker-18: Download sources and javadoc] INFO  o.e.m.c.i.e.AbstractTransferListenerAdapter - Downloading https://repo.maven.apache.org/maven2/org/springframework/spring-expression/3.1.1.RELEASE/spring-expression-3.1.1.RELEASE-sources.jar
2025-09-29 11:44:39,740 [Worker-18: Download sources and javadoc] INFO  o.e.m.c.i.e.AbstractTransferListenerAdapter - Downloaded https://repo.maven.apache.org/maven2/org/springframework/spring-expression/3.1.1.RELEASE/spring-expression-3.1.1.RELEASE-sources.jar
2025-09-29 11:44:39,823 [Worker-18: Download sources and javadoc] INFO  o.e.m.j.internal.DownloadSourcesJob - Downloaded sources for org.springframework:spring-expression:3.1.1.RELEASE
2025-09-29 11:44:39,866 [Worker-18: Download sources and javadoc] INFO  o.e.m.c.i.e.AbstractTransferListenerAdapter - Downloading https://repo.maven.apache.org/maven2/org/springframework/spring-asm/3.1.1.RELEASE/spring-asm-3.1.1.RELEASE-sources.jar
2025-09-29 11:44:39,875 [Worker-18: Download sources and javadoc] INFO  o.e.m.c.i.e.AbstractTransferListenerAdapter - Downloaded https://repo.maven.apache.org/maven2/org/springframework/spring-asm/3.1.1.RELEASE/spring-asm-3.1.1.RELEASE-sources.jar
2025-09-29 11:44:39,945 [Worker-18: Download sources and javadoc] INFO  o.e.m.j.internal.DownloadSourcesJob - Downloaded sources for org.springframework:spring-asm:3.1.1.RELEASE
2025-09-29 11:44:39,990 [Worker-18: Download sources and javadoc] INFO  o.e.m.c.i.e.AbstractTransferListenerAdapter - Downloading https://repo.maven.apache.org/maven2/org/springframework/spring-webmvc/3.1.1.RELEASE/spring-webmvc-3.1.1.RELEASE-sources.jar
2025-09-29 11:44:40,026 [Worker-18: Download sources and javadoc] INFO  o.e.m.c.i.e.AbstractTransferListenerAdapter - Downloaded https://repo.maven.apache.org/maven2/org/springframework/spring-webmvc/3.1.1.RELEASE/spring-webmvc-3.1.1.RELEASE-sources.jar
2025-09-29 11:44:40,085 [Worker-18: Download sources and javadoc] INFO  o.e.m.j.internal.DownloadSourcesJob - Downloaded sources for org.springframework:spring-webmvc:3.1.1.RELEASE
2025-09-29 11:44:40,107 [Worker-18: Download sources and javadoc] INFO  o.e.m.c.i.e.AbstractTransferListenerAdapter - Downloading https://repo.maven.apache.org/maven2/org/springframework/spring-context-support/3.1.1.RELEASE/spring-context-support-3.1.1.RELEASE-sources.jar
2025-09-29 11:44:40,118 [Worker-18: Download sources and javadoc] INFO  o.e.m.c.i.e.AbstractTransferListenerAdapter - Downloaded https://repo.maven.apache.org/maven2/org/springframework/spring-context-support/3.1.1.RELEASE/spring-context-support-3.1.1.RELEASE-sources.jar
2025-09-29 11:44:40,210 [Worker-18: Download sources and javadoc] INFO  o.e.m.j.internal.DownloadSourcesJob - Downloaded sources for org.springframework:spring-context-support:3.1.1.RELEASE
2025-09-29 11:44:40,238 [Worker-18: Download sources and javadoc] INFO  o.e.m.c.i.e.AbstractTransferListenerAdapter - Downloading https://repo.maven.apache.org/maven2/org/springframework/spring-web/3.1.1.RELEASE/spring-web-3.1.1.RELEASE-sources.jar
2025-09-29 11:44:40,268 [Worker-18: Download sources and javadoc] INFO  o.e.m.c.i.e.AbstractTransferListenerAdapter - Downloaded https://repo.maven.apache.org/maven2/org/springframework/spring-web/3.1.1.RELEASE/spring-web-3.1.1.RELEASE-sources.jar
2025-09-29 11:44:40,415 [Worker-18: Download sources and javadoc] INFO  o.e.m.j.internal.DownloadSourcesJob - Downloaded sources for org.springframework:spring-web:3.1.1.RELEASE
2025-09-29 11:44:40,434 [Worker-18: Download sources and javadoc] INFO  o.e.m.c.i.e.AbstractTransferListenerAdapter - Downloading https://repo.maven.apache.org/maven2/org/aspectj/aspectjrt/1.6.10/aspectjrt-1.6.10-sources.jar
2025-09-29 11:44:40,447 [Worker-18: Download sources and javadoc] INFO  o.e.m.c.i.e.AbstractTransferListenerAdapter - Downloaded https://repo.maven.apache.org/maven2/org/aspectj/aspectjrt/1.6.10/aspectjrt-1.6.10-sources.jar
2025-09-29 11:44:40,718 [Worker-18: Download sources and javadoc] INFO  o.e.m.j.internal.DownloadSourcesJob - Downloaded sources for org.aspectj:aspectjrt:1.6.10
2025-09-29 11:44:40,738 [Worker-18: Download sources and javadoc] INFO  o.e.m.c.i.e.AbstractTransferListenerAdapter - Downloading https://repo.maven.apache.org/maven2/org/slf4j/slf4j-api/1.6.6/slf4j-api-1.6.6-sources.jar
2025-09-29 11:44:40,748 [Worker-18: Download sources and javadoc] INFO  o.e.m.c.i.e.AbstractTransferListenerAdapter - Downloaded https://repo.maven.apache.org/maven2/org/slf4j/slf4j-api/1.6.6/slf4j-api-1.6.6-sources.jar
2025-09-29 11:44:40,789 [Worker-17: Building] WARN  o.e.m.c.i.embedder.EclipseLogger - Using platform encoding (MS949 actually) to copy filtered resources, i.e. build is platform dependent!
2025-09-29 11:44:40,790 [Worker-17: Building] INFO  o.e.m.c.i.embedder.EclipseLogger - Copying 0 resource
2025-09-29 11:44:40,791 [Worker-17: Building] WARN  o.e.m.c.i.embedder.EclipseLogger - Using platform encoding (MS949 actually) to copy filtered resources, i.e. build is platform dependent!
2025-09-29 11:44:40,792 [Worker-17: Building] INFO  o.e.m.c.i.embedder.EclipseLogger - Copying 0 resource
2025-09-29 11:44:40,826 [Worker-18: Download sources and javadoc] INFO  o.e.m.j.internal.DownloadSourcesJob - Downloaded sources for org.slf4j:slf4j-api:1.6.6
2025-09-29 11:44:40,844 [Worker-18: Download sources and javadoc] INFO  o.e.m.c.i.e.AbstractTransferListenerAdapter - Downloading https://repo.maven.apache.org/maven2/org/slf4j/jcl-over-slf4j/1.6.6/jcl-over-slf4j-1.6.6-sources.jar
2025-09-29 11:44:40,850 [Worker-18: Download sources and javadoc] INFO  o.e.m.c.i.e.AbstractTransferListenerAdapter - Downloaded https://repo.maven.apache.org/maven2/org/slf4j/jcl-over-slf4j/1.6.6/jcl-over-slf4j-1.6.6-sources.jar
2025-09-29 11:44:40,914 [Worker-18: Download sources and javadoc] INFO  o.e.m.j.internal.DownloadSourcesJob - Downloaded sources for org.slf4j:jcl-over-slf4j:1.6.6
2025-09-29 11:44:40,933 [Worker-18: Download sources and javadoc] INFO  o.e.m.c.i.e.AbstractTransferListenerAdapter - Downloading https://repo.maven.apache.org/maven2/org/slf4j/slf4j-log4j12/1.6.6/slf4j-log4j12-1.6.6-sources.jar
2025-09-29 11:44:40,942 [Worker-18: Download sources and javadoc] INFO  o.e.m.c.i.e.AbstractTransferListenerAdapter - Downloaded https://repo.maven.apache.org/maven2/org/slf4j/slf4j-log4j12/1.6.6/slf4j-log4j12-1.6.6-sources.jar
2025-09-29 11:44:41,007 [Worker-18: Download sources and javadoc] INFO  o.e.m.j.internal.DownloadSourcesJob - Downloaded sources for org.slf4j:slf4j-log4j12:1.6.6
2025-09-29 11:44:41,025 [Worker-18: Download sources and javadoc] INFO  o.e.m.c.i.e.AbstractTransferListenerAdapter - Downloading https://repo.maven.apache.org/maven2/log4j/log4j/1.2.15/log4j-1.2.15-sources.jar
2025-09-29 11:44:41,041 [Worker-18: Download sources and javadoc] INFO  o.e.m.c.i.e.AbstractTransferListenerAdapter - Downloaded https://repo.maven.apache.org/maven2/log4j/log4j/1.2.15/log4j-1.2.15-sources.jar
2025-09-29 11:44:41,102 [Worker-18: Download sources and javadoc] INFO  o.e.m.j.internal.DownloadSourcesJob - Downloaded sources for log4j:log4j:1.2.15
2025-09-29 11:44:41,124 [Worker-18: Download sources and javadoc] INFO  o.e.m.c.i.e.AbstractTransferListenerAdapter - Downloading https://repo.maven.apache.org/maven2/javax/inject/javax.inject/1/javax.inject-1-sources.jar
2025-09-29 11:44:41,135 [Worker-18: Download sources and javadoc] INFO  o.e.m.c.i.e.AbstractTransferListenerAdapter - Downloaded https://repo.maven.apache.org/maven2/javax/inject/javax.inject/1/javax.inject-1-sources.jar
2025-09-29 11:44:41,248 [Worker-18: Download sources and javadoc] INFO  o.e.m.j.internal.DownloadSourcesJob - Downloaded sources for javax.inject:javax.inject:1
2025-09-29 11:44:41,267 [Worker-18: Download sources and javadoc] INFO  o.e.m.c.i.e.AbstractTransferListenerAdapter - Downloading https://repo.maven.apache.org/maven2/javax/servlet/servlet-api/2.5/servlet-api-2.5-sources.jar
2025-09-29 11:44:41,290 [Worker-18: Download sources and javadoc] INFO  o.e.m.c.i.e.AbstractTransferListenerAdapter - Downloaded https://repo.maven.apache.org/maven2/javax/servlet/servlet-api/2.5/servlet-api-2.5-sources.jar
2025-09-29 11:44:41,359 [Worker-18: Download sources and javadoc] INFO  o.e.m.j.internal.DownloadSourcesJob - Downloaded sources for javax.servlet:servlet-api:2.5
2025-09-29 11:44:41,403 [Worker-18: Download sources and javadoc] INFO  o.e.m.c.i.e.AbstractTransferListenerAdapter - Downloading https://repo.maven.apache.org/maven2/javax/servlet/jsp/jsp-api/2.1/jsp-api-2.1-sources.jar
2025-09-29 11:44:41,422 [Worker-18: Download sources and javadoc] INFO  o.e.m.c.i.e.AbstractTransferListenerAdapter - Downloaded https://repo.maven.apache.org/maven2/javax/servlet/jsp/jsp-api/2.1/jsp-api-2.1-sources.jar
2025-09-29 11:44:41,583 [Worker-18: Download sources and javadoc] INFO  o.e.m.j.internal.DownloadSourcesJob - Downloaded sources for javax.servlet.jsp:jsp-api:2.1
2025-09-29 11:44:41,601 [Worker-18: Download sources and javadoc] INFO  o.e.m.c.i.e.AbstractTransferListenerAdapter - Downloading https://repo.maven.apache.org/maven2/javax/servlet/jstl/1.2/jstl-1.2-sources.jar
2025-09-29 11:44:41,628 [Worker-18: Download sources and javadoc] INFO  o.e.m.c.i.e.AbstractTransferListenerAdapter - Downloaded https://repo.maven.apache.org/maven2/javax/servlet/jstl/1.2/jstl-1.2-sources.jar
2025-09-29 11:44:41,688 [Worker-18: Download sources and javadoc] INFO  o.e.m.j.internal.DownloadSourcesJob - Downloaded sources for javax.servlet:jstl:1.2
2025-09-29 11:44:41,708 [Worker-18: Download sources and javadoc] INFO  o.e.m.c.i.e.AbstractTransferListenerAdapter - Downloading https://repo.maven.apache.org/maven2/junit/junit/4.7/junit-4.7-sources.jar
2025-09-29 11:44:41,727 [Worker-18: Download sources and javadoc] INFO  o.e.m.c.i.e.AbstractTransferListenerAdapter - Downloaded https://repo.maven.apache.org/maven2/junit/junit/4.7/junit-4.7-sources.jar
2025-09-29 11:44:41,805 [Worker-18: Download sources and javadoc] INFO  o.e.m.j.internal.DownloadSourcesJob - Downloaded sources for junit:junit:4.7
2025-09-29 11:44:41,807 [Worker-18: Download sources and javadoc] INFO  o.e.m.j.internal.DownloadSourcesJob - Downloaded sources for org.springframework:spring-webmvc:3.1.1.RELEASE
2025-09-29 11:44:41,809 [Worker-18: Download sources and javadoc] INFO  o.e.m.j.internal.DownloadSourcesJob - Downloaded sources for org.springframework:spring-context-support:3.1.1.RELEASE
2025-09-29 11:44:41,810 [Worker-18: Download sources and javadoc] INFO  o.e.m.j.internal.DownloadSourcesJob - Downloaded sources for org.springframework:spring-web:3.1.1.RELEASE
2025-09-29 11:44:41,811 [Worker-18: Download sources and javadoc] INFO  o.e.m.j.internal.DownloadSourcesJob - Downloaded sources for org.aspectj:aspectjrt:1.6.10
2025-09-29 11:44:41,814 [Worker-18: Download sources and javadoc] INFO  o.e.m.j.internal.DownloadSourcesJob - Downloaded sources for org.slf4j:slf4j-api:1.6.6
2025-09-29 11:44:41,816 [Worker-18: Download sources and javadoc] INFO  o.e.m.j.internal.DownloadSourcesJob - Downloaded sources for org.slf4j:jcl-over-slf4j:1.6.6
2025-09-29 11:44:41,817 [Worker-18: Download sources and javadoc] INFO  o.e.m.j.internal.DownloadSourcesJob - Downloaded sources for org.slf4j:slf4j-log4j12:1.6.6
2025-09-29 11:44:41,819 [Worker-18: Download sources and javadoc] INFO  o.e.m.j.internal.DownloadSourcesJob - Downloaded sources for log4j:log4j:1.2.15
2025-09-29 11:44:41,820 [Worker-18: Download sources and javadoc] INFO  o.e.m.j.internal.DownloadSourcesJob - Downloaded sources for javax.inject:javax.inject:1
2025-09-29 11:44:41,821 [Worker-18: Download sources and javadoc] INFO  o.e.m.j.internal.DownloadSourcesJob - Downloaded sources for javax.servlet:servlet-api:2.5
2025-09-29 11:44:41,823 [Worker-18: Download sources and javadoc] INFO  o.e.m.j.internal.DownloadSourcesJob - Downloaded sources for javax.servlet.jsp:jsp-api:2.1
2025-09-29 11:44:41,824 [Worker-18: Download sources and javadoc] INFO  o.e.m.j.internal.DownloadSourcesJob - Downloaded sources for javax.servlet:jstl:1.2
2025-09-29 11:44:41,825 [Worker-18: Download sources and javadoc] INFO  o.e.m.j.internal.DownloadSourcesJob - Downloaded sources for junit:junit:4.7
2025-09-29 11:44:41,861 [Worker-18: Building] WARN  o.e.m.c.i.embedder.EclipseLogger - Using platform encoding (MS949 actually) to copy filtered resources, i.e. build is platform dependent!
2025-09-29 11:44:41,861 [Worker-18: Building] INFO  o.e.m.c.i.embedder.EclipseLogger - Copying 0 resource
2025-09-29 11:44:41,862 [Worker-18: Building] WARN  o.e.m.c.i.embedder.EclipseLogger - Using platform encoding (MS949 actually) to copy filtered resources, i.e. build is platform dependent!
2025-09-29 11:44:41,862 [Worker-18: Building] INFO  o.e.m.c.i.embedder.EclipseLogger - Copying 0 resource
2025-09-29 11:45:06,656 [Worker-16: Building] WARN  o.e.m.c.i.embedder.EclipseLogger - Using platform encoding (MS949 actually) to copy filtered resources, i.e. build is platform dependent!
2025-09-29 11:45:06,656 [Worker-16: Building] INFO  o.e.m.c.i.embedder.EclipseLogger - Copying 0 resource
2025-09-29 11:45:06,657 [Worker-16: Building] WARN  o.e.m.c.i.embedder.EclipseLogger - Using platform encoding (MS949 actually) to copy filtered resources, i.e. build is platform dependent!
2025-09-29 11:45:06,657 [Worker-16: Building] INFO  o.e.m.c.i.embedder.EclipseLogger - Copying 0 resource
2025-09-29 11:48:05,775 [Worker-21: Building] WARN  o.e.m.c.i.embedder.EclipseLogger - Using platform encoding (MS949 actually) to copy filtered resources, i.e. build is platform dependent!
2025-09-29 11:48:05,776 [Worker-21: Building] INFO  o.e.m.c.i.embedder.EclipseLogger - Copying 0 resource
2025-09-29 11:48:05,776 [Worker-21: Building] WARN  o.e.m.c.i.embedder.EclipseLogger - Using platform encoding (MS949 actually) to copy filtered resources, i.e. build is platform dependent!
2025-09-29 11:48:05,777 [Worker-21: Building] INFO  o.e.m.c.i.embedder.EclipseLogger - Copying 0 resource
2025-09-29 12:01:21,599 [Worker-24: Building] WARN  o.e.m.c.i.embedder.EclipseLogger - Using platform encoding (MS949 actually) to copy filtered resources, i.e. build is platform dependent!
2025-09-29 12:01:21,600 [Worker-24: Building] INFO  o.e.m.c.i.embedder.EclipseLogger - Copying 0 resource
2025-09-29 12:01:21,600 [Worker-24: Building] WARN  o.e.m.c.i.embedder.EclipseLogger - Using platform encoding (MS949 actually) to copy filtered resources, i.e. build is platform dependent!
2025-09-29 12:01:21,600 [Worker-24: Building] INFO  o.e.m.c.i.embedder.EclipseLogger - Copying 0 resource
2025-09-29 12:02:09,715 [Worker-26: Building] WARN  o.e.m.c.i.embedder.EclipseLogger - Using platform encoding (MS949 actually) to copy filtered resources, i.e. build is platform dependent!
2025-09-29 12:02:09,716 [Worker-26: Building] INFO  o.e.m.c.i.embedder.EclipseLogger - Copying 0 resource
2025-09-29 12:02:09,716 [Worker-26: Building] WARN  o.e.m.c.i.embedder.EclipseLogger - Using platform encoding (MS949 actually) to copy filtered resources, i.e. build is platform dependent!
2025-09-29 12:02:09,717 [Worker-26: Building] INFO  o.e.m.c.i.embedder.EclipseLogger - Copying 0 resource
2025-09-29 12:03:10,727 [Worker-25: Building] WARN  o.e.m.c.i.embedder.EclipseLogger - Using platform encoding (MS949 actually) to copy filtered resources, i.e. build is platform dependent!
2025-09-29 12:03:10,727 [Worker-25: Building] INFO  o.e.m.c.i.embedder.EclipseLogger - Copying 1 resource
2025-09-29 12:03:10,732 [Worker-25: Building] WARN  o.e.m.c.i.embedder.EclipseLogger - Using platform encoding (MS949 actually) to copy filtered resources, i.e. build is platform dependent!
2025-09-29 12:03:10,733 [Worker-25: Building] INFO  o.e.m.c.i.embedder.EclipseLogger - Copying 0 resource
2025-09-29 12:03:17,414 [Worker-26: Building] WARN  o.e.m.c.i.embedder.EclipseLogger - Using platform encoding (MS949 actually) to copy filtered resources, i.e. build is platform dependent!
2025-09-29 12:03:17,415 [Worker-26: Building] INFO  o.e.m.c.i.embedder.EclipseLogger - Copying 1 resource
2025-09-29 12:03:17,416 [Worker-26: Building] WARN  o.e.m.c.i.embedder.EclipseLogger - Using platform encoding (MS949 actually) to copy filtered resources, i.e. build is platform dependent!
2025-09-29 12:03:17,417 [Worker-26: Building] INFO  o.e.m.c.i.embedder.EclipseLogger - Copying 0 resource
2025-09-29 12:03:20,937 [Worker-21: Building] WARN  o.e.m.c.i.embedder.EclipseLogger - Using platform encoding (MS949 actually) to copy filtered resources, i.e. build is platform dependent!
2025-09-29 12:03:20,938 [Worker-21: Building] INFO  o.e.m.c.i.embedder.EclipseLogger - Copying 1 resource
2025-09-29 12:03:20,939 [Worker-21: Building] WARN  o.e.m.c.i.embedder.EclipseLogger - Using platform encoding (MS949 actually) to copy filtered resources, i.e. build is platform dependent!
2025-09-29 12:03:20,940 [Worker-21: Building] INFO  o.e.m.c.i.embedder.EclipseLogger - Copying 0 resource
2025-09-29 12:03:57,533 [Worker-29: Building] WARN  o.e.m.c.i.embedder.EclipseLogger - Using platform encoding (MS949 actually) to copy filtered resources, i.e. build is platform dependent!
2025-09-29 12:03:57,533 [Worker-29: Building] INFO  o.e.m.c.i.embedder.EclipseLogger - Copying 0 resource
2025-09-29 12:03:57,534 [Worker-29: Building] WARN  o.e.m.c.i.embedder.EclipseLogger - Using platform encoding (MS949 actually) to copy filtered resources, i.e. build is platform dependent!
2025-09-29 12:03:57,535 [Worker-29: Building] INFO  o.e.m.c.i.embedder.EclipseLogger - Copying 0 resource
2025-09-29 12:06:59,413 [Worker-27: Building] WARN  o.e.m.c.i.embedder.EclipseLogger - Using platform encoding (MS949 actually) to copy filtered resources, i.e. build is platform dependent!
2025-09-29 12:06:59,414 [Worker-27: Building] INFO  o.e.m.c.i.embedder.EclipseLogger - Copying 0 resource
2025-09-29 12:06:59,414 [Worker-27: Building] WARN  o.e.m.c.i.embedder.EclipseLogger - Using platform encoding (MS949 actually) to copy filtered resources, i.e. build is platform dependent!
2025-09-29 12:06:59,415 [Worker-27: Building] INFO  o.e.m.c.i.embedder.EclipseLogger - Copying 0 resource
2025-09-29 12:07:04,525 [Worker-26: Building] WARN  o.e.m.c.i.embedder.EclipseLogger - Using platform encoding (MS949 actually) to copy filtered resources, i.e. build is platform dependent!
2025-09-29 12:07:04,525 [Worker-26: Building] INFO  o.e.m.c.i.embedder.EclipseLogger - Copying 0 resource
2025-09-29 12:07:04,526 [Worker-26: Building] WARN  o.e.m.c.i.embedder.EclipseLogger - Using platform encoding (MS949 actually) to copy filtered resources, i.e. build is platform dependent!
2025-09-29 12:07:04,526 [Worker-26: Building] INFO  o.e.m.c.i.embedder.EclipseLogger - Copying 0 resource
2025-09-29 12:09:02,220 [Worker-26: Building] WARN  o.e.m.c.i.embedder.EclipseLogger - Using platform encoding (MS949 actually) to copy filtered resources, i.e. build is platform dependent!
2025-09-29 12:09:02,220 [Worker-26: Building] INFO  o.e.m.c.i.embedder.EclipseLogger - Copying 0 resource
2025-09-29 12:09:02,221 [Worker-26: Building] WARN  o.e.m.c.i.embedder.EclipseLogger - Using platform encoding (MS949 actually) to copy filtered resources, i.e. build is platform dependent!
2025-09-29 12:09:02,221 [Worker-26: Building] INFO  o.e.m.c.i.embedder.EclipseLogger - Copying 0 resource
2025-09-29 12:09:36,938 [Worker-29: Building] WARN  o.e.m.c.i.embedder.EclipseLogger - Using platform encoding (MS949 actually) to copy filtered resources, i.e. build is platform dependent!
2025-09-29 12:09:36,939 [Worker-29: Building] INFO  o.e.m.c.i.embedder.EclipseLogger - Copying 0 resource
2025-09-29 12:09:36,940 [Worker-29: Building] WARN  o.e.m.c.i.embedder.EclipseLogger - Using platform encoding (MS949 actually) to copy filtered resources, i.e. build is platform dependent!
2025-09-29 12:09:36,941 [Worker-29: Building] INFO  o.e.m.c.i.embedder.EclipseLogger - Copying 0 resource
2025-09-29 12:10:15,429 [Worker-24: Building] WARN  o.e.m.c.i.embedder.EclipseLogger - Using platform encoding (MS949 actually) to copy filtered resources, i.e. build is platform dependent!
2025-09-29 12:10:15,429 [Worker-24: Building] INFO  o.e.m.c.i.embedder.EclipseLogger - Copying 0 resource
2025-09-29 12:10:15,430 [Worker-24: Building] WARN  o.e.m.c.i.embedder.EclipseLogger - Using platform encoding (MS949 actually) to copy filtered resources, i.e. build is platform dependent!
2025-09-29 12:10:15,430 [Worker-24: Building] INFO  o.e.m.c.i.embedder.EclipseLogger - Copying 0 resource
2025-09-29 12:10:31,625 [Worker-25: Building] WARN  o.e.m.c.i.embedder.EclipseLogger - Using platform encoding (MS949 actually) to copy filtered resources, i.e. build is platform dependent!
2025-09-29 12:10:31,625 [Worker-25: Building] INFO  o.e.m.c.i.embedder.EclipseLogger - Copying 0 resource
2025-09-29 12:10:31,628 [Worker-25: Building] WARN  o.e.m.c.i.embedder.EclipseLogger - Using platform encoding (MS949 actually) to copy filtered resources, i.e. build is platform dependent!
2025-09-29 12:10:31,628 [Worker-25: Building] INFO  o.e.m.c.i.embedder.EclipseLogger - Copying 0 resource
2025-09-29 12:10:57,582 [Worker-28: Building] WARN  o.e.m.c.i.embedder.EclipseLogger - Using platform encoding (MS949 actually) to copy filtered resources, i.e. build is platform dependent!
2025-09-29 12:10:57,582 [Worker-28: Building] INFO  o.e.m.c.i.embedder.EclipseLogger - Copying 0 resource
2025-09-29 12:10:57,583 [Worker-28: Building] WARN  o.e.m.c.i.embedder.EclipseLogger - Using platform encoding (MS949 actually) to copy filtered resources, i.e. build is platform dependent!
2025-09-29 12:10:57,583 [Worker-28: Building] INFO  o.e.m.c.i.embedder.EclipseLogger - Copying 0 resource
2025-09-29 12:11:14,016 [Worker-26: Building] WARN  o.e.m.c.i.embedder.EclipseLogger - Using platform encoding (MS949 actually) to copy filtered resources, i.e. build is platform dependent!
2025-09-29 12:11:14,016 [Worker-26: Building] INFO  o.e.m.c.i.embedder.EclipseLogger - Copying 0 resource
2025-09-29 12:11:14,017 [Worker-26: Building] WARN  o.e.m.c.i.embedder.EclipseLogger - Using platform encoding (MS949 actually) to copy filtered resources, i.e. build is platform dependent!
2025-09-29 12:11:14,017 [Worker-26: Building] INFO  o.e.m.c.i.embedder.EclipseLogger - Copying 0 resource
2025-09-29 12:11:23,110 [Worker-25: Building] WARN  o.e.m.c.i.embedder.EclipseLogger - Using platform encoding (MS949 actually) to copy filtered resources, i.e. build is platform dependent!
2025-09-29 12:11:23,110 [Worker-25: Building] INFO  o.e.m.c.i.embedder.EclipseLogger - Copying 0 resource
2025-09-29 12:11:23,111 [Worker-25: Building] WARN  o.e.m.c.i.embedder.EclipseLogger - Using platform encoding (MS949 actually) to copy filtered resources, i.e. build is platform dependent!
2025-09-29 12:11:23,111 [Worker-25: Building] INFO  o.e.m.c.i.embedder.EclipseLogger - Copying 0 resource
2025-09-29 12:12:00,699 [Worker-26: Building] WARN  o.e.m.c.i.embedder.EclipseLogger - Using platform encoding (MS949 actually) to copy filtered resources, i.e. build is platform dependent!
2025-09-29 12:12:00,700 [Worker-26: Building] INFO  o.e.m.c.i.embedder.EclipseLogger - Copying 0 resource
2025-09-29 12:12:00,701 [Worker-26: Building] WARN  o.e.m.c.i.embedder.EclipseLogger - Using platform encoding (MS949 actually) to copy filtered resources, i.e. build is platform dependent!
2025-09-29 12:12:00,701 [Worker-26: Building] INFO  o.e.m.c.i.embedder.EclipseLogger - Copying 0 resource
2025-09-29 12:12:06,988 [Worker-26: Building] WARN  o.e.m.c.i.embedder.EclipseLogger - Using platform encoding (MS949 actually) to copy filtered resources, i.e. build is platform dependent!
2025-09-29 12:12:06,989 [Worker-26: Building] INFO  o.e.m.c.i.embedder.EclipseLogger - Copying 0 resource
2025-09-29 12:12:06,990 [Worker-26: Building] WARN  o.e.m.c.i.embedder.EclipseLogger - Using platform encoding (MS949 actually) to copy filtered resources, i.e. build is platform dependent!
2025-09-29 12:12:06,991 [Worker-26: Building] INFO  o.e.m.c.i.embedder.EclipseLogger - Copying 0 resource
2025-09-29 12:12:22,619 [Worker-27: Building] WARN  o.e.m.c.i.embedder.EclipseLogger - Using platform encoding (MS949 actually) to copy filtered resources, i.e. build is platform dependent!
2025-09-29 12:12:22,619 [Worker-27: Building] INFO  o.e.m.c.i.embedder.EclipseLogger - Copying 1 resource
2025-09-29 12:12:22,620 [Worker-27: Building] WARN  o.e.m.c.i.embedder.EclipseLogger - Using platform encoding (MS949 actually) to copy filtered resources, i.e. build is platform dependent!
2025-09-29 12:12:22,620 [Worker-27: Building] INFO  o.e.m.c.i.embedder.EclipseLogger - Copying 0 resource
2025-09-29 12:12:38,942 [Worker-26: Building] WARN  o.e.m.c.i.embedder.EclipseLogger - Using platform encoding (MS949 actually) to copy filtered resources, i.e. build is platform dependent!
2025-09-29 12:12:38,943 [Worker-26: Building] INFO  o.e.m.c.i.embedder.EclipseLogger - Copying 1 resource
2025-09-29 12:12:38,943 [Worker-26: Building] WARN  o.e.m.c.i.embedder.EclipseLogger - Using platform encoding (MS949 actually) to copy filtered resources, i.e. build is platform dependent!
2025-09-29 12:12:38,944 [Worker-26: Building] INFO  o.e.m.c.i.embedder.EclipseLogger - Copying 0 resource
2025-09-29 12:13:02,402 [Worker-27: Building] WARN  o.e.m.c.i.embedder.EclipseLogger - Using platform encoding (MS949 actually) to copy filtered resources, i.e. build is platform dependent!
2025-09-29 12:13:02,403 [Worker-27: Building] INFO  o.e.m.c.i.embedder.EclipseLogger - Copying 1 resource
2025-09-29 12:13:02,404 [Worker-27: Building] WARN  o.e.m.c.i.embedder.EclipseLogger - Using platform encoding (MS949 actually) to copy filtered resources, i.e. build is platform dependent!
2025-09-29 12:13:02,404 [Worker-27: Building] INFO  o.e.m.c.i.embedder.EclipseLogger - Copying 0 resource
2025-09-29 12:13:17,806 [Worker-25: Building] WARN  o.e.m.c.i.embedder.EclipseLogger - Using platform encoding (MS949 actually) to copy filtered resources, i.e. build is platform dependent!
2025-09-29 12:13:17,807 [Worker-25: Building] INFO  o.e.m.c.i.embedder.EclipseLogger - Copying 0 resource
2025-09-29 12:13:17,807 [Worker-25: Building] WARN  o.e.m.c.i.embedder.EclipseLogger - Using platform encoding (MS949 actually) to copy filtered resources, i.e. build is platform dependent!
2025-09-29 12:13:17,808 [Worker-25: Building] INFO  o.e.m.c.i.embedder.EclipseLogger - Copying 0 resource
2025-09-29 12:13:45,907 [Worker-28: Building] WARN  o.e.m.c.i.embedder.EclipseLogger - Using platform encoding (MS949 actually) to copy filtered resources, i.e. build is platform dependent!
2025-09-29 12:13:45,908 [Worker-28: Building] INFO  o.e.m.c.i.embedder.EclipseLogger - Copying 1 resource
2025-09-29 12:13:45,908 [Worker-28: Building] WARN  o.e.m.c.i.embedder.EclipseLogger - Using platform encoding (MS949 actually) to copy filtered resources, i.e. build is platform dependent!
2025-09-29 12:13:45,909 [Worker-28: Building] INFO  o.e.m.c.i.embedder.EclipseLogger - Copying 0 resource
2025-09-29 12:13:48,264 [Worker-24: Building] WARN  o.e.m.c.i.embedder.EclipseLogger - Using platform encoding (MS949 actually) to copy filtered resources, i.e. build is platform dependent!
2025-09-29 12:13:48,265 [Worker-24: Building] INFO  o.e.m.c.i.embedder.EclipseLogger - Copying 1 resource
2025-09-29 12:13:48,266 [Worker-24: Building] WARN  o.e.m.c.i.embedder.EclipseLogger - Using platform encoding (MS949 actually) to copy filtered resources, i.e. build is platform dependent!
2025-09-29 12:13:48,266 [Worker-24: Building] INFO  o.e.m.c.i.embedder.EclipseLogger - Copying 0 resource
2025-09-29 12:14:32,687 [Worker-26: Building] WARN  o.e.m.c.i.embedder.EclipseLogger - Using platform encoding (MS949 actually) to copy filtered resources, i.e. build is platform dependent!
2025-09-29 12:14:32,688 [Worker-26: Building] INFO  o.e.m.c.i.embedder.EclipseLogger - Copying 1 resource
2025-09-29 12:14:32,689 [Worker-26: Building] WARN  o.e.m.c.i.embedder.EclipseLogger - Using platform encoding (MS949 actually) to copy filtered resources, i.e. build is platform dependent!
2025-09-29 12:14:32,689 [Worker-26: Building] INFO  o.e.m.c.i.embedder.EclipseLogger - Copying 0 resource
2025-09-29 12:16:55,458 [Worker-24: Building] WARN  o.e.m.c.i.embedder.EclipseLogger - Using platform encoding (MS949 actually) to copy filtered resources, i.e. build is platform dependent!
2025-09-29 12:16:55,458 [Worker-24: Building] INFO  o.e.m.c.i.embedder.EclipseLogger - Copying 1 resource
2025-09-29 12:16:55,459 [Worker-24: Building] WARN  o.e.m.c.i.embedder.EclipseLogger - Using platform encoding (MS949 actually) to copy filtered resources, i.e. build is platform dependent!
2025-09-29 12:16:55,460 [Worker-24: Building] INFO  o.e.m.c.i.embedder.EclipseLogger - Copying 0 resource
2025-09-29 12:17:13,804 [Worker-39: Building] WARN  o.e.m.c.i.embedder.EclipseLogger - Using platform encoding (MS949 actually) to copy filtered resources, i.e. build is platform dependent!
2025-09-29 12:17:13,805 [Worker-39: Building] INFO  o.e.m.c.i.embedder.EclipseLogger - Copying 1 resource
2025-09-29 12:17:13,806 [Worker-39: Building] WARN  o.e.m.c.i.embedder.EclipseLogger - Using platform encoding (MS949 actually) to copy filtered resources, i.e. build is platform dependent!
2025-09-29 12:17:13,806 [Worker-39: Building] INFO  o.e.m.c.i.embedder.EclipseLogger - Copying 0 resource
2025-09-29 12:18:00,318 [Worker-33: Building] WARN  o.e.m.c.i.embedder.EclipseLogger - Using platform encoding (MS949 actually) to copy filtered resources, i.e. build is platform dependent!
2025-09-29 12:18:00,319 [Worker-33: Building] INFO  o.e.m.c.i.embedder.EclipseLogger - Copying 1 resource
2025-09-29 12:18:00,320 [Worker-33: Building] WARN  o.e.m.c.i.embedder.EclipseLogger - Using platform encoding (MS949 actually) to copy filtered resources, i.e. build is platform dependent!
2025-09-29 12:18:00,320 [Worker-33: Building] INFO  o.e.m.c.i.embedder.EclipseLogger - Copying 0 resource
2025-09-29 12:18:54,405 [Worker-33: Building] WARN  o.e.m.c.i.embedder.EclipseLogger - Using platform encoding (MS949 actually) to copy filtered resources, i.e. build is platform dependent!
2025-09-29 12:18:54,406 [Worker-33: Building] INFO  o.e.m.c.i.embedder.EclipseLogger - Copying 0 resource
2025-09-29 12:18:54,407 [Worker-33: Building] WARN  o.e.m.c.i.embedder.EclipseLogger - Using platform encoding (MS949 actually) to copy filtered resources, i.e. build is platform dependent!
2025-09-29 12:18:54,408 [Worker-33: Building] INFO  o.e.m.c.i.embedder.EclipseLogger - Copying 0 resource
2025-09-29 12:20:05,153 [Worker-35: Building] WARN  o.e.m.c.i.embedder.EclipseLogger - Using platform encoding (MS949 actually) to copy filtered resources, i.e. build is platform dependent!
2025-09-29 12:20:05,154 [Worker-35: Building] INFO  o.e.m.c.i.embedder.EclipseLogger - Copying 0 resource
2025-09-29 12:20:05,155 [Worker-35: Building] WARN  o.e.m.c.i.embedder.EclipseLogger - Using platform encoding (MS949 actually) to copy filtered resources, i.e. build is platform dependent!
2025-09-29 12:20:05,155 [Worker-35: Building] INFO  o.e.m.c.i.embedder.EclipseLogger - Copying 0 resource
2025-09-29 12:20:13,357 [Worker-35: Building] WARN  o.e.m.c.i.embedder.EclipseLogger - Using platform encoding (MS949 actually) to copy filtered resources, i.e. build is platform dependent!
2025-09-29 12:20:13,357 [Worker-35: Building] INFO  o.e.m.c.i.embedder.EclipseLogger - Copying 0 resource
2025-09-29 12:20:13,358 [Worker-35: Building] WARN  o.e.m.c.i.embedder.EclipseLogger - Using platform encoding (MS949 actually) to copy filtered resources, i.e. build is platform dependent!
2025-09-29 12:20:13,359 [Worker-35: Building] INFO  o.e.m.c.i.embedder.EclipseLogger - Copying 0 resource
2025-09-29 12:20:41,775 [Worker-36: Building] WARN  o.e.m.c.i.embedder.EclipseLogger - Using platform encoding (MS949 actually) to copy filtered resources, i.e. build is platform dependent!
2025-09-29 12:20:41,776 [Worker-36: Building] INFO  o.e.m.c.i.embedder.EclipseLogger - Copying 0 resource
2025-09-29 12:20:41,776 [Worker-36: Building] WARN  o.e.m.c.i.embedder.EclipseLogger - Using platform encoding (MS949 actually) to copy filtered resources, i.e. build is platform dependent!
2025-09-29 12:20:41,777 [Worker-36: Building] INFO  o.e.m.c.i.embedder.EclipseLogger - Copying 0 resource
2025-09-29 12:20:58,382 [Worker-37: Building] WARN  o.e.m.c.i.embedder.EclipseLogger - Using platform encoding (MS949 actually) to copy filtered resources, i.e. build is platform dependent!
2025-09-29 12:20:58,383 [Worker-37: Building] INFO  o.e.m.c.i.embedder.EclipseLogger - Copying 1 resource
2025-09-29 12:20:58,383 [Worker-37: Building] WARN  o.e.m.c.i.embedder.EclipseLogger - Using platform encoding (MS949 actually) to copy filtered resources, i.e. build is platform dependent!
2025-09-29 12:20:58,384 [Worker-37: Building] INFO  o.e.m.c.i.embedder.EclipseLogger - Copying 0 resource
2025-09-29 12:21:21,863 [Worker-40: Building] WARN  o.e.m.c.i.embedder.EclipseLogger - Using platform encoding (MS949 actually) to copy filtered resources, i.e. build is platform dependent!
2025-09-29 12:21:21,863 [Worker-40: Building] INFO  o.e.m.c.i.embedder.EclipseLogger - Copying 1 resource
2025-09-29 12:21:21,864 [Worker-40: Building] WARN  o.e.m.c.i.embedder.EclipseLogger - Using platform encoding (MS949 actually) to copy filtered resources, i.e. build is platform dependent!
2025-09-29 12:21:21,864 [Worker-40: Building] INFO  o.e.m.c.i.embedder.EclipseLogger - Copying 0 resource
2025-09-29 12:23:33,346 [Worker-37: Building] WARN  o.e.m.c.i.embedder.EclipseLogger - Using platform encoding (MS949 actually) to copy filtered resources, i.e. build is platform dependent!
2025-09-29 12:23:33,347 [Worker-37: Building] INFO  o.e.m.c.i.embedder.EclipseLogger - Copying 0 resource
2025-09-29 12:23:33,347 [Worker-37: Building] WARN  o.e.m.c.i.embedder.EclipseLogger - Using platform encoding (MS949 actually) to copy filtered resources, i.e. build is platform dependent!
2025-09-29 12:23:33,348 [Worker-37: Building] INFO  o.e.m.c.i.embedder.EclipseLogger - Copying 0 resource
2025-09-29 12:23:36,161 [Worker-42: Building] WARN  o.e.m.c.i.embedder.EclipseLogger - Using platform encoding (MS949 actually) to copy filtered resources, i.e. build is platform dependent!
2025-09-29 12:23:36,162 [Worker-42: Building] INFO  o.e.m.c.i.embedder.EclipseLogger - Copying 0 resource
2025-09-29 12:23:36,163 [Worker-42: Building] WARN  o.e.m.c.i.embedder.EclipseLogger - Using platform encoding (MS949 actually) to copy filtered resources, i.e. build is platform dependent!
2025-09-29 12:23:36,163 [Worker-42: Building] INFO  o.e.m.c.i.embedder.EclipseLogger - Copying 0 resource
2025-09-29 12:23:39,505 [Worker-33: Building] WARN  o.e.m.c.i.embedder.EclipseLogger - Using platform encoding (MS949 actually) to copy filtered resources, i.e. build is platform dependent!
2025-09-29 12:23:39,505 [Worker-33: Building] INFO  o.e.m.c.i.embedder.EclipseLogger - Copying 0 resource
2025-09-29 12:23:39,506 [Worker-33: Building] WARN  o.e.m.c.i.embedder.EclipseLogger - Using platform encoding (MS949 actually) to copy filtered resources, i.e. build is platform dependent!
2025-09-29 12:23:39,506 [Worker-33: Building] INFO  o.e.m.c.i.embedder.EclipseLogger - Copying 0 resource
2025-09-29 12:24:02,080 [Worker-37: Building] WARN  o.e.m.c.i.embedder.EclipseLogger - Using platform encoding (MS949 actually) to copy filtered resources, i.e. build is platform dependent!
2025-09-29 12:24:02,081 [Worker-37: Building] INFO  o.e.m.c.i.embedder.EclipseLogger - Copying 0 resource
2025-09-29 12:24:02,082 [Worker-37: Building] WARN  o.e.m.c.i.embedder.EclipseLogger - Using platform encoding (MS949 actually) to copy filtered resources, i.e. build is platform dependent!
2025-09-29 12:24:02,082 [Worker-37: Building] INFO  o.e.m.c.i.embedder.EclipseLogger - Copying 0 resource
2025-09-29 12:24:08,236 [Worker-41: Building] WARN  o.e.m.c.i.embedder.EclipseLogger - Using platform encoding (MS949 actually) to copy filtered resources, i.e. build is platform dependent!
2025-09-29 12:24:08,237 [Worker-41: Building] INFO  o.e.m.c.i.embedder.EclipseLogger - Copying 0 resource
2025-09-29 12:24:08,237 [Worker-41: Building] WARN  o.e.m.c.i.embedder.EclipseLogger - Using platform encoding (MS949 actually) to copy filtered resources, i.e. build is platform dependent!
2025-09-29 12:24:08,238 [Worker-41: Building] INFO  o.e.m.c.i.embedder.EclipseLogger - Copying 0 resource
2025-09-29 12:24:14,160 [Worker-33: Building] WARN  o.e.m.c.i.embedder.EclipseLogger - Using platform encoding (MS949 actually) to copy filtered resources, i.e. build is platform dependent!
2025-09-29 12:24:14,161 [Worker-33: Building] INFO  o.e.m.c.i.embedder.EclipseLogger - Copying 0 resource
2025-09-29 12:24:14,161 [Worker-33: Building] WARN  o.e.m.c.i.embedder.EclipseLogger - Using platform encoding (MS949 actually) to copy filtered resources, i.e. build is platform dependent!
2025-09-29 12:24:14,162 [Worker-33: Building] INFO  o.e.m.c.i.embedder.EclipseLogger - Copying 0 resource
2025-09-29 12:24:18,635 [Worker-37: Building] WARN  o.e.m.c.i.embedder.EclipseLogger - Using platform encoding (MS949 actually) to copy filtered resources, i.e. build is platform dependent!
2025-09-29 12:24:18,636 [Worker-37: Building] INFO  o.e.m.c.i.embedder.EclipseLogger - Copying 0 resource
2025-09-29 12:24:18,637 [Worker-37: Building] WARN  o.e.m.c.i.embedder.EclipseLogger - Using platform encoding (MS949 actually) to copy filtered resources, i.e. build is platform dependent!
2025-09-29 12:24:18,637 [Worker-37: Building] INFO  o.e.m.c.i.embedder.EclipseLogger - Copying 0 resource
2025-09-29 12:24:32,091 [Worker-37: Building] WARN  o.e.m.c.i.embedder.EclipseLogger - Using platform encoding (MS949 actually) to copy filtered resources, i.e. build is platform dependent!
2025-09-29 12:24:32,092 [Worker-37: Building] INFO  o.e.m.c.i.embedder.EclipseLogger - Copying 0 resource
2025-09-29 12:24:32,093 [Worker-37: Building] WARN  o.e.m.c.i.embedder.EclipseLogger - Using platform encoding (MS949 actually) to copy filtered resources, i.e. build is platform dependent!
2025-09-29 12:24:32,093 [Worker-37: Building] INFO  o.e.m.c.i.embedder.EclipseLogger - Copying 0 resource
2025-09-29 12:24:35,001 [Worker-42: Building] WARN  o.e.m.c.i.embedder.EclipseLogger - Using platform encoding (MS949 actually) to copy filtered resources, i.e. build is platform dependent!
2025-09-29 12:24:35,002 [Worker-42: Building] INFO  o.e.m.c.i.embedder.EclipseLogger - Copying 0 resource
2025-09-29 12:24:35,002 [Worker-42: Building] WARN  o.e.m.c.i.embedder.EclipseLogger - Using platform encoding (MS949 actually) to copy filtered resources, i.e. build is platform dependent!
2025-09-29 12:24:35,003 [Worker-42: Building] INFO  o.e.m.c.i.embedder.EclipseLogger - Copying 0 resource
2025-09-29 12:24:37,996 [Worker-33: Building] WARN  o.e.m.c.i.embedder.EclipseLogger - Using platform encoding (MS949 actually) to copy filtered resources, i.e. build is platform dependent!
2025-09-29 12:24:37,996 [Worker-33: Building] INFO  o.e.m.c.i.embedder.EclipseLogger - Copying 0 resource
2025-09-29 12:24:37,997 [Worker-33: Building] WARN  o.e.m.c.i.embedder.EclipseLogger - Using platform encoding (MS949 actually) to copy filtered resources, i.e. build is platform dependent!
2025-09-29 12:24:37,997 [Worker-33: Building] INFO  o.e.m.c.i.embedder.EclipseLogger - Copying 0 resource
2025-09-29 12:25:06,909 [Worker-14: Building] WARN  o.e.m.c.i.embedder.EclipseLogger - Using platform encoding (MS949 actually) to copy filtered resources, i.e. build is platform dependent!
2025-09-29 12:25:06,910 [Worker-14: Building] INFO  o.e.m.c.i.embedder.EclipseLogger - Copying 0 resource
2025-09-29 12:25:06,911 [Worker-14: Building] WARN  o.e.m.c.i.embedder.EclipseLogger - Using platform encoding (MS949 actually) to copy filtered resources, i.e. build is platform dependent!
2025-09-29 12:25:06,911 [Worker-14: Building] INFO  o.e.m.c.i.embedder.EclipseLogger - Copying 0 resource
2025-09-29 12:25:18,502 [Worker-33: Building] WARN  o.e.m.c.i.embedder.EclipseLogger - Using platform encoding (MS949 actually) to copy filtered resources, i.e. build is platform dependent!
2025-09-29 12:25:18,502 [Worker-33: Building] INFO  o.e.m.c.i.embedder.EclipseLogger - Copying 0 resource
2025-09-29 12:25:18,503 [Worker-33: Building] WARN  o.e.m.c.i.embedder.EclipseLogger - Using platform encoding (MS949 actually) to copy filtered resources, i.e. build is platform dependent!
2025-09-29 12:25:18,503 [Worker-33: Building] INFO  o.e.m.c.i.embedder.EclipseLogger - Copying 0 resource
2025-09-29 12:25:23,615 [Worker-37: Building] WARN  o.e.m.c.i.embedder.EclipseLogger - Using platform encoding (MS949 actually) to copy filtered resources, i.e. build is platform dependent!
2025-09-29 12:25:23,615 [Worker-37: Building] INFO  o.e.m.c.i.embedder.EclipseLogger - Copying 0 resource
2025-09-29 12:25:23,616 [Worker-37: Building] WARN  o.e.m.c.i.embedder.EclipseLogger - Using platform encoding (MS949 actually) to copy filtered resources, i.e. build is platform dependent!
2025-09-29 12:25:23,616 [Worker-37: Building] INFO  o.e.m.c.i.embedder.EclipseLogger - Copying 0 resource
2025-09-29 12:25:48,325 [Worker-37: Building] WARN  o.e.m.c.i.embedder.EclipseLogger - Using platform encoding (MS949 actually) to copy filtered resources, i.e. build is platform dependent!
2025-09-29 12:25:48,326 [Worker-37: Building] INFO  o.e.m.c.i.embedder.EclipseLogger - Copying 0 resource
2025-09-29 12:25:48,326 [Worker-37: Building] WARN  o.e.m.c.i.embedder.EclipseLogger - Using platform encoding (MS949 actually) to copy filtered resources, i.e. build is platform dependent!
2025-09-29 12:25:48,327 [Worker-37: Building] INFO  o.e.m.c.i.embedder.EclipseLogger - Copying 0 resource
2025-09-29 12:26:13,326 [Worker-37: Building] WARN  o.e.m.c.i.embedder.EclipseLogger - Using platform encoding (MS949 actually) to copy filtered resources, i.e. build is platform dependent!
2025-09-29 12:26:13,327 [Worker-37: Building] INFO  o.e.m.c.i.embedder.EclipseLogger - Copying 0 resource
2025-09-29 12:26:13,328 [Worker-37: Building] WARN  o.e.m.c.i.embedder.EclipseLogger - Using platform encoding (MS949 actually) to copy filtered resources, i.e. build is platform dependent!
2025-09-29 12:26:13,328 [Worker-37: Building] INFO  o.e.m.c.i.embedder.EclipseLogger - Copying 0 resource
2025-09-29 12:26:40,501 [Worker-33: Building] WARN  o.e.m.c.i.embedder.EclipseLogger - Using platform encoding (MS949 actually) to copy filtered resources, i.e. build is platform dependent!
2025-09-29 12:26:40,502 [Worker-33: Building] INFO  o.e.m.c.i.embedder.EclipseLogger - Copying 0 resource
2025-09-29 12:26:40,502 [Worker-33: Building] WARN  o.e.m.c.i.embedder.EclipseLogger - Using platform encoding (MS949 actually) to copy filtered resources, i.e. build is platform dependent!
2025-09-29 12:26:40,503 [Worker-33: Building] INFO  o.e.m.c.i.embedder.EclipseLogger - Copying 0 resource
2025-09-29 12:27:12,266 [Worker-33: Building] WARN  o.e.m.c.i.embedder.EclipseLogger - Using platform encoding (MS949 actually) to copy filtered resources, i.e. build is platform dependent!
2025-09-29 12:27:12,267 [Worker-33: Building] INFO  o.e.m.c.i.embedder.EclipseLogger - Copying 1 resource
2025-09-29 12:27:12,267 [Worker-33: Building] WARN  o.e.m.c.i.embedder.EclipseLogger - Using platform encoding (MS949 actually) to copy filtered resources, i.e. build is platform dependent!
2025-09-29 12:27:12,268 [Worker-33: Building] INFO  o.e.m.c.i.embedder.EclipseLogger - Copying 0 resource
2025-09-29 12:27:22,522 [Worker-43: Building] WARN  o.e.m.c.i.embedder.EclipseLogger - Using platform encoding (MS949 actually) to copy filtered resources, i.e. build is platform dependent!
2025-09-29 12:27:22,523 [Worker-43: Building] INFO  o.e.m.c.i.embedder.EclipseLogger - Copying 1 resource
2025-09-29 12:27:22,524 [Worker-43: Building] WARN  o.e.m.c.i.embedder.EclipseLogger - Using platform encoding (MS949 actually) to copy filtered resources, i.e. build is platform dependent!
2025-09-29 12:27:22,524 [Worker-43: Building] INFO  o.e.m.c.i.embedder.EclipseLogger - Copying 0 resource
2025-09-29 12:27:24,549 [Worker-43: Building] WARN  o.e.m.c.i.embedder.EclipseLogger - Using platform encoding (MS949 actually) to copy filtered resources, i.e. build is platform dependent!
2025-09-29 12:27:24,550 [Worker-43: Building] INFO  o.e.m.c.i.embedder.EclipseLogger - Copying 1 resource
2025-09-29 12:27:24,550 [Worker-43: Building] WARN  o.e.m.c.i.embedder.EclipseLogger - Using platform encoding (MS949 actually) to copy filtered resources, i.e. build is platform dependent!
2025-09-29 12:27:24,550 [Worker-43: Building] INFO  o.e.m.c.i.embedder.EclipseLogger - Copying 0 resource
2025-09-29 12:28:59,120 [Worker-41: Building] WARN  o.e.m.c.i.embedder.EclipseLogger - Using platform encoding (MS949 actually) to copy filtered resources, i.e. build is platform dependent!
2025-09-29 12:28:59,121 [Worker-41: Building] INFO  o.e.m.c.i.embedder.EclipseLogger - Copying 0 resource
2025-09-29 12:28:59,122 [Worker-41: Building] WARN  o.e.m.c.i.embedder.EclipseLogger - Using platform encoding (MS949 actually) to copy filtered resources, i.e. build is platform dependent!
2025-09-29 12:28:59,122 [Worker-41: Building] INFO  o.e.m.c.i.embedder.EclipseLogger - Copying 0 resource
2025-09-29 12:29:14,154 [Worker-33: Building] WARN  o.e.m.c.i.embedder.EclipseLogger - Using platform encoding (MS949 actually) to copy filtered resources, i.e. build is platform dependent!
2025-09-29 12:29:14,154 [Worker-33: Building] INFO  o.e.m.c.i.embedder.EclipseLogger - Copying 0 resource
2025-09-29 12:29:14,155 [Worker-33: Building] WARN  o.e.m.c.i.embedder.EclipseLogger - Using platform encoding (MS949 actually) to copy filtered resources, i.e. build is platform dependent!
2025-09-29 12:29:14,155 [Worker-33: Building] INFO  o.e.m.c.i.embedder.EclipseLogger - Copying 0 resource
2025-09-29 12:29:17,778 [Worker-44: Building] WARN  o.e.m.c.i.embedder.EclipseLogger - Using platform encoding (MS949 actually) to copy filtered resources, i.e. build is platform dependent!
2025-09-29 12:29:17,780 [Worker-44: Building] INFO  o.e.m.c.i.embedder.EclipseLogger - Copying 0 resource
2025-09-29 12:29:17,781 [Worker-44: Building] WARN  o.e.m.c.i.embedder.EclipseLogger - Using platform encoding (MS949 actually) to copy filtered resources, i.e. build is platform dependent!
2025-09-29 12:29:17,781 [Worker-44: Building] INFO  o.e.m.c.i.embedder.EclipseLogger - Copying 0 resource
2025-09-29 12:30:07,472 [Worker-44: Building] WARN  o.e.m.c.i.embedder.EclipseLogger - Using platform encoding (MS949 actually) to copy filtered resources, i.e. build is platform dependent!
2025-09-29 12:30:07,473 [Worker-44: Building] INFO  o.e.m.c.i.embedder.EclipseLogger - Copying 1 resource
2025-09-29 12:30:07,473 [Worker-44: Building] WARN  o.e.m.c.i.embedder.EclipseLogger - Using platform encoding (MS949 actually) to copy filtered resources, i.e. build is platform dependent!
2025-09-29 12:30:07,473 [Worker-44: Building] INFO  o.e.m.c.i.embedder.EclipseLogger - Copying 0 resource
2025-09-29 12:30:31,513 [Worker-33: Building] WARN  o.e.m.c.i.embedder.EclipseLogger - Using platform encoding (MS949 actually) to copy filtered resources, i.e. build is platform dependent!
2025-09-29 12:30:31,514 [Worker-33: Building] INFO  o.e.m.c.i.embedder.EclipseLogger - Copying 1 resource
2025-09-29 12:30:31,514 [Worker-33: Building] WARN  o.e.m.c.i.embedder.EclipseLogger - Using platform encoding (MS949 actually) to copy filtered resources, i.e. build is platform dependent!
2025-09-29 12:30:31,515 [Worker-33: Building] INFO  o.e.m.c.i.embedder.EclipseLogger - Copying 0 resource
2025-09-29 12:31:44,055 [Worker-46: Building] WARN  o.e.m.c.i.embedder.EclipseLogger - Using platform encoding (MS949 actually) to copy filtered resources, i.e. build is platform dependent!
2025-09-29 12:31:44,056 [Worker-46: Building] INFO  o.e.m.c.i.embedder.EclipseLogger - Copying 0 resource
2025-09-29 12:31:44,056 [Worker-46: Building] WARN  o.e.m.c.i.embedder.EclipseLogger - Using platform encoding (MS949 actually) to copy filtered resources, i.e. build is platform dependent!
2025-09-29 12:31:44,057 [Worker-46: Building] INFO  o.e.m.c.i.embedder.EclipseLogger - Copying 0 resource
2025-09-29 12:32:30,156 [Worker-41: Building] WARN  o.e.m.c.i.embedder.EclipseLogger - Using platform encoding (MS949 actually) to copy filtered resources, i.e. build is platform dependent!
2025-09-29 12:32:30,156 [Worker-41: Building] INFO  o.e.m.c.i.embedder.EclipseLogger - Copying 0 resource
2025-09-29 12:32:30,157 [Worker-41: Building] WARN  o.e.m.c.i.embedder.EclipseLogger - Using platform encoding (MS949 actually) to copy filtered resources, i.e. build is platform dependent!
2025-09-29 12:32:30,157 [Worker-41: Building] INFO  o.e.m.c.i.embedder.EclipseLogger - Copying 0 resource
2025-09-29 12:32:38,249 [Worker-33: Building] WARN  o.e.m.c.i.embedder.EclipseLogger - Using platform encoding (MS949 actually) to copy filtered resources, i.e. build is platform dependent!
2025-09-29 12:32:38,249 [Worker-33: Building] INFO  o.e.m.c.i.embedder.EclipseLogger - Copying 0 resource
2025-09-29 12:32:38,250 [Worker-33: Building] WARN  o.e.m.c.i.embedder.EclipseLogger - Using platform encoding (MS949 actually) to copy filtered resources, i.e. build is platform dependent!
2025-09-29 12:32:38,251 [Worker-33: Building] INFO  o.e.m.c.i.embedder.EclipseLogger - Copying 0 resource
2025-09-29 12:32:47,167 [Worker-41: Building] WARN  o.e.m.c.i.embedder.EclipseLogger - Using platform encoding (MS949 actually) to copy filtered resources, i.e. build is platform dependent!
2025-09-29 12:32:47,168 [Worker-41: Building] INFO  o.e.m.c.i.embedder.EclipseLogger - Copying 0 resource
2025-09-29 12:32:47,168 [Worker-41: Building] WARN  o.e.m.c.i.embedder.EclipseLogger - Using platform encoding (MS949 actually) to copy filtered resources, i.e. build is platform dependent!
2025-09-29 12:32:47,169 [Worker-41: Building] INFO  o.e.m.c.i.embedder.EclipseLogger - Copying 0 resource
2025-09-29 12:32:52,737 [Worker-33: Building] WARN  o.e.m.c.i.embedder.EclipseLogger - Using platform encoding (MS949 actually) to copy filtered resources, i.e. build is platform dependent!
2025-09-29 12:32:52,738 [Worker-33: Building] INFO  o.e.m.c.i.embedder.EclipseLogger - Copying 0 resource
2025-09-29 12:32:52,739 [Worker-33: Building] WARN  o.e.m.c.i.embedder.EclipseLogger - Using platform encoding (MS949 actually) to copy filtered resources, i.e. build is platform dependent!
2025-09-29 12:32:52,740 [Worker-33: Building] INFO  o.e.m.c.i.embedder.EclipseLogger - Copying 0 resource
2025-09-29 12:33:01,746 [Worker-41: Building] WARN  o.e.m.c.i.embedder.EclipseLogger - Using platform encoding (MS949 actually) to copy filtered resources, i.e. build is platform dependent!
2025-09-29 12:33:01,747 [Worker-41: Building] INFO  o.e.m.c.i.embedder.EclipseLogger - Copying 0 resource
2025-09-29 12:33:01,747 [Worker-41: Building] WARN  o.e.m.c.i.embedder.EclipseLogger - Using platform encoding (MS949 actually) to copy filtered resources, i.e. build is platform dependent!
2025-09-29 12:33:01,748 [Worker-41: Building] INFO  o.e.m.c.i.embedder.EclipseLogger - Copying 0 resource
2025-09-29 12:33:10,048 [Worker-33: Building] WARN  o.e.m.c.i.embedder.EclipseLogger - Using platform encoding (MS949 actually) to copy filtered resources, i.e. build is platform dependent!
2025-09-29 12:33:10,049 [Worker-33: Building] INFO  o.e.m.c.i.embedder.EclipseLogger - Copying 0 resource
2025-09-29 12:33:10,049 [Worker-33: Building] WARN  o.e.m.c.i.embedder.EclipseLogger - Using platform encoding (MS949 actually) to copy filtered resources, i.e. build is platform dependent!
2025-09-29 12:33:10,050 [Worker-33: Building] INFO  o.e.m.c.i.embedder.EclipseLogger - Copying 0 resource
2025-09-29 12:33:13,609 [Worker-41: Building] WARN  o.e.m.c.i.embedder.EclipseLogger - Using platform encoding (MS949 actually) to copy filtered resources, i.e. build is platform dependent!
2025-09-29 12:33:13,609 [Worker-41: Building] INFO  o.e.m.c.i.embedder.EclipseLogger - Copying 0 resource
2025-09-29 12:33:13,610 [Worker-41: Building] WARN  o.e.m.c.i.embedder.EclipseLogger - Using platform encoding (MS949 actually) to copy filtered resources, i.e. build is platform dependent!
2025-09-29 12:33:13,610 [Worker-41: Building] INFO  o.e.m.c.i.embedder.EclipseLogger - Copying 0 resource
2025-09-29 12:33:33,465 [Worker-50: Building] WARN  o.e.m.c.i.embedder.EclipseLogger - Using platform encoding (MS949 actually) to copy filtered resources, i.e. build is platform dependent!
2025-09-29 12:33:33,466 [Worker-50: Building] INFO  o.e.m.c.i.embedder.EclipseLogger - Copying 0 resource
2025-09-29 12:33:33,466 [Worker-50: Building] WARN  o.e.m.c.i.embedder.EclipseLogger - Using platform encoding (MS949 actually) to copy filtered resources, i.e. build is platform dependent!
2025-09-29 12:33:33,467 [Worker-50: Building] INFO  o.e.m.c.i.embedder.EclipseLogger - Copying 0 resource
2025-09-29 12:33:54,490 [Worker-48: Building] WARN  o.e.m.c.i.embedder.EclipseLogger - Using platform encoding (MS949 actually) to copy filtered resources, i.e. build is platform dependent!
2025-09-29 12:33:54,490 [Worker-48: Building] INFO  o.e.m.c.i.embedder.EclipseLogger - Copying 0 resource
2025-09-29 12:33:54,491 [Worker-48: Building] WARN  o.e.m.c.i.embedder.EclipseLogger - Using platform encoding (MS949 actually) to copy filtered resources, i.e. build is platform dependent!
2025-09-29 12:33:54,492 [Worker-48: Building] INFO  o.e.m.c.i.embedder.EclipseLogger - Copying 0 resource
2025-09-29 12:34:23,733 [Worker-49: Building] WARN  o.e.m.c.i.embedder.EclipseLogger - Using platform encoding (MS949 actually) to copy filtered resources, i.e. build is platform dependent!
2025-09-29 12:34:23,733 [Worker-49: Building] INFO  o.e.m.c.i.embedder.EclipseLogger - Copying 0 resource
2025-09-29 12:34:23,734 [Worker-49: Building] WARN  o.e.m.c.i.embedder.EclipseLogger - Using platform encoding (MS949 actually) to copy filtered resources, i.e. build is platform dependent!
2025-09-29 12:34:23,734 [Worker-49: Building] INFO  o.e.m.c.i.embedder.EclipseLogger - Copying 0 resource
2025-09-29 12:34:27,659 [Worker-44: Building] WARN  o.e.m.c.i.embedder.EclipseLogger - Using platform encoding (MS949 actually) to copy filtered resources, i.e. build is platform dependent!
2025-09-29 12:34:27,660 [Worker-44: Building] INFO  o.e.m.c.i.embedder.EclipseLogger - Copying 0 resource
2025-09-29 12:34:27,660 [Worker-44: Building] WARN  o.e.m.c.i.embedder.EclipseLogger - Using platform encoding (MS949 actually) to copy filtered resources, i.e. build is platform dependent!
2025-09-29 12:34:27,661 [Worker-44: Building] INFO  o.e.m.c.i.embedder.EclipseLogger - Copying 0 resource
2025-09-29 12:34:41,352 [Worker-47: Building] WARN  o.e.m.c.i.embedder.EclipseLogger - Using platform encoding (MS949 actually) to copy filtered resources, i.e. build is platform dependent!
2025-09-29 12:34:41,353 [Worker-47: Building] INFO  o.e.m.c.i.embedder.EclipseLogger - Copying 0 resource
2025-09-29 12:34:41,354 [Worker-47: Building] WARN  o.e.m.c.i.embedder.EclipseLogger - Using platform encoding (MS949 actually) to copy filtered resources, i.e. build is platform dependent!
2025-09-29 12:34:41,354 [Worker-47: Building] INFO  o.e.m.c.i.embedder.EclipseLogger - Copying 0 resource
2025-09-29 12:34:46,695 [Worker-41: Building] WARN  o.e.m.c.i.embedder.EclipseLogger - Using platform encoding (MS949 actually) to copy filtered resources, i.e. build is platform dependent!
2025-09-29 12:34:46,696 [Worker-41: Building] INFO  o.e.m.c.i.embedder.EclipseLogger - Copying 0 resource
2025-09-29 12:34:46,696 [Worker-41: Building] WARN  o.e.m.c.i.embedder.EclipseLogger - Using platform encoding (MS949 actually) to copy filtered resources, i.e. build is platform dependent!
2025-09-29 12:34:46,697 [Worker-41: Building] INFO  o.e.m.c.i.embedder.EclipseLogger - Copying 0 resource
2025-09-29 12:35:18,861 [Worker-46: Building] WARN  o.e.m.c.i.embedder.EclipseLogger - Using platform encoding (MS949 actually) to copy filtered resources, i.e. build is platform dependent!
2025-09-29 12:35:18,862 [Worker-46: Building] INFO  o.e.m.c.i.embedder.EclipseLogger - Copying 0 resource
2025-09-29 12:35:18,862 [Worker-46: Building] WARN  o.e.m.c.i.embedder.EclipseLogger - Using platform encoding (MS949 actually) to copy filtered resources, i.e. build is platform dependent!
2025-09-29 12:35:18,862 [Worker-46: Building] INFO  o.e.m.c.i.embedder.EclipseLogger - Copying 0 resource
2025-09-29 12:35:23,896 [Worker-44: Building] WARN  o.e.m.c.i.embedder.EclipseLogger - Using platform encoding (MS949 actually) to copy filtered resources, i.e. build is platform dependent!
2025-09-29 12:35:23,897 [Worker-44: Building] INFO  o.e.m.c.i.embedder.EclipseLogger - Copying 0 resource
2025-09-29 12:35:23,897 [Worker-44: Building] WARN  o.e.m.c.i.embedder.EclipseLogger - Using platform encoding (MS949 actually) to copy filtered resources, i.e. build is platform dependent!
2025-09-29 12:35:23,898 [Worker-44: Building] INFO  o.e.m.c.i.embedder.EclipseLogger - Copying 0 resource
2025-09-29 12:36:36,410 [Worker-49: Building] WARN  o.e.m.c.i.embedder.EclipseLogger - Using platform encoding (MS949 actually) to copy filtered resources, i.e. build is platform dependent!
2025-09-29 12:36:36,411 [Worker-49: Building] INFO  o.e.m.c.i.embedder.EclipseLogger - Copying 1 resource
2025-09-29 12:36:36,411 [Worker-49: Building] WARN  o.e.m.c.i.embedder.EclipseLogger - Using platform encoding (MS949 actually) to copy filtered resources, i.e. build is platform dependent!
2025-09-29 12:36:36,411 [Worker-49: Building] INFO  o.e.m.c.i.embedder.EclipseLogger - Copying 0 resource
2025-09-29 12:36:43,389 [Worker-41: Building] WARN  o.e.m.c.i.embedder.EclipseLogger - Using platform encoding (MS949 actually) to copy filtered resources, i.e. build is platform dependent!
2025-09-29 12:36:43,389 [Worker-41: Building] INFO  o.e.m.c.i.embedder.EclipseLogger - Copying 1 resource
2025-09-29 12:36:43,390 [Worker-41: Building] WARN  o.e.m.c.i.embedder.EclipseLogger - Using platform encoding (MS949 actually) to copy filtered resources, i.e. build is platform dependent!
2025-09-29 12:36:43,390 [Worker-41: Building] INFO  o.e.m.c.i.embedder.EclipseLogger - Copying 0 resource
2025-09-29 12:38:41,710 [Worker-44: Building workspace] INFO  o.e.m.c.i.l.LifecycleMappingFactory - Using org.maven.ide.eclipse.wtp.WarLifecycleMapping lifecycle mapping for MavenProject: com.kh:di:1.0.0-BUILD-SNAPSHOT @ C:\12_Spring\work\Ex0929_di\pom.xml.
2025-09-29 12:38:41,839 [Worker-44: Building workspace] WARN  o.e.m.c.i.embedder.EclipseLogger - Using platform encoding (MS949 actually) to copy filtered resources, i.e. build is platform dependent!
2025-09-29 12:38:41,839 [Worker-44: Building workspace] INFO  o.e.m.c.i.embedder.EclipseLogger - Copying 1 resource
2025-09-29 12:38:41,841 [Worker-44: Building workspace] WARN  o.e.m.c.i.embedder.EclipseLogger - Using platform encoding (MS949 actually) to copy filtered resources, i.e. build is platform dependent!
2025-09-29 12:38:41,842 [Worker-44: Building workspace] INFO  o.e.m.c.i.embedder.EclipseLogger - Copying 1 resource
2025-09-29 12:38:42,070 [Worker-44: Building] WARN  o.e.m.c.i.embedder.EclipseLogger - Using platform encoding (MS949 actually) to copy filtered resources, i.e. build is platform dependent!
2025-09-29 12:38:42,071 [Worker-44: Building] INFO  o.e.m.c.i.embedder.EclipseLogger - Copying 1 resource
2025-09-29 12:38:42,072 [Worker-44: Building] WARN  o.e.m.c.i.embedder.EclipseLogger - Using platform encoding (MS949 actually) to copy filtered resources, i.e. build is platform dependent!
2025-09-29 12:38:42,073 [Worker-44: Building] INFO  o.e.m.c.i.embedder.EclipseLogger - Copying 1 resource
2025-09-29 12:40:59,280 [Worker-56: Building] WARN  o.e.m.c.i.embedder.EclipseLogger - Using platform encoding (MS949 actually) to copy filtered resources, i.e. build is platform dependent!
2025-09-29 12:40:59,281 [Worker-56: Building] INFO  o.e.m.c.i.embedder.EclipseLogger - Copying 1 resource
2025-09-29 12:40:59,282 [Worker-56: Building] WARN  o.e.m.c.i.embedder.EclipseLogger - Using platform encoding (MS949 actually) to copy filtered resources, i.e. build is platform dependent!
2025-09-29 12:40:59,282 [Worker-56: Building] INFO  o.e.m.c.i.embedder.EclipseLogger - Copying 0 resource
2025-09-29 12:42:27,895 [Worker-55: Building] WARN  o.e.m.c.i.embedder.EclipseLogger - Using platform encoding (MS949 actually) to copy filtered resources, i.e. build is platform dependent!
2025-09-29 12:42:27,896 [Worker-55: Building] INFO  o.e.m.c.i.embedder.EclipseLogger - Copying 1 resource
2025-09-29 12:42:27,896 [Worker-55: Building] WARN  o.e.m.c.i.embedder.EclipseLogger - Using platform encoding (MS949 actually) to copy filtered resources, i.e. build is platform dependent!
2025-09-29 12:42:27,897 [Worker-55: Building] INFO  o.e.m.c.i.embedder.EclipseLogger - Copying 0 resource
2025-09-29 12:42:48,821 [Worker-46: Building] WARN  o.e.m.c.i.embedder.EclipseLogger - Using platform encoding (MS949 actually) to copy filtered resources, i.e. build is platform dependent!
2025-09-29 12:42:48,822 [Worker-46: Building] INFO  o.e.m.c.i.embedder.EclipseLogger - Copying 1 resource
2025-09-29 12:42:48,822 [Worker-46: Building] WARN  o.e.m.c.i.embedder.EclipseLogger - Using platform encoding (MS949 actually) to copy filtered resources, i.e. build is platform dependent!
2025-09-29 12:42:48,823 [Worker-46: Building] INFO  o.e.m.c.i.embedder.EclipseLogger - Copying 0 resource
2025-09-29 12:42:59,048 [Worker-46: Building] WARN  o.e.m.c.i.embedder.EclipseLogger - Using platform encoding (MS949 actually) to copy filtered resources, i.e. build is platform dependent!
2025-09-29 12:42:59,048 [Worker-46: Building] INFO  o.e.m.c.i.embedder.EclipseLogger - Copying 1 resource
2025-09-29 12:42:59,049 [Worker-46: Building] WARN  o.e.m.c.i.embedder.EclipseLogger - Using platform encoding (MS949 actually) to copy filtered resources, i.e. build is platform dependent!
2025-09-29 12:42:59,049 [Worker-46: Building] INFO  o.e.m.c.i.embedder.EclipseLogger - Copying 0 resource
2025-09-29 12:43:36,159 [Worker-50: Building] WARN  o.e.m.c.i.embedder.EclipseLogger - Using platform encoding (MS949 actually) to copy filtered resources, i.e. build is platform dependent!
2025-09-29 12:43:36,160 [Worker-50: Building] INFO  o.e.m.c.i.embedder.EclipseLogger - Copying 1 resource
2025-09-29 12:43:36,161 [Worker-50: Building] WARN  o.e.m.c.i.embedder.EclipseLogger - Using platform encoding (MS949 actually) to copy filtered resources, i.e. build is platform dependent!
2025-09-29 12:43:36,161 [Worker-50: Building] INFO  o.e.m.c.i.embedder.EclipseLogger - Copying 0 resource
2025-09-29 12:44:29,671 [Worker-50: Building] WARN  o.e.m.c.i.embedder.EclipseLogger - Using platform encoding (MS949 actually) to copy filtered resources, i.e. build is platform dependent!
2025-09-29 12:44:29,672 [Worker-50: Building] INFO  o.e.m.c.i.embedder.EclipseLogger - Copying 1 resource
2025-09-29 12:44:29,673 [Worker-50: Building] WARN  o.e.m.c.i.embedder.EclipseLogger - Using platform encoding (MS949 actually) to copy filtered resources, i.e. build is platform dependent!
2025-09-29 12:44:29,673 [Worker-50: Building] INFO  o.e.m.c.i.embedder.EclipseLogger - Copying 0 resource
2025-09-29 12:46:14,631 [Worker-55: Building] WARN  o.e.m.c.i.embedder.EclipseLogger - Using platform encoding (MS949 actually) to copy filtered resources, i.e. build is platform dependent!
2025-09-29 12:46:14,632 [Worker-55: Building] INFO  o.e.m.c.i.embedder.EclipseLogger - Copying 1 resource
2025-09-29 12:46:14,633 [Worker-55: Building] WARN  o.e.m.c.i.embedder.EclipseLogger - Using platform encoding (MS949 actually) to copy filtered resources, i.e. build is platform dependent!
2025-09-29 12:46:14,633 [Worker-55: Building] INFO  o.e.m.c.i.embedder.EclipseLogger - Copying 0 resource
2025-09-29 12:46:25,232 [Worker-50: Building] WARN  o.e.m.c.i.embedder.EclipseLogger - Using platform encoding (MS949 actually) to copy filtered resources, i.e. build is platform dependent!
2025-09-29 12:46:25,233 [Worker-50: Building] INFO  o.e.m.c.i.embedder.EclipseLogger - Copying 1 resource
2025-09-29 12:46:25,233 [Worker-50: Building] WARN  o.e.m.c.i.embedder.EclipseLogger - Using platform encoding (MS949 actually) to copy filtered resources, i.e. build is platform dependent!
2025-09-29 12:46:25,234 [Worker-50: Building] INFO  o.e.m.c.i.embedder.EclipseLogger - Copying 0 resource
2025-09-29 12:46:53,633 [Worker-58: Building] WARN  o.e.m.c.i.embedder.EclipseLogger - Using platform encoding (MS949 actually) to copy filtered resources, i.e. build is platform dependent!
2025-09-29 12:46:53,633 [Worker-58: Building] INFO  o.e.m.c.i.embedder.EclipseLogger - Copying 1 resource
2025-09-29 12:46:53,634 [Worker-58: Building] WARN  o.e.m.c.i.embedder.EclipseLogger - Using platform encoding (MS949 actually) to copy filtered resources, i.e. build is platform dependent!
2025-09-29 12:46:53,634 [Worker-58: Building] INFO  o.e.m.c.i.embedder.EclipseLogger - Copying 0 resource
2025-09-29 12:47:29,055 [Worker-55: Building] WARN  o.e.m.c.i.embedder.EclipseLogger - Using platform encoding (MS949 actually) to copy filtered resources, i.e. build is platform dependent!
2025-09-29 12:47:29,056 [Worker-55: Building] INFO  o.e.m.c.i.embedder.EclipseLogger - Copying 1 resource
2025-09-29 12:47:29,057 [Worker-55: Building] WARN  o.e.m.c.i.embedder.EclipseLogger - Using platform encoding (MS949 actually) to copy filtered resources, i.e. build is platform dependent!
2025-09-29 12:47:29,057 [Worker-55: Building] INFO  o.e.m.c.i.embedder.EclipseLogger - Copying 0 resource
2025-09-29 12:47:31,326 [Worker-56: Building] WARN  o.e.m.c.i.embedder.EclipseLogger - Using platform encoding (MS949 actually) to copy filtered resources, i.e. build is platform dependent!
2025-09-29 12:47:31,326 [Worker-56: Building] INFO  o.e.m.c.i.embedder.EclipseLogger - Copying 1 resource
2025-09-29 12:47:31,327 [Worker-56: Building] WARN  o.e.m.c.i.embedder.EclipseLogger - Using platform encoding (MS949 actually) to copy filtered resources, i.e. build is platform dependent!
2025-09-29 12:47:31,327 [Worker-56: Building] INFO  o.e.m.c.i.embedder.EclipseLogger - Copying 0 resource
2025-09-29 12:47:55,777 [Worker-59: Building] WARN  o.e.m.c.i.embedder.EclipseLogger - Using platform encoding (MS949 actually) to copy filtered resources, i.e. build is platform dependent!
2025-09-29 12:47:55,777 [Worker-59: Building] INFO  o.e.m.c.i.embedder.EclipseLogger - Copying 1 resource
2025-09-29 12:47:55,778 [Worker-59: Building] WARN  o.e.m.c.i.embedder.EclipseLogger - Using platform encoding (MS949 actually) to copy filtered resources, i.e. build is platform dependent!
2025-09-29 12:47:55,778 [Worker-59: Building] INFO  o.e.m.c.i.embedder.EclipseLogger - Copying 0 resource
2025-09-29 12:47:57,965 [Worker-58: Building] WARN  o.e.m.c.i.embedder.EclipseLogger - Using platform encoding (MS949 actually) to copy filtered resources, i.e. build is platform dependent!
2025-09-29 12:47:57,966 [Worker-58: Building] INFO  o.e.m.c.i.embedder.EclipseLogger - Copying 1 resource
2025-09-29 12:47:57,967 [Worker-58: Building] WARN  o.e.m.c.i.embedder.EclipseLogger - Using platform encoding (MS949 actually) to copy filtered resources, i.e. build is platform dependent!
2025-09-29 12:47:57,967 [Worker-58: Building] INFO  o.e.m.c.i.embedder.EclipseLogger - Copying 0 resource
2025-09-29 12:48:11,132 [Worker-56: Building] WARN  o.e.m.c.i.embedder.EclipseLogger - Using platform encoding (MS949 actually) to copy filtered resources, i.e. build is platform dependent!
2025-09-29 12:48:11,132 [Worker-56: Building] INFO  o.e.m.c.i.embedder.EclipseLogger - Copying 1 resource
2025-09-29 12:48:11,133 [Worker-56: Building] WARN  o.e.m.c.i.embedder.EclipseLogger - Using platform encoding (MS949 actually) to copy filtered resources, i.e. build is platform dependent!
2025-09-29 12:48:11,133 [Worker-56: Building] INFO  o.e.m.c.i.embedder.EclipseLogger - Copying 0 resource
2025-09-29 12:49:00,126 [Worker-60: Building] WARN  o.e.m.c.i.embedder.EclipseLogger - Using platform encoding (MS949 actually) to copy filtered resources, i.e. build is platform dependent!
2025-09-29 12:49:00,127 [Worker-60: Building] INFO  o.e.m.c.i.embedder.EclipseLogger - Copying 1 resource
2025-09-29 12:49:00,127 [Worker-60: Building] WARN  o.e.m.c.i.embedder.EclipseLogger - Using platform encoding (MS949 actually) to copy filtered resources, i.e. build is platform dependent!
2025-09-29 12:49:00,128 [Worker-60: Building] INFO  o.e.m.c.i.embedder.EclipseLogger - Copying 0 resource
2025-09-29 14:01:48,581 [Worker-78: Building] WARN  o.e.m.c.i.embedder.EclipseLogger - Using platform encoding (MS949 actually) to copy filtered resources, i.e. build is platform dependent!
2025-09-29 14:01:48,582 [Worker-78: Building] INFO  o.e.m.c.i.embedder.EclipseLogger - Copying 1 resource
2025-09-29 14:01:48,582 [Worker-78: Building] WARN  o.e.m.c.i.embedder.EclipseLogger - Using platform encoding (MS949 actually) to copy filtered resources, i.e. build is platform dependent!
2025-09-29 14:01:48,582 [Worker-78: Building] INFO  o.e.m.c.i.embedder.EclipseLogger - Copying 0 resource
2025-09-29 14:01:58,395 [Worker-78: Building] WARN  o.e.m.c.i.embedder.EclipseLogger - Using platform encoding (MS949 actually) to copy filtered resources, i.e. build is platform dependent!
2025-09-29 14:01:58,396 [Worker-78: Building] INFO  o.e.m.c.i.embedder.EclipseLogger - Copying 1 resource
2025-09-29 14:01:58,397 [Worker-78: Building] WARN  o.e.m.c.i.embedder.EclipseLogger - Using platform encoding (MS949 actually) to copy filtered resources, i.e. build is platform dependent!
2025-09-29 14:01:58,397 [Worker-78: Building] INFO  o.e.m.c.i.embedder.EclipseLogger - Copying 0 resource
2025-09-29 14:02:44,581 [Worker-79: Building] WARN  o.e.m.c.i.embedder.EclipseLogger - Using platform encoding (MS949 actually) to copy filtered resources, i.e. build is platform dependent!
2025-09-29 14:02:44,582 [Worker-79: Building] INFO  o.e.m.c.i.embedder.EclipseLogger - Copying 1 resource
2025-09-29 14:02:44,583 [Worker-79: Building] WARN  o.e.m.c.i.embedder.EclipseLogger - Using platform encoding (MS949 actually) to copy filtered resources, i.e. build is platform dependent!
2025-09-29 14:02:44,583 [Worker-79: Building] INFO  o.e.m.c.i.embedder.EclipseLogger - Copying 0 resource
2025-09-29 14:02:45,703 [Worker-81: Building] WARN  o.e.m.c.i.embedder.EclipseLogger - Using platform encoding (MS949 actually) to copy filtered resources, i.e. build is platform dependent!
2025-09-29 14:02:45,704 [Worker-81: Building] INFO  o.e.m.c.i.embedder.EclipseLogger - Copying 1 resource
2025-09-29 14:02:45,705 [Worker-81: Building] WARN  o.e.m.c.i.embedder.EclipseLogger - Using platform encoding (MS949 actually) to copy filtered resources, i.e. build is platform dependent!
2025-09-29 14:02:45,705 [Worker-81: Building] INFO  o.e.m.c.i.embedder.EclipseLogger - Copying 0 resource
2025-09-29 14:02:50,794 [Worker-79: Building] WARN  o.e.m.c.i.embedder.EclipseLogger - Using platform encoding (MS949 actually) to copy filtered resources, i.e. build is platform dependent!
2025-09-29 14:02:50,794 [Worker-79: Building] INFO  o.e.m.c.i.embedder.EclipseLogger - Copying 1 resource
2025-09-29 14:02:50,795 [Worker-79: Building] WARN  o.e.m.c.i.embedder.EclipseLogger - Using platform encoding (MS949 actually) to copy filtered resources, i.e. build is platform dependent!
2025-09-29 14:02:50,795 [Worker-79: Building] INFO  o.e.m.c.i.embedder.EclipseLogger - Copying 0 resource
2025-09-29 14:03:02,386 [Worker-81: Building] WARN  o.e.m.c.i.embedder.EclipseLogger - Using platform encoding (MS949 actually) to copy filtered resources, i.e. build is platform dependent!
2025-09-29 14:03:02,387 [Worker-81: Building] INFO  o.e.m.c.i.embedder.EclipseLogger - Copying 1 resource
2025-09-29 14:03:02,388 [Worker-81: Building] WARN  o.e.m.c.i.embedder.EclipseLogger - Using platform encoding (MS949 actually) to copy filtered resources, i.e. build is platform dependent!
2025-09-29 14:03:02,388 [Worker-81: Building] INFO  o.e.m.c.i.embedder.EclipseLogger - Copying 0 resource
2025-09-29 14:03:22,813 [Worker-79: Building] WARN  o.e.m.c.i.embedder.EclipseLogger - Using platform encoding (MS949 actually) to copy filtered resources, i.e. build is platform dependent!
2025-09-29 14:03:22,814 [Worker-79: Building] INFO  o.e.m.c.i.embedder.EclipseLogger - Copying 1 resource
2025-09-29 14:03:22,814 [Worker-79: Building] WARN  o.e.m.c.i.embedder.EclipseLogger - Using platform encoding (MS949 actually) to copy filtered resources, i.e. build is platform dependent!
2025-09-29 14:03:22,815 [Worker-79: Building] INFO  o.e.m.c.i.embedder.EclipseLogger - Copying 0 resource
2025-09-29 14:03:36,835 [Worker-78: Building] WARN  o.e.m.c.i.embedder.EclipseLogger - Using platform encoding (MS949 actually) to copy filtered resources, i.e. build is platform dependent!
2025-09-29 14:03:36,836 [Worker-78: Building] INFO  o.e.m.c.i.embedder.EclipseLogger - Copying 1 resource
2025-09-29 14:03:36,836 [Worker-78: Building] WARN  o.e.m.c.i.embedder.EclipseLogger - Using platform encoding (MS949 actually) to copy filtered resources, i.e. build is platform dependent!
2025-09-29 14:03:36,837 [Worker-78: Building] INFO  o.e.m.c.i.embedder.EclipseLogger - Copying 0 resource
2025-09-29 14:03:43,921 [Worker-78: Building] WARN  o.e.m.c.i.embedder.EclipseLogger - Using platform encoding (MS949 actually) to copy filtered resources, i.e. build is platform dependent!
2025-09-29 14:03:43,922 [Worker-78: Building] INFO  o.e.m.c.i.embedder.EclipseLogger - Copying 1 resource
2025-09-29 14:03:43,923 [Worker-78: Building] WARN  o.e.m.c.i.embedder.EclipseLogger - Using platform encoding (MS949 actually) to copy filtered resources, i.e. build is platform dependent!
2025-09-29 14:03:43,923 [Worker-78: Building] INFO  o.e.m.c.i.embedder.EclipseLogger - Copying 0 resource
2025-09-29 14:05:06,347 [Worker-79: Building] WARN  o.e.m.c.i.embedder.EclipseLogger - Using platform encoding (MS949 actually) to copy filtered resources, i.e. build is platform dependent!
2025-09-29 14:05:06,348 [Worker-79: Building] INFO  o.e.m.c.i.embedder.EclipseLogger - Copying 1 resource
2025-09-29 14:05:06,348 [Worker-79: Building] WARN  o.e.m.c.i.embedder.EclipseLogger - Using platform encoding (MS949 actually) to copy filtered resources, i.e. build is platform dependent!
2025-09-29 14:05:06,349 [Worker-79: Building] INFO  o.e.m.c.i.embedder.EclipseLogger - Copying 0 resource
2025-09-29 14:05:48,372 [Worker-83: Building] WARN  o.e.m.c.i.embedder.EclipseLogger - Using platform encoding (MS949 actually) to copy filtered resources, i.e. build is platform dependent!
2025-09-29 14:05:48,373 [Worker-83: Building] INFO  o.e.m.c.i.embedder.EclipseLogger - Copying 1 resource
2025-09-29 14:05:48,373 [Worker-83: Building] WARN  o.e.m.c.i.embedder.EclipseLogger - Using platform encoding (MS949 actually) to copy filtered resources, i.e. build is platform dependent!
2025-09-29 14:05:48,374 [Worker-83: Building] INFO  o.e.m.c.i.embedder.EclipseLogger - Copying 0 resource
2025-09-29 14:06:36,283 [Worker-83: Building] WARN  o.e.m.c.i.embedder.EclipseLogger - Using platform encoding (MS949 actually) to copy filtered resources, i.e. build is platform dependent!
2025-09-29 14:06:36,283 [Worker-83: Building] INFO  o.e.m.c.i.embedder.EclipseLogger - Copying 1 resource
2025-09-29 14:06:36,284 [Worker-83: Building] WARN  o.e.m.c.i.embedder.EclipseLogger - Using platform encoding (MS949 actually) to copy filtered resources, i.e. build is platform dependent!
2025-09-29 14:06:36,284 [Worker-83: Building] INFO  o.e.m.c.i.embedder.EclipseLogger - Copying 0 resource
2025-09-29 14:06:44,165 [Worker-78: Building] WARN  o.e.m.c.i.embedder.EclipseLogger - Using platform encoding (MS949 actually) to copy filtered resources, i.e. build is platform dependent!
2025-09-29 14:06:44,166 [Worker-78: Building] INFO  o.e.m.c.i.embedder.EclipseLogger - Copying 1 resource
2025-09-29 14:06:44,166 [Worker-78: Building] WARN  o.e.m.c.i.embedder.EclipseLogger - Using platform encoding (MS949 actually) to copy filtered resources, i.e. build is platform dependent!
2025-09-29 14:06:44,167 [Worker-78: Building] INFO  o.e.m.c.i.embedder.EclipseLogger - Copying 0 resource
2025-09-29 14:06:48,172 [Worker-79: Building] WARN  o.e.m.c.i.embedder.EclipseLogger - Using platform encoding (MS949 actually) to copy filtered resources, i.e. build is platform dependent!
2025-09-29 14:06:48,173 [Worker-79: Building] INFO  o.e.m.c.i.embedder.EclipseLogger - Copying 1 resource
2025-09-29 14:06:48,173 [Worker-79: Building] WARN  o.e.m.c.i.embedder.EclipseLogger - Using platform encoding (MS949 actually) to copy filtered resources, i.e. build is platform dependent!
2025-09-29 14:06:48,174 [Worker-79: Building] INFO  o.e.m.c.i.embedder.EclipseLogger - Copying 0 resource
2025-09-29 14:07:15,772 [Worker-85: Building] WARN  o.e.m.c.i.embedder.EclipseLogger - Using platform encoding (MS949 actually) to copy filtered resources, i.e. build is platform dependent!
2025-09-29 14:07:15,773 [Worker-85: Building] INFO  o.e.m.c.i.embedder.EclipseLogger - Copying 1 resource
2025-09-29 14:07:15,773 [Worker-85: Building] WARN  o.e.m.c.i.embedder.EclipseLogger - Using platform encoding (MS949 actually) to copy filtered resources, i.e. build is platform dependent!
2025-09-29 14:07:15,773 [Worker-85: Building] INFO  o.e.m.c.i.embedder.EclipseLogger - Copying 0 resource
2025-09-29 14:07:20,997 [Worker-86: Building] WARN  o.e.m.c.i.embedder.EclipseLogger - Using platform encoding (MS949 actually) to copy filtered resources, i.e. build is platform dependent!
2025-09-29 14:07:20,998 [Worker-86: Building] INFO  o.e.m.c.i.embedder.EclipseLogger - Copying 1 resource
2025-09-29 14:07:20,998 [Worker-86: Building] WARN  o.e.m.c.i.embedder.EclipseLogger - Using platform encoding (MS949 actually) to copy filtered resources, i.e. build is platform dependent!
2025-09-29 14:07:20,998 [Worker-86: Building] INFO  o.e.m.c.i.embedder.EclipseLogger - Copying 0 resource
2025-09-29 14:07:33,013 [Worker-86: Building] WARN  o.e.m.c.i.embedder.EclipseLogger - Using platform encoding (MS949 actually) to copy filtered resources, i.e. build is platform dependent!
2025-09-29 14:07:33,014 [Worker-86: Building] INFO  o.e.m.c.i.embedder.EclipseLogger - Copying 1 resource
2025-09-29 14:07:33,015 [Worker-86: Building] WARN  o.e.m.c.i.embedder.EclipseLogger - Using platform encoding (MS949 actually) to copy filtered resources, i.e. build is platform dependent!
2025-09-29 14:07:33,015 [Worker-86: Building] INFO  o.e.m.c.i.embedder.EclipseLogger - Copying 0 resource
2025-09-29 14:07:38,601 [Worker-85: Building] WARN  o.e.m.c.i.embedder.EclipseLogger - Using platform encoding (MS949 actually) to copy filtered resources, i.e. build is platform dependent!
2025-09-29 14:07:38,601 [Worker-85: Building] INFO  o.e.m.c.i.embedder.EclipseLogger - Copying 1 resource
2025-09-29 14:07:38,602 [Worker-85: Building] WARN  o.e.m.c.i.embedder.EclipseLogger - Using platform encoding (MS949 actually) to copy filtered resources, i.e. build is platform dependent!
2025-09-29 14:07:38,602 [Worker-85: Building] INFO  o.e.m.c.i.embedder.EclipseLogger - Copying 0 resource
2025-09-29 14:07:43,447 [Worker-80: Building] WARN  o.e.m.c.i.embedder.EclipseLogger - Using platform encoding (MS949 actually) to copy filtered resources, i.e. build is platform dependent!
2025-09-29 14:07:43,447 [Worker-80: Building] INFO  o.e.m.c.i.embedder.EclipseLogger - Copying 1 resource
2025-09-29 14:07:43,448 [Worker-80: Building] WARN  o.e.m.c.i.embedder.EclipseLogger - Using platform encoding (MS949 actually) to copy filtered resources, i.e. build is platform dependent!
2025-09-29 14:07:43,448 [Worker-80: Building] INFO  o.e.m.c.i.embedder.EclipseLogger - Copying 0 resource
2025-09-29 14:09:00,327 [Worker-83: Building] WARN  o.e.m.c.i.embedder.EclipseLogger - Using platform encoding (MS949 actually) to copy filtered resources, i.e. build is platform dependent!
2025-09-29 14:09:00,328 [Worker-83: Building] INFO  o.e.m.c.i.embedder.EclipseLogger - Copying 1 resource
2025-09-29 14:09:00,329 [Worker-83: Building] WARN  o.e.m.c.i.embedder.EclipseLogger - Using platform encoding (MS949 actually) to copy filtered resources, i.e. build is platform dependent!
2025-09-29 14:09:00,329 [Worker-83: Building] INFO  o.e.m.c.i.embedder.EclipseLogger - Copying 0 resource
2025-09-29 14:09:06,232 [Worker-78: Building] WARN  o.e.m.c.i.embedder.EclipseLogger - Using platform encoding (MS949 actually) to copy filtered resources, i.e. build is platform dependent!
2025-09-29 14:09:06,233 [Worker-78: Building] INFO  o.e.m.c.i.embedder.EclipseLogger - Copying 1 resource
2025-09-29 14:09:06,233 [Worker-78: Building] WARN  o.e.m.c.i.embedder.EclipseLogger - Using platform encoding (MS949 actually) to copy filtered resources, i.e. build is platform dependent!
2025-09-29 14:09:06,234 [Worker-78: Building] INFO  o.e.m.c.i.embedder.EclipseLogger - Copying 0 resource
2025-09-29 14:09:10,136 [Worker-85: Building] WARN  o.e.m.c.i.embedder.EclipseLogger - Using platform encoding (MS949 actually) to copy filtered resources, i.e. build is platform dependent!
2025-09-29 14:09:10,137 [Worker-85: Building] INFO  o.e.m.c.i.embedder.EclipseLogger - Copying 1 resource
2025-09-29 14:09:10,138 [Worker-85: Building] WARN  o.e.m.c.i.embedder.EclipseLogger - Using platform encoding (MS949 actually) to copy filtered resources, i.e. build is platform dependent!
2025-09-29 14:09:10,138 [Worker-85: Building] INFO  o.e.m.c.i.embedder.EclipseLogger - Copying 0 resource
2025-09-29 14:09:15,970 [Worker-78: Building] WARN  o.e.m.c.i.embedder.EclipseLogger - Using platform encoding (MS949 actually) to copy filtered resources, i.e. build is platform dependent!
2025-09-29 14:09:15,970 [Worker-78: Building] INFO  o.e.m.c.i.embedder.EclipseLogger - Copying 1 resource
2025-09-29 14:09:15,971 [Worker-78: Building] WARN  o.e.m.c.i.embedder.EclipseLogger - Using platform encoding (MS949 actually) to copy filtered resources, i.e. build is platform dependent!
2025-09-29 14:09:15,971 [Worker-78: Building] INFO  o.e.m.c.i.embedder.EclipseLogger - Copying 0 resource
2025-09-29 14:09:26,590 [Worker-80: Building] WARN  o.e.m.c.i.embedder.EclipseLogger - Using platform encoding (MS949 actually) to copy filtered resources, i.e. build is platform dependent!
2025-09-29 14:09:26,591 [Worker-80: Building] INFO  o.e.m.c.i.embedder.EclipseLogger - Copying 1 resource
2025-09-29 14:09:26,591 [Worker-80: Building] WARN  o.e.m.c.i.embedder.EclipseLogger - Using platform encoding (MS949 actually) to copy filtered resources, i.e. build is platform dependent!
2025-09-29 14:09:26,592 [Worker-80: Building] INFO  o.e.m.c.i.embedder.EclipseLogger - Copying 0 resource
2025-09-29 14:09:42,821 [Worker-86: Building] WARN  o.e.m.c.i.embedder.EclipseLogger - Using platform encoding (MS949 actually) to copy filtered resources, i.e. build is platform dependent!
2025-09-29 14:09:42,821 [Worker-86: Building] INFO  o.e.m.c.i.embedder.EclipseLogger - Copying 1 resource
2025-09-29 14:09:42,822 [Worker-86: Building] WARN  o.e.m.c.i.embedder.EclipseLogger - Using platform encoding (MS949 actually) to copy filtered resources, i.e. build is platform dependent!
2025-09-29 14:09:42,822 [Worker-86: Building] INFO  o.e.m.c.i.embedder.EclipseLogger - Copying 0 resource
2025-09-29 14:09:45,767 [Worker-80: Building] WARN  o.e.m.c.i.embedder.EclipseLogger - Using platform encoding (MS949 actually) to copy filtered resources, i.e. build is platform dependent!
2025-09-29 14:09:45,768 [Worker-80: Building] INFO  o.e.m.c.i.embedder.EclipseLogger - Copying 1 resource
2025-09-29 14:09:45,768 [Worker-80: Building] WARN  o.e.m.c.i.embedder.EclipseLogger - Using platform encoding (MS949 actually) to copy filtered resources, i.e. build is platform dependent!
2025-09-29 14:09:45,768 [Worker-80: Building] INFO  o.e.m.c.i.embedder.EclipseLogger - Copying 0 resource
2025-09-29 14:10:27,399 [Worker-83: Building] WARN  o.e.m.c.i.embedder.EclipseLogger - Using platform encoding (MS949 actually) to copy filtered resources, i.e. build is platform dependent!
2025-09-29 14:10:27,399 [Worker-83: Building] INFO  o.e.m.c.i.embedder.EclipseLogger - Copying 1 resource
2025-09-29 14:10:27,400 [Worker-83: Building] WARN  o.e.m.c.i.embedder.EclipseLogger - Using platform encoding (MS949 actually) to copy filtered resources, i.e. build is platform dependent!
2025-09-29 14:10:27,400 [Worker-83: Building] INFO  o.e.m.c.i.embedder.EclipseLogger - Copying 0 resource
2025-09-29 14:10:34,712 [Worker-85: Building] WARN  o.e.m.c.i.embedder.EclipseLogger - Using platform encoding (MS949 actually) to copy filtered resources, i.e. build is platform dependent!
2025-09-29 14:10:34,713 [Worker-85: Building] INFO  o.e.m.c.i.embedder.EclipseLogger - Copying 1 resource
2025-09-29 14:10:34,713 [Worker-85: Building] WARN  o.e.m.c.i.embedder.EclipseLogger - Using platform encoding (MS949 actually) to copy filtered resources, i.e. build is platform dependent!
2025-09-29 14:10:34,714 [Worker-85: Building] INFO  o.e.m.c.i.embedder.EclipseLogger - Copying 0 resource
2025-09-29 14:10:44,867 [Worker-84: Building] WARN  o.e.m.c.i.embedder.EclipseLogger - Using platform encoding (MS949 actually) to copy filtered resources, i.e. build is platform dependent!
2025-09-29 14:10:44,867 [Worker-84: Building] INFO  o.e.m.c.i.embedder.EclipseLogger - Copying 1 resource
2025-09-29 14:10:44,868 [Worker-84: Building] WARN  o.e.m.c.i.embedder.EclipseLogger - Using platform encoding (MS949 actually) to copy filtered resources, i.e. build is platform dependent!
2025-09-29 14:10:44,868 [Worker-84: Building] INFO  o.e.m.c.i.embedder.EclipseLogger - Copying 0 resource
2025-09-29 14:13:02,950 [Worker-85: Building] WARN  o.e.m.c.i.embedder.EclipseLogger - Using platform encoding (MS949 actually) to copy filtered resources, i.e. build is platform dependent!
2025-09-29 14:13:02,950 [Worker-85: Building] INFO  o.e.m.c.i.embedder.EclipseLogger - Copying 0 resource
2025-09-29 14:13:02,951 [Worker-85: Building] WARN  o.e.m.c.i.embedder.EclipseLogger - Using platform encoding (MS949 actually) to copy filtered resources, i.e. build is platform dependent!
2025-09-29 14:13:02,951 [Worker-85: Building] INFO  o.e.m.c.i.embedder.EclipseLogger - Copying 0 resource
2025-09-29 14:13:36,483 [Worker-84: Building] WARN  o.e.m.c.i.embedder.EclipseLogger - Using platform encoding (MS949 actually) to copy filtered resources, i.e. build is platform dependent!
2025-09-29 14:13:36,483 [Worker-84: Building] INFO  o.e.m.c.i.embedder.EclipseLogger - Copying 0 resource
2025-09-29 14:13:36,484 [Worker-84: Building] WARN  o.e.m.c.i.embedder.EclipseLogger - Using platform encoding (MS949 actually) to copy filtered resources, i.e. build is platform dependent!
2025-09-29 14:13:36,484 [Worker-84: Building] INFO  o.e.m.c.i.embedder.EclipseLogger - Copying 0 resource
2025-09-29 14:14:16,210 [Worker-85: Building] WARN  o.e.m.c.i.embedder.EclipseLogger - Using platform encoding (MS949 actually) to copy filtered resources, i.e. build is platform dependent!
2025-09-29 14:14:16,211 [Worker-85: Building] INFO  o.e.m.c.i.embedder.EclipseLogger - Copying 0 resource
2025-09-29 14:14:16,212 [Worker-85: Building] WARN  o.e.m.c.i.embedder.EclipseLogger - Using platform encoding (MS949 actually) to copy filtered resources, i.e. build is platform dependent!
2025-09-29 14:14:16,212 [Worker-85: Building] INFO  o.e.m.c.i.embedder.EclipseLogger - Copying 0 resource
2025-09-29 14:14:46,503 [Worker-84: Building] WARN  o.e.m.c.i.embedder.EclipseLogger - Using platform encoding (MS949 actually) to copy filtered resources, i.e. build is platform dependent!
2025-09-29 14:14:46,504 [Worker-84: Building] INFO  o.e.m.c.i.embedder.EclipseLogger - Copying 0 resource
2025-09-29 14:14:46,504 [Worker-84: Building] WARN  o.e.m.c.i.embedder.EclipseLogger - Using platform encoding (MS949 actually) to copy filtered resources, i.e. build is platform dependent!
2025-09-29 14:14:46,505 [Worker-84: Building] INFO  o.e.m.c.i.embedder.EclipseLogger - Copying 0 resource
2025-09-29 14:14:57,725 [Worker-85: Building] WARN  o.e.m.c.i.embedder.EclipseLogger - Using platform encoding (MS949 actually) to copy filtered resources, i.e. build is platform dependent!
2025-09-29 14:14:57,726 [Worker-85: Building] INFO  o.e.m.c.i.embedder.EclipseLogger - Copying 0 resource
2025-09-29 14:14:57,726 [Worker-85: Building] WARN  o.e.m.c.i.embedder.EclipseLogger - Using platform encoding (MS949 actually) to copy filtered resources, i.e. build is platform dependent!
2025-09-29 14:14:57,727 [Worker-85: Building] INFO  o.e.m.c.i.embedder.EclipseLogger - Copying 0 resource
2025-09-29 14:15:39,844 [Worker-83: Building] WARN  o.e.m.c.i.embedder.EclipseLogger - Using platform encoding (MS949 actually) to copy filtered resources, i.e. build is platform dependent!
2025-09-29 14:15:39,845 [Worker-83: Building] INFO  o.e.m.c.i.embedder.EclipseLogger - Copying 0 resource
2025-09-29 14:15:39,845 [Worker-83: Building] WARN  o.e.m.c.i.embedder.EclipseLogger - Using platform encoding (MS949 actually) to copy filtered resources, i.e. build is platform dependent!
2025-09-29 14:15:39,845 [Worker-83: Building] INFO  o.e.m.c.i.embedder.EclipseLogger - Copying 0 resource
2025-09-29 14:15:51,286 [Worker-78: Building] WARN  o.e.m.c.i.embedder.EclipseLogger - Using platform encoding (MS949 actually) to copy filtered resources, i.e. build is platform dependent!
2025-09-29 14:15:51,287 [Worker-78: Building] INFO  o.e.m.c.i.embedder.EclipseLogger - Copying 0 resource
2025-09-29 14:15:51,287 [Worker-78: Building] WARN  o.e.m.c.i.embedder.EclipseLogger - Using platform encoding (MS949 actually) to copy filtered resources, i.e. build is platform dependent!
2025-09-29 14:15:51,288 [Worker-78: Building] INFO  o.e.m.c.i.embedder.EclipseLogger - Copying 0 resource
2025-09-29 14:16:09,412 [Worker-84: Building] WARN  o.e.m.c.i.embedder.EclipseLogger - Using platform encoding (MS949 actually) to copy filtered resources, i.e. build is platform dependent!
2025-09-29 14:16:09,413 [Worker-84: Building] INFO  o.e.m.c.i.embedder.EclipseLogger - Copying 0 resource
2025-09-29 14:16:09,413 [Worker-84: Building] WARN  o.e.m.c.i.embedder.EclipseLogger - Using platform encoding (MS949 actually) to copy filtered resources, i.e. build is platform dependent!
2025-09-29 14:16:09,414 [Worker-84: Building] INFO  o.e.m.c.i.embedder.EclipseLogger - Copying 0 resource
2025-09-29 14:16:47,650 [Worker-84: Building] WARN  o.e.m.c.i.embedder.EclipseLogger - Using platform encoding (MS949 actually) to copy filtered resources, i.e. build is platform dependent!
2025-09-29 14:16:47,650 [Worker-84: Building] INFO  o.e.m.c.i.embedder.EclipseLogger - Copying 0 resource
2025-09-29 14:16:47,651 [Worker-84: Building] WARN  o.e.m.c.i.embedder.EclipseLogger - Using platform encoding (MS949 actually) to copy filtered resources, i.e. build is platform dependent!
2025-09-29 14:16:47,651 [Worker-84: Building] INFO  o.e.m.c.i.embedder.EclipseLogger - Copying 0 resource
2025-09-29 14:17:34,700 [Worker-84: Building] WARN  o.e.m.c.i.embedder.EclipseLogger - Using platform encoding (MS949 actually) to copy filtered resources, i.e. build is platform dependent!
2025-09-29 14:17:34,700 [Worker-84: Building] INFO  o.e.m.c.i.embedder.EclipseLogger - Copying 0 resource
2025-09-29 14:17:34,701 [Worker-84: Building] WARN  o.e.m.c.i.embedder.EclipseLogger - Using platform encoding (MS949 actually) to copy filtered resources, i.e. build is platform dependent!
2025-09-29 14:17:34,701 [Worker-84: Building] INFO  o.e.m.c.i.embedder.EclipseLogger - Copying 0 resource
2025-09-29 14:18:41,345 [Worker-85: Building] WARN  o.e.m.c.i.embedder.EclipseLogger - Using platform encoding (MS949 actually) to copy filtered resources, i.e. build is platform dependent!
2025-09-29 14:18:41,346 [Worker-85: Building] INFO  o.e.m.c.i.embedder.EclipseLogger - Copying 0 resource
2025-09-29 14:18:41,346 [Worker-85: Building] WARN  o.e.m.c.i.embedder.EclipseLogger - Using platform encoding (MS949 actually) to copy filtered resources, i.e. build is platform dependent!
2025-09-29 14:18:41,347 [Worker-85: Building] INFO  o.e.m.c.i.embedder.EclipseLogger - Copying 0 resource
2025-09-29 14:19:01,471 [Worker-85: Building] WARN  o.e.m.c.i.embedder.EclipseLogger - Using platform encoding (MS949 actually) to copy filtered resources, i.e. build is platform dependent!
2025-09-29 14:19:01,471 [Worker-85: Building] INFO  o.e.m.c.i.embedder.EclipseLogger - Copying 0 resource
2025-09-29 14:19:01,472 [Worker-85: Building] WARN  o.e.m.c.i.embedder.EclipseLogger - Using platform encoding (MS949 actually) to copy filtered resources, i.e. build is platform dependent!
2025-09-29 14:19:01,472 [Worker-85: Building] INFO  o.e.m.c.i.embedder.EclipseLogger - Copying 0 resource
2025-09-29 14:19:09,165 [Worker-80: Building] WARN  o.e.m.c.i.embedder.EclipseLogger - Using platform encoding (MS949 actually) to copy filtered resources, i.e. build is platform dependent!
2025-09-29 14:19:09,166 [Worker-80: Building] INFO  o.e.m.c.i.embedder.EclipseLogger - Copying 0 resource
2025-09-29 14:19:09,166 [Worker-80: Building] WARN  o.e.m.c.i.embedder.EclipseLogger - Using platform encoding (MS949 actually) to copy filtered resources, i.e. build is platform dependent!
2025-09-29 14:19:09,167 [Worker-80: Building] INFO  o.e.m.c.i.embedder.EclipseLogger - Copying 0 resource
2025-09-29 14:20:25,116 [Worker-86: Building] WARN  o.e.m.c.i.embedder.EclipseLogger - Using platform encoding (MS949 actually) to copy filtered resources, i.e. build is platform dependent!
2025-09-29 14:20:25,117 [Worker-86: Building] INFO  o.e.m.c.i.embedder.EclipseLogger - Copying 0 resource
2025-09-29 14:20:25,117 [Worker-86: Building] WARN  o.e.m.c.i.embedder.EclipseLogger - Using platform encoding (MS949 actually) to copy filtered resources, i.e. build is platform dependent!
2025-09-29 14:20:25,117 [Worker-86: Building] INFO  o.e.m.c.i.embedder.EclipseLogger - Copying 0 resource
2025-09-29 14:20:27,212 [Worker-80: Building] WARN  o.e.m.c.i.embedder.EclipseLogger - Using platform encoding (MS949 actually) to copy filtered resources, i.e. build is platform dependent!
2025-09-29 14:20:27,213 [Worker-80: Building] INFO  o.e.m.c.i.embedder.EclipseLogger - Copying 0 resource
2025-09-29 14:20:27,213 [Worker-80: Building] WARN  o.e.m.c.i.embedder.EclipseLogger - Using platform encoding (MS949 actually) to copy filtered resources, i.e. build is platform dependent!
2025-09-29 14:20:27,214 [Worker-80: Building] INFO  o.e.m.c.i.embedder.EclipseLogger - Copying 0 resource
2025-09-29 14:20:29,297 [Worker-85: Building] WARN  o.e.m.c.i.embedder.EclipseLogger - Using platform encoding (MS949 actually) to copy filtered resources, i.e. build is platform dependent!
2025-09-29 14:20:29,298 [Worker-85: Building] INFO  o.e.m.c.i.embedder.EclipseLogger - Copying 0 resource
2025-09-29 14:20:29,299 [Worker-85: Building] WARN  o.e.m.c.i.embedder.EclipseLogger - Using platform encoding (MS949 actually) to copy filtered resources, i.e. build is platform dependent!
2025-09-29 14:20:29,299 [Worker-85: Building] INFO  o.e.m.c.i.embedder.EclipseLogger - Copying 0 resource
2025-09-29 14:20:37,244 [Worker-85: Building] WARN  o.e.m.c.i.embedder.EclipseLogger - Using platform encoding (MS949 actually) to copy filtered resources, i.e. build is platform dependent!
2025-09-29 14:20:37,245 [Worker-85: Building] INFO  o.e.m.c.i.embedder.EclipseLogger - Copying 0 resource
2025-09-29 14:20:37,245 [Worker-85: Building] WARN  o.e.m.c.i.embedder.EclipseLogger - Using platform encoding (MS949 actually) to copy filtered resources, i.e. build is platform dependent!
2025-09-29 14:20:37,246 [Worker-85: Building] INFO  o.e.m.c.i.embedder.EclipseLogger - Copying 0 resource
2025-09-29 14:20:41,613 [Worker-83: Building] WARN  o.e.m.c.i.embedder.EclipseLogger - Using platform encoding (MS949 actually) to copy filtered resources, i.e. build is platform dependent!
2025-09-29 14:20:41,614 [Worker-83: Building] INFO  o.e.m.c.i.embedder.EclipseLogger - Copying 0 resource
2025-09-29 14:20:41,614 [Worker-83: Building] WARN  o.e.m.c.i.embedder.EclipseLogger - Using platform encoding (MS949 actually) to copy filtered resources, i.e. build is platform dependent!
2025-09-29 14:20:41,614 [Worker-83: Building] INFO  o.e.m.c.i.embedder.EclipseLogger - Copying 0 resource
2025-09-29 14:22:07,670 [Worker-84: Building] WARN  o.e.m.c.i.embedder.EclipseLogger - Using platform encoding (MS949 actually) to copy filtered resources, i.e. build is platform dependent!
2025-09-29 14:22:07,671 [Worker-84: Building] INFO  o.e.m.c.i.embedder.EclipseLogger - Copying 1 resource
2025-09-29 14:22:07,672 [Worker-84: Building] WARN  o.e.m.c.i.embedder.EclipseLogger - Using platform encoding (MS949 actually) to copy filtered resources, i.e. build is platform dependent!
2025-09-29 14:22:07,672 [Worker-84: Building] INFO  o.e.m.c.i.embedder.EclipseLogger - Copying 0 resource
2025-09-29 14:22:46,386 [Worker-80: Building] WARN  o.e.m.c.i.embedder.EclipseLogger - Using platform encoding (MS949 actually) to copy filtered resources, i.e. build is platform dependent!
2025-09-29 14:22:46,386 [Worker-80: Building] INFO  o.e.m.c.i.embedder.EclipseLogger - Copying 1 resource
2025-09-29 14:22:46,387 [Worker-80: Building] WARN  o.e.m.c.i.embedder.EclipseLogger - Using platform encoding (MS949 actually) to copy filtered resources, i.e. build is platform dependent!
2025-09-29 14:22:46,387 [Worker-80: Building] INFO  o.e.m.c.i.embedder.EclipseLogger - Copying 0 resource
2025-09-29 14:22:55,609 [Worker-86: Building] WARN  o.e.m.c.i.embedder.EclipseLogger - Using platform encoding (MS949 actually) to copy filtered resources, i.e. build is platform dependent!
2025-09-29 14:22:55,610 [Worker-86: Building] INFO  o.e.m.c.i.embedder.EclipseLogger - Copying 1 resource
2025-09-29 14:22:55,611 [Worker-86: Building] WARN  o.e.m.c.i.embedder.EclipseLogger - Using platform encoding (MS949 actually) to copy filtered resources, i.e. build is platform dependent!
2025-09-29 14:22:55,611 [Worker-86: Building] INFO  o.e.m.c.i.embedder.EclipseLogger - Copying 0 resource
2025-09-29 14:23:44,985 [Worker-85: Building] WARN  o.e.m.c.i.embedder.EclipseLogger - Using platform encoding (MS949 actually) to copy filtered resources, i.e. build is platform dependent!
2025-09-29 14:23:44,985 [Worker-85: Building] INFO  o.e.m.c.i.embedder.EclipseLogger - Copying 1 resource
2025-09-29 14:23:44,986 [Worker-85: Building] WARN  o.e.m.c.i.embedder.EclipseLogger - Using platform encoding (MS949 actually) to copy filtered resources, i.e. build is platform dependent!
2025-09-29 14:23:44,986 [Worker-85: Building] INFO  o.e.m.c.i.embedder.EclipseLogger - Copying 0 resource
2025-09-29 14:24:01,975 [Worker-85: Building] WARN  o.e.m.c.i.embedder.EclipseLogger - Using platform encoding (MS949 actually) to copy filtered resources, i.e. build is platform dependent!
2025-09-29 14:24:01,975 [Worker-85: Building] INFO  o.e.m.c.i.embedder.EclipseLogger - Copying 1 resource
2025-09-29 14:24:01,976 [Worker-85: Building] WARN  o.e.m.c.i.embedder.EclipseLogger - Using platform encoding (MS949 actually) to copy filtered resources, i.e. build is platform dependent!
2025-09-29 14:24:01,976 [Worker-85: Building] INFO  o.e.m.c.i.embedder.EclipseLogger - Copying 0 resource
2025-09-29 14:24:04,108 [Worker-86: Building] WARN  o.e.m.c.i.embedder.EclipseLogger - Using platform encoding (MS949 actually) to copy filtered resources, i.e. build is platform dependent!
2025-09-29 14:24:04,109 [Worker-86: Building] INFO  o.e.m.c.i.embedder.EclipseLogger - Copying 1 resource
2025-09-29 14:24:04,109 [Worker-86: Building] WARN  o.e.m.c.i.embedder.EclipseLogger - Using platform encoding (MS949 actually) to copy filtered resources, i.e. build is platform dependent!
2025-09-29 14:24:04,110 [Worker-86: Building] INFO  o.e.m.c.i.embedder.EclipseLogger - Copying 0 resource
2025-09-29 14:24:36,881 [Worker-86: Building] WARN  o.e.m.c.i.embedder.EclipseLogger - Using platform encoding (MS949 actually) to copy filtered resources, i.e. build is platform dependent!
2025-09-29 14:24:36,882 [Worker-86: Building] INFO  o.e.m.c.i.embedder.EclipseLogger - Copying 0 resource
2025-09-29 14:24:36,882 [Worker-86: Building] WARN  o.e.m.c.i.embedder.EclipseLogger - Using platform encoding (MS949 actually) to copy filtered resources, i.e. build is platform dependent!
2025-09-29 14:24:36,883 [Worker-86: Building] INFO  o.e.m.c.i.embedder.EclipseLogger - Copying 0 resource
2025-09-29 14:24:41,329 [Worker-80: Building] WARN  o.e.m.c.i.embedder.EclipseLogger - Using platform encoding (MS949 actually) to copy filtered resources, i.e. build is platform dependent!
2025-09-29 14:24:41,329 [Worker-80: Building] INFO  o.e.m.c.i.embedder.EclipseLogger - Copying 0 resource
2025-09-29 14:24:41,329 [Worker-80: Building] WARN  o.e.m.c.i.embedder.EclipseLogger - Using platform encoding (MS949 actually) to copy filtered resources, i.e. build is platform dependent!
2025-09-29 14:24:41,330 [Worker-80: Building] INFO  o.e.m.c.i.embedder.EclipseLogger - Copying 0 resource
2025-09-29 14:24:48,011 [Worker-80: Building] WARN  o.e.m.c.i.embedder.EclipseLogger - Using platform encoding (MS949 actually) to copy filtered resources, i.e. build is platform dependent!
2025-09-29 14:24:48,012 [Worker-80: Building] INFO  o.e.m.c.i.embedder.EclipseLogger - Copying 0 resource
2025-09-29 14:24:48,012 [Worker-80: Building] WARN  o.e.m.c.i.embedder.EclipseLogger - Using platform encoding (MS949 actually) to copy filtered resources, i.e. build is platform dependent!
2025-09-29 14:24:48,013 [Worker-80: Building] INFO  o.e.m.c.i.embedder.EclipseLogger - Copying 0 resource
2025-09-29 14:25:21,316 [Worker-84: Building] WARN  o.e.m.c.i.embedder.EclipseLogger - Using platform encoding (MS949 actually) to copy filtered resources, i.e. build is platform dependent!
2025-09-29 14:25:21,316 [Worker-84: Building] INFO  o.e.m.c.i.embedder.EclipseLogger - Copying 0 resource
2025-09-29 14:25:21,317 [Worker-84: Building] WARN  o.e.m.c.i.embedder.EclipseLogger - Using platform encoding (MS949 actually) to copy filtered resources, i.e. build is platform dependent!
2025-09-29 14:25:21,317 [Worker-84: Building] INFO  o.e.m.c.i.embedder.EclipseLogger - Copying 0 resource
2025-09-29 14:25:36,650 [Worker-86: Building] WARN  o.e.m.c.i.embedder.EclipseLogger - Using platform encoding (MS949 actually) to copy filtered resources, i.e. build is platform dependent!
2025-09-29 14:25:36,651 [Worker-86: Building] INFO  o.e.m.c.i.embedder.EclipseLogger - Copying 0 resource
2025-09-29 14:25:36,651 [Worker-86: Building] WARN  o.e.m.c.i.embedder.EclipseLogger - Using platform encoding (MS949 actually) to copy filtered resources, i.e. build is platform dependent!
2025-09-29 14:25:36,652 [Worker-86: Building] INFO  o.e.m.c.i.embedder.EclipseLogger - Copying 0 resource
2025-09-29 14:25:42,018 [Worker-85: Building] WARN  o.e.m.c.i.embedder.EclipseLogger - Using platform encoding (MS949 actually) to copy filtered resources, i.e. build is platform dependent!
2025-09-29 14:25:42,019 [Worker-85: Building] INFO  o.e.m.c.i.embedder.EclipseLogger - Copying 0 resource
2025-09-29 14:25:42,019 [Worker-85: Building] WARN  o.e.m.c.i.embedder.EclipseLogger - Using platform encoding (MS949 actually) to copy filtered resources, i.e. build is platform dependent!
2025-09-29 14:25:42,020 [Worker-85: Building] INFO  o.e.m.c.i.embedder.EclipseLogger - Copying 0 resource
2025-09-29 14:27:29,818 [Worker-85: Building] WARN  o.e.m.c.i.embedder.EclipseLogger - Using platform encoding (MS949 actually) to copy filtered resources, i.e. build is platform dependent!
2025-09-29 14:27:29,818 [Worker-85: Building] INFO  o.e.m.c.i.embedder.EclipseLogger - Copying 0 resource
2025-09-29 14:27:29,819 [Worker-85: Building] WARN  o.e.m.c.i.embedder.EclipseLogger - Using platform encoding (MS949 actually) to copy filtered resources, i.e. build is platform dependent!
2025-09-29 14:27:29,819 [Worker-85: Building] INFO  o.e.m.c.i.embedder.EclipseLogger - Copying 0 resource
2025-09-29 14:28:30,362 [Worker-84: Building] WARN  o.e.m.c.i.embedder.EclipseLogger - Using platform encoding (MS949 actually) to copy filtered resources, i.e. build is platform dependent!
2025-09-29 14:28:30,362 [Worker-84: Building] INFO  o.e.m.c.i.embedder.EclipseLogger - Copying 0 resource
2025-09-29 14:28:30,363 [Worker-84: Building] WARN  o.e.m.c.i.embedder.EclipseLogger - Using platform encoding (MS949 actually) to copy filtered resources, i.e. build is platform dependent!
2025-09-29 14:28:30,363 [Worker-84: Building] INFO  o.e.m.c.i.embedder.EclipseLogger - Copying 0 resource
2025-09-29 14:29:04,580 [Worker-84: Building] WARN  o.e.m.c.i.embedder.EclipseLogger - Using platform encoding (MS949 actually) to copy filtered resources, i.e. build is platform dependent!
2025-09-29 14:29:04,580 [Worker-84: Building] INFO  o.e.m.c.i.embedder.EclipseLogger - Copying 0 resource
2025-09-29 14:29:04,581 [Worker-84: Building] WARN  o.e.m.c.i.embedder.EclipseLogger - Using platform encoding (MS949 actually) to copy filtered resources, i.e. build is platform dependent!
2025-09-29 14:29:04,581 [Worker-84: Building] INFO  o.e.m.c.i.embedder.EclipseLogger - Copying 0 resource
2025-09-29 14:29:06,670 [Worker-85: Building] WARN  o.e.m.c.i.embedder.EclipseLogger - Using platform encoding (MS949 actually) to copy filtered resources, i.e. build is platform dependent!
2025-09-29 14:29:06,671 [Worker-85: Building] INFO  o.e.m.c.i.embedder.EclipseLogger - Copying 0 resource
2025-09-29 14:29:06,671 [Worker-85: Building] WARN  o.e.m.c.i.embedder.EclipseLogger - Using platform encoding (MS949 actually) to copy filtered resources, i.e. build is platform dependent!
2025-09-29 14:29:06,672 [Worker-85: Building] INFO  o.e.m.c.i.embedder.EclipseLogger - Copying 0 resource
2025-09-29 14:29:13,272 [Worker-86: Building] WARN  o.e.m.c.i.embedder.EclipseLogger - Using platform encoding (MS949 actually) to copy filtered resources, i.e. build is platform dependent!
2025-09-29 14:29:13,272 [Worker-86: Building] INFO  o.e.m.c.i.embedder.EclipseLogger - Copying 0 resource
2025-09-29 14:29:13,273 [Worker-86: Building] WARN  o.e.m.c.i.embedder.EclipseLogger - Using platform encoding (MS949 actually) to copy filtered resources, i.e. build is platform dependent!
2025-09-29 14:29:13,273 [Worker-86: Building] INFO  o.e.m.c.i.embedder.EclipseLogger - Copying 0 resource
2025-09-29 14:30:00,674 [Worker-87: Building] WARN  o.e.m.c.i.embedder.EclipseLogger - Using platform encoding (MS949 actually) to copy filtered resources, i.e. build is platform dependent!
2025-09-29 14:30:00,675 [Worker-87: Building] INFO  o.e.m.c.i.embedder.EclipseLogger - Copying 0 resource
2025-09-29 14:30:00,675 [Worker-87: Building] WARN  o.e.m.c.i.embedder.EclipseLogger - Using platform encoding (MS949 actually) to copy filtered resources, i.e. build is platform dependent!
2025-09-29 14:30:00,676 [Worker-87: Building] INFO  o.e.m.c.i.embedder.EclipseLogger - Copying 0 resource
2025-09-29 14:30:10,632 [Worker-84: Building] WARN  o.e.m.c.i.embedder.EclipseLogger - Using platform encoding (MS949 actually) to copy filtered resources, i.e. build is platform dependent!
2025-09-29 14:30:10,632 [Worker-84: Building] INFO  o.e.m.c.i.embedder.EclipseLogger - Copying 0 resource
2025-09-29 14:30:10,633 [Worker-84: Building] WARN  o.e.m.c.i.embedder.EclipseLogger - Using platform encoding (MS949 actually) to copy filtered resources, i.e. build is platform dependent!
2025-09-29 14:30:10,633 [Worker-84: Building] INFO  o.e.m.c.i.embedder.EclipseLogger - Copying 0 resource
2025-09-29 14:30:48,611 [Worker-85: Building] WARN  o.e.m.c.i.embedder.EclipseLogger - Using platform encoding (MS949 actually) to copy filtered resources, i.e. build is platform dependent!
2025-09-29 14:30:48,612 [Worker-85: Building] INFO  o.e.m.c.i.embedder.EclipseLogger - Copying 0 resource
2025-09-29 14:30:48,612 [Worker-85: Building] WARN  o.e.m.c.i.embedder.EclipseLogger - Using platform encoding (MS949 actually) to copy filtered resources, i.e. build is platform dependent!
2025-09-29 14:30:48,613 [Worker-85: Building] INFO  o.e.m.c.i.embedder.EclipseLogger - Copying 0 resource
2025-09-29 14:31:10,787 [Worker-86: Building] WARN  o.e.m.c.i.embedder.EclipseLogger - Using platform encoding (MS949 actually) to copy filtered resources, i.e. build is platform dependent!
2025-09-29 14:31:10,787 [Worker-86: Building] INFO  o.e.m.c.i.embedder.EclipseLogger - Copying 0 resource
2025-09-29 14:31:10,788 [Worker-86: Building] WARN  o.e.m.c.i.embedder.EclipseLogger - Using platform encoding (MS949 actually) to copy filtered resources, i.e. build is platform dependent!
2025-09-29 14:31:10,788 [Worker-86: Building] INFO  o.e.m.c.i.embedder.EclipseLogger - Copying 0 resource
2025-09-29 14:31:18,712 [Worker-86: Building] WARN  o.e.m.c.i.embedder.EclipseLogger - Using platform encoding (MS949 actually) to copy filtered resources, i.e. build is platform dependent!
2025-09-29 14:31:18,712 [Worker-86: Building] INFO  o.e.m.c.i.embedder.EclipseLogger - Copying 0 resource
2025-09-29 14:31:18,712 [Worker-86: Building] WARN  o.e.m.c.i.embedder.EclipseLogger - Using platform encoding (MS949 actually) to copy filtered resources, i.e. build is platform dependent!
2025-09-29 14:31:18,713 [Worker-86: Building] INFO  o.e.m.c.i.embedder.EclipseLogger - Copying 0 resource
2025-09-29 14:31:23,844 [Worker-87: Building] WARN  o.e.m.c.i.embedder.EclipseLogger - Using platform encoding (MS949 actually) to copy filtered resources, i.e. build is platform dependent!
2025-09-29 14:31:23,845 [Worker-87: Building] INFO  o.e.m.c.i.embedder.EclipseLogger - Copying 0 resource
2025-09-29 14:31:23,845 [Worker-87: Building] WARN  o.e.m.c.i.embedder.EclipseLogger - Using platform encoding (MS949 actually) to copy filtered resources, i.e. build is platform dependent!
2025-09-29 14:31:23,846 [Worker-87: Building] INFO  o.e.m.c.i.embedder.EclipseLogger - Copying 0 resource
2025-09-29 14:31:36,900 [Worker-85: Building] WARN  o.e.m.c.i.embedder.EclipseLogger - Using platform encoding (MS949 actually) to copy filtered resources, i.e. build is platform dependent!
2025-09-29 14:31:36,900 [Worker-85: Building] INFO  o.e.m.c.i.embedder.EclipseLogger - Copying 0 resource
2025-09-29 14:31:36,901 [Worker-85: Building] WARN  o.e.m.c.i.embedder.EclipseLogger - Using platform encoding (MS949 actually) to copy filtered resources, i.e. build is platform dependent!
2025-09-29 14:31:36,901 [Worker-85: Building] INFO  o.e.m.c.i.embedder.EclipseLogger - Copying 0 resource
2025-09-29 14:32:16,577 [Worker-86: Building] WARN  o.e.m.c.i.embedder.EclipseLogger - Using platform encoding (MS949 actually) to copy filtered resources, i.e. build is platform dependent!
2025-09-29 14:32:16,578 [Worker-86: Building] INFO  o.e.m.c.i.embedder.EclipseLogger - Copying 0 resource
2025-09-29 14:32:16,578 [Worker-86: Building] WARN  o.e.m.c.i.embedder.EclipseLogger - Using platform encoding (MS949 actually) to copy filtered resources, i.e. build is platform dependent!
2025-09-29 14:32:16,579 [Worker-86: Building] INFO  o.e.m.c.i.embedder.EclipseLogger - Copying 0 resource
2025-09-29 14:33:41,531 [Worker-87: Building] WARN  o.e.m.c.i.embedder.EclipseLogger - Using platform encoding (MS949 actually) to copy filtered resources, i.e. build is platform dependent!
2025-09-29 14:33:41,531 [Worker-87: Building] INFO  o.e.m.c.i.embedder.EclipseLogger - Copying 1 resource
2025-09-29 14:33:41,532 [Worker-87: Building] WARN  o.e.m.c.i.embedder.EclipseLogger - Using platform encoding (MS949 actually) to copy filtered resources, i.e. build is platform dependent!
2025-09-29 14:33:41,532 [Worker-87: Building] INFO  o.e.m.c.i.embedder.EclipseLogger - Copying 0 resource
2025-09-29 14:34:11,441 [Worker-84: Building] WARN  o.e.m.c.i.embedder.EclipseLogger - Using platform encoding (MS949 actually) to copy filtered resources, i.e. build is platform dependent!
2025-09-29 14:34:11,442 [Worker-84: Building] INFO  o.e.m.c.i.embedder.EclipseLogger - Copying 1 resource
2025-09-29 14:34:11,442 [Worker-84: Building] WARN  o.e.m.c.i.embedder.EclipseLogger - Using platform encoding (MS949 actually) to copy filtered resources, i.e. build is platform dependent!
2025-09-29 14:34:11,443 [Worker-84: Building] INFO  o.e.m.c.i.embedder.EclipseLogger - Copying 0 resource
2025-09-29 14:34:55,283 [Worker-85: Building] WARN  o.e.m.c.i.embedder.EclipseLogger - Using platform encoding (MS949 actually) to copy filtered resources, i.e. build is platform dependent!
2025-09-29 14:34:55,284 [Worker-85: Building] INFO  o.e.m.c.i.embedder.EclipseLogger - Copying 1 resource
2025-09-29 14:34:55,284 [Worker-85: Building] WARN  o.e.m.c.i.embedder.EclipseLogger - Using platform encoding (MS949 actually) to copy filtered resources, i.e. build is platform dependent!
2025-09-29 14:34:55,285 [Worker-85: Building] INFO  o.e.m.c.i.embedder.EclipseLogger - Copying 0 resource
2025-09-29 14:35:20,696 [Worker-84: Building] WARN  o.e.m.c.i.embedder.EclipseLogger - Using platform encoding (MS949 actually) to copy filtered resources, i.e. build is platform dependent!
2025-09-29 14:35:20,697 [Worker-84: Building] INFO  o.e.m.c.i.embedder.EclipseLogger - Copying 1 resource
2025-09-29 14:35:20,697 [Worker-84: Building] WARN  o.e.m.c.i.embedder.EclipseLogger - Using platform encoding (MS949 actually) to copy filtered resources, i.e. build is platform dependent!
2025-09-29 14:35:20,697 [Worker-84: Building] INFO  o.e.m.c.i.embedder.EclipseLogger - Copying 0 resource
2025-09-29 14:35:27,415 [Worker-85: Building] WARN  o.e.m.c.i.embedder.EclipseLogger - Using platform encoding (MS949 actually) to copy filtered resources, i.e. build is platform dependent!
2025-09-29 14:35:27,416 [Worker-85: Building] INFO  o.e.m.c.i.embedder.EclipseLogger - Copying 1 resource
2025-09-29 14:35:27,416 [Worker-85: Building] WARN  o.e.m.c.i.embedder.EclipseLogger - Using platform encoding (MS949 actually) to copy filtered resources, i.e. build is platform dependent!
2025-09-29 14:35:27,416 [Worker-85: Building] INFO  o.e.m.c.i.embedder.EclipseLogger - Copying 0 resource
2025-09-29 14:35:38,033 [Worker-84: Building] WARN  o.e.m.c.i.embedder.EclipseLogger - Using platform encoding (MS949 actually) to copy filtered resources, i.e. build is platform dependent!
2025-09-29 14:35:38,033 [Worker-84: Building] INFO  o.e.m.c.i.embedder.EclipseLogger - Copying 1 resource
2025-09-29 14:35:38,034 [Worker-84: Building] WARN  o.e.m.c.i.embedder.EclipseLogger - Using platform encoding (MS949 actually) to copy filtered resources, i.e. build is platform dependent!
2025-09-29 14:35:38,034 [Worker-84: Building] INFO  o.e.m.c.i.embedder.EclipseLogger - Copying 0 resource
2025-09-29 14:37:24,089 [Worker-89: Building] WARN  o.e.m.c.i.embedder.EclipseLogger - Using platform encoding (MS949 actually) to copy filtered resources, i.e. build is platform dependent!
2025-09-29 14:37:24,089 [Worker-89: Building] INFO  o.e.m.c.i.embedder.EclipseLogger - Copying 1 resource
2025-09-29 14:37:24,090 [Worker-89: Building] WARN  o.e.m.c.i.embedder.EclipseLogger - Using platform encoding (MS949 actually) to copy filtered resources, i.e. build is platform dependent!
2025-09-29 14:37:24,090 [Worker-89: Building] INFO  o.e.m.c.i.embedder.EclipseLogger - Copying 0 resource
2025-09-29 14:37:34,401 [Worker-84: Building] WARN  o.e.m.c.i.embedder.EclipseLogger - Using platform encoding (MS949 actually) to copy filtered resources, i.e. build is platform dependent!
2025-09-29 14:37:34,402 [Worker-84: Building] INFO  o.e.m.c.i.embedder.EclipseLogger - Copying 1 resource
2025-09-29 14:37:34,403 [Worker-84: Building] WARN  o.e.m.c.i.embedder.EclipseLogger - Using platform encoding (MS949 actually) to copy filtered resources, i.e. build is platform dependent!
2025-09-29 14:37:34,403 [Worker-84: Building] INFO  o.e.m.c.i.embedder.EclipseLogger - Copying 0 resource
2025-09-29 14:39:24,770 [Worker-84: Building] WARN  o.e.m.c.i.embedder.EclipseLogger - Using platform encoding (MS949 actually) to copy filtered resources, i.e. build is platform dependent!
2025-09-29 14:39:24,770 [Worker-84: Building] INFO  o.e.m.c.i.embedder.EclipseLogger - Copying 0 resource
2025-09-29 14:39:24,771 [Worker-84: Building] WARN  o.e.m.c.i.embedder.EclipseLogger - Using platform encoding (MS949 actually) to copy filtered resources, i.e. build is platform dependent!
2025-09-29 14:39:24,771 [Worker-84: Building] INFO  o.e.m.c.i.embedder.EclipseLogger - Copying 0 resource
2025-09-29 14:39:50,890 [Worker-84: Building] WARN  o.e.m.c.i.embedder.EclipseLogger - Using platform encoding (MS949 actually) to copy filtered resources, i.e. build is platform dependent!
2025-09-29 14:39:50,891 [Worker-84: Building] INFO  o.e.m.c.i.embedder.EclipseLogger - Copying 0 resource
2025-09-29 14:39:50,892 [Worker-84: Building] WARN  o.e.m.c.i.embedder.EclipseLogger - Using platform encoding (MS949 actually) to copy filtered resources, i.e. build is platform dependent!
2025-09-29 14:39:50,892 [Worker-84: Building] INFO  o.e.m.c.i.embedder.EclipseLogger - Copying 0 resource
2025-09-29 14:39:58,302 [Worker-86: Building] WARN  o.e.m.c.i.embedder.EclipseLogger - Using platform encoding (MS949 actually) to copy filtered resources, i.e. build is platform dependent!
2025-09-29 14:39:58,303 [Worker-86: Building] INFO  o.e.m.c.i.embedder.EclipseLogger - Copying 0 resource
2025-09-29 14:39:58,303 [Worker-86: Building] WARN  o.e.m.c.i.embedder.EclipseLogger - Using platform encoding (MS949 actually) to copy filtered resources, i.e. build is platform dependent!
2025-09-29 14:39:58,304 [Worker-86: Building] INFO  o.e.m.c.i.embedder.EclipseLogger - Copying 0 resource
2025-09-29 14:40:11,210 [Worker-90: Building] WARN  o.e.m.c.i.embedder.EclipseLogger - Using platform encoding (MS949 actually) to copy filtered resources, i.e. build is platform dependent!
2025-09-29 14:40:11,211 [Worker-90: Building] INFO  o.e.m.c.i.embedder.EclipseLogger - Copying 0 resource
2025-09-29 14:40:11,211 [Worker-90: Building] WARN  o.e.m.c.i.embedder.EclipseLogger - Using platform encoding (MS949 actually) to copy filtered resources, i.e. build is platform dependent!
2025-09-29 14:40:11,212 [Worker-90: Building] INFO  o.e.m.c.i.embedder.EclipseLogger - Copying 0 resource
2025-09-29 14:41:16,482 [Worker-90: Building] WARN  o.e.m.c.i.embedder.EclipseLogger - Using platform encoding (MS949 actually) to copy filtered resources, i.e. build is platform dependent!
2025-09-29 14:41:16,483 [Worker-90: Building] INFO  o.e.m.c.i.embedder.EclipseLogger - Copying 0 resource
2025-09-29 14:41:16,483 [Worker-90: Building] WARN  o.e.m.c.i.embedder.EclipseLogger - Using platform encoding (MS949 actually) to copy filtered resources, i.e. build is platform dependent!
2025-09-29 14:41:16,483 [Worker-90: Building] INFO  o.e.m.c.i.embedder.EclipseLogger - Copying 0 resource
2025-09-29 14:42:22,767 [Worker-88: Building] WARN  o.e.m.c.i.embedder.EclipseLogger - Using platform encoding (MS949 actually) to copy filtered resources, i.e. build is platform dependent!
2025-09-29 14:42:22,768 [Worker-88: Building] INFO  o.e.m.c.i.embedder.EclipseLogger - Copying 0 resource
2025-09-29 14:42:22,768 [Worker-88: Building] WARN  o.e.m.c.i.embedder.EclipseLogger - Using platform encoding (MS949 actually) to copy filtered resources, i.e. build is platform dependent!
2025-09-29 14:42:22,769 [Worker-88: Building] INFO  o.e.m.c.i.embedder.EclipseLogger - Copying 0 resource
2025-09-29 14:42:48,417 [Worker-87: Building] WARN  o.e.m.c.i.embedder.EclipseLogger - Using platform encoding (MS949 actually) to copy filtered resources, i.e. build is platform dependent!
2025-09-29 14:42:48,418 [Worker-87: Building] INFO  o.e.m.c.i.embedder.EclipseLogger - Copying 0 resource
2025-09-29 14:42:48,418 [Worker-87: Building] WARN  o.e.m.c.i.embedder.EclipseLogger - Using platform encoding (MS949 actually) to copy filtered resources, i.e. build is platform dependent!
2025-09-29 14:42:48,418 [Worker-87: Building] INFO  o.e.m.c.i.embedder.EclipseLogger - Copying 0 resource
2025-09-29 14:43:32,244 [Worker-92: Building] WARN  o.e.m.c.i.embedder.EclipseLogger - Using platform encoding (MS949 actually) to copy filtered resources, i.e. build is platform dependent!
2025-09-29 14:43:32,244 [Worker-92: Building] INFO  o.e.m.c.i.embedder.EclipseLogger - Copying 0 resource
2025-09-29 14:43:32,245 [Worker-92: Building] WARN  o.e.m.c.i.embedder.EclipseLogger - Using platform encoding (MS949 actually) to copy filtered resources, i.e. build is platform dependent!
2025-09-29 14:43:32,245 [Worker-92: Building] INFO  o.e.m.c.i.embedder.EclipseLogger - Copying 0 resource
2025-09-29 14:43:39,556 [Worker-92: Building] WARN  o.e.m.c.i.embedder.EclipseLogger - Using platform encoding (MS949 actually) to copy filtered resources, i.e. build is platform dependent!
2025-09-29 14:43:39,556 [Worker-92: Building] INFO  o.e.m.c.i.embedder.EclipseLogger - Copying 0 resource
2025-09-29 14:43:39,557 [Worker-92: Building] WARN  o.e.m.c.i.embedder.EclipseLogger - Using platform encoding (MS949 actually) to copy filtered resources, i.e. build is platform dependent!
2025-09-29 14:43:39,557 [Worker-92: Building] INFO  o.e.m.c.i.embedder.EclipseLogger - Copying 0 resource
2025-09-29 14:45:28,915 [Worker-94: Building] WARN  o.e.m.c.i.embedder.EclipseLogger - Using platform encoding (MS949 actually) to copy filtered resources, i.e. build is platform dependent!
2025-09-29 14:45:28,915 [Worker-94: Building] INFO  o.e.m.c.i.embedder.EclipseLogger - Copying 0 resource
2025-09-29 14:45:28,916 [Worker-94: Building] WARN  o.e.m.c.i.embedder.EclipseLogger - Using platform encoding (MS949 actually) to copy filtered resources, i.e. build is platform dependent!
2025-09-29 14:45:28,916 [Worker-94: Building] INFO  o.e.m.c.i.embedder.EclipseLogger - Copying 0 resource
2025-09-29 14:45:35,764 [Worker-97: Building] WARN  o.e.m.c.i.embedder.EclipseLogger - Using platform encoding (MS949 actually) to copy filtered resources, i.e. build is platform dependent!
2025-09-29 14:45:35,765 [Worker-97: Building] INFO  o.e.m.c.i.embedder.EclipseLogger - Copying 0 resource
2025-09-29 14:45:35,765 [Worker-97: Building] WARN  o.e.m.c.i.embedder.EclipseLogger - Using platform encoding (MS949 actually) to copy filtered resources, i.e. build is platform dependent!
2025-09-29 14:45:35,765 [Worker-97: Building] INFO  o.e.m.c.i.embedder.EclipseLogger - Copying 0 resource
2025-09-29 14:45:40,052 [Worker-88: Building] WARN  o.e.m.c.i.embedder.EclipseLogger - Using platform encoding (MS949 actually) to copy filtered resources, i.e. build is platform dependent!
2025-09-29 14:45:40,052 [Worker-88: Building] INFO  o.e.m.c.i.embedder.EclipseLogger - Copying 0 resource
2025-09-29 14:45:40,053 [Worker-88: Building] WARN  o.e.m.c.i.embedder.EclipseLogger - Using platform encoding (MS949 actually) to copy filtered resources, i.e. build is platform dependent!
2025-09-29 14:45:40,053 [Worker-88: Building] INFO  o.e.m.c.i.embedder.EclipseLogger - Copying 0 resource
2025-09-29 14:45:50,793 [Worker-94: Building] WARN  o.e.m.c.i.embedder.EclipseLogger - Using platform encoding (MS949 actually) to copy filtered resources, i.e. build is platform dependent!
2025-09-29 14:45:50,794 [Worker-94: Building] INFO  o.e.m.c.i.embedder.EclipseLogger - Copying 0 resource
2025-09-29 14:45:50,794 [Worker-94: Building] WARN  o.e.m.c.i.embedder.EclipseLogger - Using platform encoding (MS949 actually) to copy filtered resources, i.e. build is platform dependent!
2025-09-29 14:45:50,794 [Worker-94: Building] INFO  o.e.m.c.i.embedder.EclipseLogger - Copying 0 resource
2025-09-29 15:01:41,612 [Worker-105: Building workspace] INFO  o.e.m.c.i.l.LifecycleMappingFactory - Using org.maven.ide.eclipse.wtp.WarLifecycleMapping lifecycle mapping for MavenProject: com.kh:db:1.0.0-BUILD-SNAPSHOT @ C:\12_Spring\work\Ex0929_db\pom.xml.
2025-09-29 15:01:41,739 [Worker-105: Building workspace] WARN  o.e.m.c.i.embedder.EclipseLogger - Using platform encoding (MS949 actually) to copy filtered resources, i.e. build is platform dependent!
2025-09-29 15:01:41,740 [Worker-105: Building workspace] INFO  o.e.m.c.i.embedder.EclipseLogger - Copying 1 resource
2025-09-29 15:01:41,741 [Worker-105: Building workspace] WARN  o.e.m.c.i.embedder.EclipseLogger - Using platform encoding (MS949 actually) to copy filtered resources, i.e. build is platform dependent!
2025-09-29 15:01:41,742 [Worker-105: Building workspace] INFO  o.e.m.c.i.embedder.EclipseLogger - Copying 1 resource
2025-09-29 15:01:41,982 [Worker-108: Building] WARN  o.e.m.c.i.embedder.EclipseLogger - Using platform encoding (MS949 actually) to copy filtered resources, i.e. build is platform dependent!
2025-09-29 15:01:41,983 [Worker-108: Building] INFO  o.e.m.c.i.embedder.EclipseLogger - Copying 1 resource
2025-09-29 15:01:41,984 [Worker-108: Building] WARN  o.e.m.c.i.embedder.EclipseLogger - Using platform encoding (MS949 actually) to copy filtered resources, i.e. build is platform dependent!
2025-09-29 15:01:41,985 [Worker-108: Building] INFO  o.e.m.c.i.embedder.EclipseLogger - Copying 1 resource
2025-09-29 15:03:58,458 [Worker-110: Building] WARN  o.e.m.c.i.embedder.EclipseLogger - Using platform encoding (MS949 actually) to copy filtered resources, i.e. build is platform dependent!
2025-09-29 15:03:58,459 [Worker-110: Building] INFO  o.e.m.c.i.embedder.EclipseLogger - Copying 1 resource
2025-09-29 15:03:58,460 [Worker-110: Building] WARN  o.e.m.c.i.embedder.EclipseLogger - Using platform encoding (MS949 actually) to copy filtered resources, i.e. build is platform dependent!
2025-09-29 15:03:58,460 [Worker-110: Building] INFO  o.e.m.c.i.embedder.EclipseLogger - Copying 0 resource
2025-09-29 15:04:35,382 [Worker-110: Building] WARN  o.e.m.c.i.embedder.EclipseLogger - Using platform encoding (MS949 actually) to copy filtered resources, i.e. build is platform dependent!
2025-09-29 15:04:35,383 [Worker-110: Building] INFO  o.e.m.c.i.embedder.EclipseLogger - Copying 1 resource
2025-09-29 15:04:35,384 [Worker-110: Building] WARN  o.e.m.c.i.embedder.EclipseLogger - Using platform encoding (MS949 actually) to copy filtered resources, i.e. build is platform dependent!
2025-09-29 15:04:35,384 [Worker-110: Building] INFO  o.e.m.c.i.embedder.EclipseLogger - Copying 0 resource
2025-09-29 15:06:39,229 [Worker-110: Building] WARN  o.e.m.c.i.embedder.EclipseLogger - Using platform encoding (MS949 actually) to copy filtered resources, i.e. build is platform dependent!
2025-09-29 15:06:39,230 [Worker-110: Building] INFO  o.e.m.c.i.embedder.EclipseLogger - Copying 1 resource
2025-09-29 15:06:39,234 [Worker-110: Building] WARN  o.e.m.c.i.embedder.EclipseLogger - Using platform encoding (MS949 actually) to copy filtered resources, i.e. build is platform dependent!
2025-09-29 15:06:39,234 [Worker-110: Building] INFO  o.e.m.c.i.embedder.EclipseLogger - Copying 0 resource
2025-09-29 15:07:31,925 [Worker-108: Building] WARN  o.e.m.c.i.embedder.EclipseLogger - Using platform encoding (MS949 actually) to copy filtered resources, i.e. build is platform dependent!
2025-09-29 15:07:31,926 [Worker-108: Building] INFO  o.e.m.c.i.embedder.EclipseLogger - Copying 1 resource
2025-09-29 15:07:31,927 [Worker-108: Building] WARN  o.e.m.c.i.embedder.EclipseLogger - Using platform encoding (MS949 actually) to copy filtered resources, i.e. build is platform dependent!
2025-09-29 15:07:31,927 [Worker-108: Building] INFO  o.e.m.c.i.embedder.EclipseLogger - Copying 0 resource
2025-09-29 15:09:25,651 [Worker-112: Building] WARN  o.e.m.c.i.embedder.EclipseLogger - Using platform encoding (MS949 actually) to copy filtered resources, i.e. build is platform dependent!
2025-09-29 15:09:25,652 [Worker-112: Building] INFO  o.e.m.c.i.embedder.EclipseLogger - Copying 1 resource
2025-09-29 15:09:25,653 [Worker-112: Building] WARN  o.e.m.c.i.embedder.EclipseLogger - Using platform encoding (MS949 actually) to copy filtered resources, i.e. build is platform dependent!
2025-09-29 15:09:25,654 [Worker-112: Building] INFO  o.e.m.c.i.embedder.EclipseLogger - Copying 0 resource
2025-09-29 15:10:05,302 [Worker-113: Building] WARN  o.e.m.c.i.embedder.EclipseLogger - Using platform encoding (MS949 actually) to copy filtered resources, i.e. build is platform dependent!
2025-09-29 15:10:05,303 [Worker-113: Building] INFO  o.e.m.c.i.embedder.EclipseLogger - Copying 0 resource
2025-09-29 15:10:05,303 [Worker-113: Building] WARN  o.e.m.c.i.embedder.EclipseLogger - Using platform encoding (MS949 actually) to copy filtered resources, i.e. build is platform dependent!
2025-09-29 15:10:05,303 [Worker-113: Building] INFO  o.e.m.c.i.embedder.EclipseLogger - Copying 0 resource
2025-09-29 15:10:20,213 [Worker-114: Building] WARN  o.e.m.c.i.embedder.EclipseLogger - Using platform encoding (MS949 actually) to copy filtered resources, i.e. build is platform dependent!
2025-09-29 15:10:20,214 [Worker-114: Building] INFO  o.e.m.c.i.embedder.EclipseLogger - Copying 0 resource
2025-09-29 15:10:20,214 [Worker-114: Building] WARN  o.e.m.c.i.embedder.EclipseLogger - Using platform encoding (MS949 actually) to copy filtered resources, i.e. build is platform dependent!
2025-09-29 15:10:20,215 [Worker-114: Building] INFO  o.e.m.c.i.embedder.EclipseLogger - Copying 0 resource
2025-09-29 15:11:43,617 [Worker-108: Building] WARN  o.e.m.c.i.embedder.EclipseLogger - Using platform encoding (MS949 actually) to copy filtered resources, i.e. build is platform dependent!
2025-09-29 15:11:43,617 [Worker-108: Building] INFO  o.e.m.c.i.embedder.EclipseLogger - Copying 0 resource
2025-09-29 15:11:43,618 [Worker-108: Building] WARN  o.e.m.c.i.embedder.EclipseLogger - Using platform encoding (MS949 actually) to copy filtered resources, i.e. build is platform dependent!
2025-09-29 15:11:43,618 [Worker-108: Building] INFO  o.e.m.c.i.embedder.EclipseLogger - Copying 0 resource
2025-09-29 15:12:05,086 [Worker-114: Building] WARN  o.e.m.c.i.embedder.EclipseLogger - Using platform encoding (MS949 actually) to copy filtered resources, i.e. build is platform dependent!
2025-09-29 15:12:05,087 [Worker-114: Building] INFO  o.e.m.c.i.embedder.EclipseLogger - Copying 0 resource
2025-09-29 15:12:05,087 [Worker-114: Building] WARN  o.e.m.c.i.embedder.EclipseLogger - Using platform encoding (MS949 actually) to copy filtered resources, i.e. build is platform dependent!
2025-09-29 15:12:05,087 [Worker-114: Building] INFO  o.e.m.c.i.embedder.EclipseLogger - Copying 0 resource
2025-09-29 15:12:17,739 [Worker-112: Building] WARN  o.e.m.c.i.embedder.EclipseLogger - Using platform encoding (MS949 actually) to copy filtered resources, i.e. build is platform dependent!
2025-09-29 15:12:17,740 [Worker-112: Building] INFO  o.e.m.c.i.embedder.EclipseLogger - Copying 0 resource
2025-09-29 15:12:17,740 [Worker-112: Building] WARN  o.e.m.c.i.embedder.EclipseLogger - Using platform encoding (MS949 actually) to copy filtered resources, i.e. build is platform dependent!
2025-09-29 15:12:17,741 [Worker-112: Building] INFO  o.e.m.c.i.embedder.EclipseLogger - Copying 0 resource
2025-09-29 15:12:33,312 [Worker-114: Building] WARN  o.e.m.c.i.embedder.EclipseLogger - Using platform encoding (MS949 actually) to copy filtered resources, i.e. build is platform dependent!
2025-09-29 15:12:33,312 [Worker-114: Building] INFO  o.e.m.c.i.embedder.EclipseLogger - Copying 0 resource
2025-09-29 15:12:33,313 [Worker-114: Building] WARN  o.e.m.c.i.embedder.EclipseLogger - Using platform encoding (MS949 actually) to copy filtered resources, i.e. build is platform dependent!
2025-09-29 15:12:33,313 [Worker-114: Building] INFO  o.e.m.c.i.embedder.EclipseLogger - Copying 0 resource
2025-09-29 15:12:36,359 [Worker-113: Building] WARN  o.e.m.c.i.embedder.EclipseLogger - Using platform encoding (MS949 actually) to copy filtered resources, i.e. build is platform dependent!
2025-09-29 15:12:36,360 [Worker-113: Building] INFO  o.e.m.c.i.embedder.EclipseLogger - Copying 0 resource
2025-09-29 15:12:36,360 [Worker-113: Building] WARN  o.e.m.c.i.embedder.EclipseLogger - Using platform encoding (MS949 actually) to copy filtered resources, i.e. build is platform dependent!
2025-09-29 15:12:36,360 [Worker-113: Building] INFO  o.e.m.c.i.embedder.EclipseLogger - Copying 0 resource
2025-09-29 15:13:18,909 [Worker-108: Building] WARN  o.e.m.c.i.embedder.EclipseLogger - Using platform encoding (MS949 actually) to copy filtered resources, i.e. build is platform dependent!
2025-09-29 15:13:18,910 [Worker-108: Building] INFO  o.e.m.c.i.embedder.EclipseLogger - Copying 4 resources
2025-09-29 15:13:18,910 [Worker-108: Building] WARN  o.e.m.c.i.embedder.EclipseLogger - Using platform encoding (MS949 actually) to copy filtered resources, i.e. build is platform dependent!
2025-09-29 15:13:18,911 [Worker-108: Building] INFO  o.e.m.c.i.embedder.EclipseLogger - Copying 0 resource
2025-09-29 15:13:20,946 [Worker-108: Building] WARN  o.e.m.c.i.embedder.EclipseLogger - Using platform encoding (MS949 actually) to copy filtered resources, i.e. build is platform dependent!
2025-09-29 15:13:20,946 [Worker-108: Building] INFO  o.e.m.c.i.embedder.EclipseLogger - Copying 1 resource
2025-09-29 15:13:20,947 [Worker-108: Building] WARN  o.e.m.c.i.embedder.EclipseLogger - Using platform encoding (MS949 actually) to copy filtered resources, i.e. build is platform dependent!
2025-09-29 15:13:20,948 [Worker-108: Building] INFO  o.e.m.c.i.embedder.EclipseLogger - Copying 0 resource
2025-09-29 15:14:05,774 [Worker-113: Building] WARN  o.e.m.c.i.embedder.EclipseLogger - Using platform encoding (MS949 actually) to copy filtered resources, i.e. build is platform dependent!
2025-09-29 15:14:05,774 [Worker-113: Building] INFO  o.e.m.c.i.embedder.EclipseLogger - Copying 0 resource
2025-09-29 15:14:05,775 [Worker-113: Building] WARN  o.e.m.c.i.embedder.EclipseLogger - Using platform encoding (MS949 actually) to copy filtered resources, i.e. build is platform dependent!
2025-09-29 15:14:05,775 [Worker-113: Building] INFO  o.e.m.c.i.embedder.EclipseLogger - Copying 0 resource
2025-09-29 15:14:10,247 [Worker-112: Building] WARN  o.e.m.c.i.embedder.EclipseLogger - Using platform encoding (MS949 actually) to copy filtered resources, i.e. build is platform dependent!
2025-09-29 15:14:10,247 [Worker-112: Building] INFO  o.e.m.c.i.embedder.EclipseLogger - Copying 1 resource
2025-09-29 15:14:10,249 [Worker-112: Building] WARN  o.e.m.c.i.embedder.EclipseLogger - Using platform encoding (MS949 actually) to copy filtered resources, i.e. build is platform dependent!
2025-09-29 15:14:10,249 [Worker-112: Building] INFO  o.e.m.c.i.embedder.EclipseLogger - Copying 0 resource
2025-09-29 15:14:53,051 [Worker-112: Building] WARN  o.e.m.c.i.embedder.EclipseLogger - Using platform encoding (MS949 actually) to copy filtered resources, i.e. build is platform dependent!
2025-09-29 15:14:53,052 [Worker-112: Building] INFO  o.e.m.c.i.embedder.EclipseLogger - Copying 0 resource
2025-09-29 15:14:53,052 [Worker-112: Building] WARN  o.e.m.c.i.embedder.EclipseLogger - Using platform encoding (MS949 actually) to copy filtered resources, i.e. build is platform dependent!
2025-09-29 15:14:53,053 [Worker-112: Building] INFO  o.e.m.c.i.embedder.EclipseLogger - Copying 0 resource
2025-09-29 15:14:57,495 [Worker-116: Building] WARN  o.e.m.c.i.embedder.EclipseLogger - Using platform encoding (MS949 actually) to copy filtered resources, i.e. build is platform dependent!
2025-09-29 15:14:57,495 [Worker-116: Building] INFO  o.e.m.c.i.embedder.EclipseLogger - Copying 0 resource
2025-09-29 15:14:57,496 [Worker-116: Building] WARN  o.e.m.c.i.embedder.EclipseLogger - Using platform encoding (MS949 actually) to copy filtered resources, i.e. build is platform dependent!
2025-09-29 15:14:57,496 [Worker-116: Building] INFO  o.e.m.c.i.embedder.EclipseLogger - Copying 0 resource
2025-09-29 15:15:22,215 [Worker-116: Building] WARN  o.e.m.c.i.embedder.EclipseLogger - Using platform encoding (MS949 actually) to copy filtered resources, i.e. build is platform dependent!
2025-09-29 15:15:22,215 [Worker-116: Building] INFO  o.e.m.c.i.embedder.EclipseLogger - Copying 0 resource
2025-09-29 15:15:22,215 [Worker-116: Building] WARN  o.e.m.c.i.embedder.EclipseLogger - Using platform encoding (MS949 actually) to copy filtered resources, i.e. build is platform dependent!
2025-09-29 15:15:22,216 [Worker-116: Building] INFO  o.e.m.c.i.embedder.EclipseLogger - Copying 0 resource
2025-09-29 15:15:51,631 [Worker-113: Building] WARN  o.e.m.c.i.embedder.EclipseLogger - Using platform encoding (MS949 actually) to copy filtered resources, i.e. build is platform dependent!
2025-09-29 15:15:51,633 [Worker-113: Building] INFO  o.e.m.c.i.embedder.EclipseLogger - Copying 5 resources
2025-09-29 15:15:51,635 [Worker-113: Building] WARN  o.e.m.c.i.embedder.EclipseLogger - Using platform encoding (MS949 actually) to copy filtered resources, i.e. build is platform dependent!
2025-09-29 15:15:51,635 [Worker-113: Building] INFO  o.e.m.c.i.embedder.EclipseLogger - Copying 0 resource
2025-09-29 15:16:32,353 [Worker-114: Building] WARN  o.e.m.c.i.embedder.EclipseLogger - Using platform encoding (MS949 actually) to copy filtered resources, i.e. build is platform dependent!
2025-09-29 15:16:32,353 [Worker-114: Building] INFO  o.e.m.c.i.embedder.EclipseLogger - Copying 0 resource
2025-09-29 15:16:32,354 [Worker-114: Building] WARN  o.e.m.c.i.embedder.EclipseLogger - Using platform encoding (MS949 actually) to copy filtered resources, i.e. build is platform dependent!
2025-09-29 15:16:32,354 [Worker-114: Building] INFO  o.e.m.c.i.embedder.EclipseLogger - Copying 0 resource
2025-09-29 15:17:28,133 [Worker-116: Building] WARN  o.e.m.c.i.embedder.EclipseLogger - Using platform encoding (MS949 actually) to copy filtered resources, i.e. build is platform dependent!
2025-09-29 15:17:28,133 [Worker-116: Building] INFO  o.e.m.c.i.embedder.EclipseLogger - Copying 0 resource
2025-09-29 15:17:28,134 [Worker-116: Building] WARN  o.e.m.c.i.embedder.EclipseLogger - Using platform encoding (MS949 actually) to copy filtered resources, i.e. build is platform dependent!
2025-09-29 15:17:28,134 [Worker-116: Building] INFO  o.e.m.c.i.embedder.EclipseLogger - Copying 0 resource
2025-09-29 15:18:02,654 [Worker-116: Building] WARN  o.e.m.c.i.embedder.EclipseLogger - Using platform encoding (MS949 actually) to copy filtered resources, i.e. build is platform dependent!
2025-09-29 15:18:02,655 [Worker-116: Building] INFO  o.e.m.c.i.embedder.EclipseLogger - Copying 0 resource
2025-09-29 15:18:02,655 [Worker-116: Building] WARN  o.e.m.c.i.embedder.EclipseLogger - Using platform encoding (MS949 actually) to copy filtered resources, i.e. build is platform dependent!
2025-09-29 15:18:02,656 [Worker-116: Building] INFO  o.e.m.c.i.embedder.EclipseLogger - Copying 0 resource
2025-09-29 15:18:14,835 [Worker-114: Building] WARN  o.e.m.c.i.embedder.EclipseLogger - Using platform encoding (MS949 actually) to copy filtered resources, i.e. build is platform dependent!
2025-09-29 15:18:14,836 [Worker-114: Building] INFO  o.e.m.c.i.embedder.EclipseLogger - Copying 0 resource
2025-09-29 15:18:14,836 [Worker-114: Building] WARN  o.e.m.c.i.embedder.EclipseLogger - Using platform encoding (MS949 actually) to copy filtered resources, i.e. build is platform dependent!
2025-09-29 15:18:14,837 [Worker-114: Building] INFO  o.e.m.c.i.embedder.EclipseLogger - Copying 0 resource
2025-09-29 15:18:25,752 [Worker-113: Building] WARN  o.e.m.c.i.embedder.EclipseLogger - Using platform encoding (MS949 actually) to copy filtered resources, i.e. build is platform dependent!
2025-09-29 15:18:25,753 [Worker-113: Building] INFO  o.e.m.c.i.embedder.EclipseLogger - Copying 0 resource
2025-09-29 15:18:25,753 [Worker-113: Building] WARN  o.e.m.c.i.embedder.EclipseLogger - Using platform encoding (MS949 actually) to copy filtered resources, i.e. build is platform dependent!
2025-09-29 15:18:25,754 [Worker-113: Building] INFO  o.e.m.c.i.embedder.EclipseLogger - Copying 0 resource
2025-09-29 15:18:33,821 [Worker-112: Building] WARN  o.e.m.c.i.embedder.EclipseLogger - Using platform encoding (MS949 actually) to copy filtered resources, i.e. build is platform dependent!
2025-09-29 15:18:33,821 [Worker-112: Building] INFO  o.e.m.c.i.embedder.EclipseLogger - Copying 0 resource
2025-09-29 15:18:33,822 [Worker-112: Building] WARN  o.e.m.c.i.embedder.EclipseLogger - Using platform encoding (MS949 actually) to copy filtered resources, i.e. build is platform dependent!
2025-09-29 15:18:33,822 [Worker-112: Building] INFO  o.e.m.c.i.embedder.EclipseLogger - Copying 0 resource
2025-09-29 15:18:58,242 [Worker-113: Building] WARN  o.e.m.c.i.embedder.EclipseLogger - Using platform encoding (MS949 actually) to copy filtered resources, i.e. build is platform dependent!
2025-09-29 15:18:58,243 [Worker-113: Building] INFO  o.e.m.c.i.embedder.EclipseLogger - Copying 0 resource
2025-09-29 15:18:58,243 [Worker-113: Building] WARN  o.e.m.c.i.embedder.EclipseLogger - Using platform encoding (MS949 actually) to copy filtered resources, i.e. build is platform dependent!
2025-09-29 15:18:58,243 [Worker-113: Building] INFO  o.e.m.c.i.embedder.EclipseLogger - Copying 0 resource
2025-09-29 15:19:18,326 [Worker-108: Building] WARN  o.e.m.c.i.embedder.EclipseLogger - Using platform encoding (MS949 actually) to copy filtered resources, i.e. build is platform dependent!
2025-09-29 15:19:18,327 [Worker-108: Building] INFO  o.e.m.c.i.embedder.EclipseLogger - Copying 0 resource
2025-09-29 15:19:18,327 [Worker-108: Building] WARN  o.e.m.c.i.embedder.EclipseLogger - Using platform encoding (MS949 actually) to copy filtered resources, i.e. build is platform dependent!
2025-09-29 15:19:18,327 [Worker-108: Building] INFO  o.e.m.c.i.embedder.EclipseLogger - Copying 0 resource
2025-09-29 15:21:42,954 [Worker-117: Building] WARN  o.e.m.c.i.embedder.EclipseLogger - Using platform encoding (MS949 actually) to copy filtered resources, i.e. build is platform dependent!
2025-09-29 15:21:42,955 [Worker-117: Building] INFO  o.e.m.c.i.embedder.EclipseLogger - Copying 5 resources
2025-09-29 15:21:42,956 [Worker-117: Building] WARN  o.e.m.c.i.embedder.EclipseLogger - Using platform encoding (MS949 actually) to copy filtered resources, i.e. build is platform dependent!
2025-09-29 15:21:42,956 [Worker-117: Building] INFO  o.e.m.c.i.embedder.EclipseLogger - Copying 0 resource
2025-09-29 15:22:22,268 [Worker-112: Building] WARN  o.e.m.c.i.embedder.EclipseLogger - Using platform encoding (MS949 actually) to copy filtered resources, i.e. build is platform dependent!
2025-09-29 15:22:22,269 [Worker-112: Building] INFO  o.e.m.c.i.embedder.EclipseLogger - Copying 6 resources
2025-09-29 15:22:22,271 [Worker-112: Building] WARN  o.e.m.c.i.embedder.EclipseLogger - Using platform encoding (MS949 actually) to copy filtered resources, i.e. build is platform dependent!
2025-09-29 15:22:22,271 [Worker-112: Building] INFO  o.e.m.c.i.embedder.EclipseLogger - Copying 0 resource
2025-09-29 15:22:30,900 [Worker-112: Building] WARN  o.e.m.c.i.embedder.EclipseLogger - Using platform encoding (MS949 actually) to copy filtered resources, i.e. build is platform dependent!
2025-09-29 15:22:30,901 [Worker-112: Building] INFO  o.e.m.c.i.embedder.EclipseLogger - Copying 1 resource
2025-09-29 15:22:30,902 [Worker-112: Building] WARN  o.e.m.c.i.embedder.EclipseLogger - Using platform encoding (MS949 actually) to copy filtered resources, i.e. build is platform dependent!
2025-09-29 15:22:30,902 [Worker-112: Building] INFO  o.e.m.c.i.embedder.EclipseLogger - Copying 0 resource
2025-09-29 15:22:40,217 [Worker-108: Building] WARN  o.e.m.c.i.embedder.EclipseLogger - Using platform encoding (MS949 actually) to copy filtered resources, i.e. build is platform dependent!
2025-09-29 15:22:40,218 [Worker-108: Building] INFO  o.e.m.c.i.embedder.EclipseLogger - Copying 6 resources
2025-09-29 15:22:40,219 [Worker-108: Building] WARN  o.e.m.c.i.embedder.EclipseLogger - Using platform encoding (MS949 actually) to copy filtered resources, i.e. build is platform dependent!
2025-09-29 15:22:40,219 [Worker-108: Building] INFO  o.e.m.c.i.embedder.EclipseLogger - Copying 0 resource
2025-09-29 15:22:48,892 [Worker-112: Building] WARN  o.e.m.c.i.embedder.EclipseLogger - Using platform encoding (MS949 actually) to copy filtered resources, i.e. build is platform dependent!
2025-09-29 15:22:48,892 [Worker-112: Building] INFO  o.e.m.c.i.embedder.EclipseLogger - Copying 1 resource
2025-09-29 15:22:48,894 [Worker-112: Building] WARN  o.e.m.c.i.embedder.EclipseLogger - Using platform encoding (MS949 actually) to copy filtered resources, i.e. build is platform dependent!
2025-09-29 15:22:48,894 [Worker-112: Building] INFO  o.e.m.c.i.embedder.EclipseLogger - Copying 0 resource
2025-09-29 15:23:08,338 [Worker-108: Building] WARN  o.e.m.c.i.embedder.EclipseLogger - Using platform encoding (MS949 actually) to copy filtered resources, i.e. build is platform dependent!
2025-09-29 15:23:08,339 [Worker-108: Building] INFO  o.e.m.c.i.embedder.EclipseLogger - Copying 1 resource
2025-09-29 15:23:08,340 [Worker-108: Building] WARN  o.e.m.c.i.embedder.EclipseLogger - Using platform encoding (MS949 actually) to copy filtered resources, i.e. build is platform dependent!
2025-09-29 15:23:08,340 [Worker-108: Building] INFO  o.e.m.c.i.embedder.EclipseLogger - Copying 0 resource
2025-09-29 15:24:30,555 [Worker-119: Building] WARN  o.e.m.c.i.embedder.EclipseLogger - Using platform encoding (MS949 actually) to copy filtered resources, i.e. build is platform dependent!
2025-09-29 15:24:30,556 [Worker-119: Building] INFO  o.e.m.c.i.embedder.EclipseLogger - Copying 7 resources
2025-09-29 15:24:30,557 [Worker-119: Building] WARN  o.e.m.c.i.embedder.EclipseLogger - Using platform encoding (MS949 actually) to copy filtered resources, i.e. build is platform dependent!
2025-09-29 15:24:30,557 [Worker-119: Building] INFO  o.e.m.c.i.embedder.EclipseLogger - Copying 0 resource
2025-09-29 15:25:12,853 [Worker-117: Building] WARN  o.e.m.c.i.embedder.EclipseLogger - Using platform encoding (MS949 actually) to copy filtered resources, i.e. build is platform dependent!
2025-09-29 15:25:12,854 [Worker-117: Building] INFO  o.e.m.c.i.embedder.EclipseLogger - Copying 1 resource
2025-09-29 15:25:12,855 [Worker-117: Building] WARN  o.e.m.c.i.embedder.EclipseLogger - Using platform encoding (MS949 actually) to copy filtered resources, i.e. build is platform dependent!
2025-09-29 15:25:12,855 [Worker-117: Building] INFO  o.e.m.c.i.embedder.EclipseLogger - Copying 0 resource
2025-09-29 15:25:22,245 [Worker-118: Building] WARN  o.e.m.c.i.embedder.EclipseLogger - Using platform encoding (MS949 actually) to copy filtered resources, i.e. build is platform dependent!
2025-09-29 15:25:22,245 [Worker-118: Building] INFO  o.e.m.c.i.embedder.EclipseLogger - Copying 1 resource
2025-09-29 15:25:22,246 [Worker-118: Building] WARN  o.e.m.c.i.embedder.EclipseLogger - Using platform encoding (MS949 actually) to copy filtered resources, i.e. build is platform dependent!
2025-09-29 15:25:22,247 [Worker-118: Building] INFO  o.e.m.c.i.embedder.EclipseLogger - Copying 0 resource
2025-09-29 15:26:52,735 [Worker-117: Building] WARN  o.e.m.c.i.embedder.EclipseLogger - Using platform encoding (MS949 actually) to copy filtered resources, i.e. build is platform dependent!
2025-09-29 15:26:52,736 [Worker-117: Building] INFO  o.e.m.c.i.embedder.EclipseLogger - Copying 1 resource
2025-09-29 15:26:52,737 [Worker-117: Building] WARN  o.e.m.c.i.embedder.EclipseLogger - Using platform encoding (MS949 actually) to copy filtered resources, i.e. build is platform dependent!
2025-09-29 15:26:52,738 [Worker-117: Building] INFO  o.e.m.c.i.embedder.EclipseLogger - Copying 0 resource
2025-09-29 15:30:23,425 [Worker-122: Building] INFO  o.e.m.c.i.l.LifecycleMappingFactory - Using org.maven.ide.eclipse.wtp.WarLifecycleMapping lifecycle mapping for MavenProject: com.kh:db:1.0.0-BUILD-SNAPSHOT @ C:\12_Spring\work\Ex0929_db\pom.xml.
2025-09-29 15:30:23,495 [Worker-122: Building] INFO  o.e.m.c.i.e.AbstractTransferListenerAdapter - Downloading https://repo.maven.apache.org/maven2/commons-dbcp/commons-dbcp/1.4/commons-dbcp-1.4.pom
2025-09-29 15:30:23,507 [Worker-122: Building] INFO  o.e.m.c.i.e.AbstractTransferListenerAdapter - Downloaded https://repo.maven.apache.org/maven2/commons-dbcp/commons-dbcp/1.4/commons-dbcp-1.4.pom
2025-09-29 15:30:23,514 [Worker-122: Building] INFO  o.e.m.c.i.e.AbstractTransferListenerAdapter - Downloading https://repo.maven.apache.org/maven2/org/apache/commons/commons-parent/12/commons-parent-12.pom
2025-09-29 15:30:23,523 [Worker-122: Building] INFO  o.e.m.c.i.e.AbstractTransferListenerAdapter - Downloaded https://repo.maven.apache.org/maven2/org/apache/commons/commons-parent/12/commons-parent-12.pom
2025-09-29 15:30:23,535 [Worker-122: Building] INFO  o.e.m.c.i.e.AbstractTransferListenerAdapter - Downloading https://repo.maven.apache.org/maven2/commons-pool/commons-pool/1.5.4/commons-pool-1.5.4.pom
2025-09-29 15:30:23,543 [Worker-122: Building] INFO  o.e.m.c.i.e.AbstractTransferListenerAdapter - Downloaded https://repo.maven.apache.org/maven2/commons-pool/commons-pool/1.5.4/commons-pool-1.5.4.pom
2025-09-29 15:30:23,556 [AetherRepositoryConnector-repo.maven.apache.org-5-0] INFO  o.e.m.c.i.e.AbstractTransferListenerAdapter - Downloading https://repo.maven.apache.org/maven2/commons-dbcp/commons-dbcp/1.4/commons-dbcp-1.4.jar
2025-09-29 15:30:23,564 [AetherRepositoryConnector-repo.maven.apache.org-5-1] INFO  o.e.m.c.i.e.AbstractTransferListenerAdapter - Downloading https://repo.maven.apache.org/maven2/commons-pool/commons-pool/1.5.4/commons-pool-1.5.4.jar
2025-09-29 15:30:23,573 [AetherRepositoryConnector-repo.maven.apache.org-5-0] INFO  o.e.m.c.i.e.AbstractTransferListenerAdapter - Downloaded https://repo.maven.apache.org/maven2/commons-dbcp/commons-dbcp/1.4/commons-dbcp-1.4.jar
2025-09-29 15:30:23,578 [AetherRepositoryConnector-repo.maven.apache.org-5-1] INFO  o.e.m.c.i.e.AbstractTransferListenerAdapter - Downloaded https://repo.maven.apache.org/maven2/commons-pool/commons-pool/1.5.4/commons-pool-1.5.4.jar
2025-09-29 15:30:24,056 [Worker-122: Building] WARN  o.e.m.c.i.embedder.EclipseLogger - Using platform encoding (MS949 actually) to copy filtered resources, i.e. build is platform dependent!
2025-09-29 15:30:24,056 [Worker-122: Building] INFO  o.e.m.c.i.embedder.EclipseLogger - Copying 0 resource
2025-09-29 15:30:24,057 [Worker-122: Building] WARN  o.e.m.c.i.embedder.EclipseLogger - Using platform encoding (MS949 actually) to copy filtered resources, i.e. build is platform dependent!
2025-09-29 15:30:24,057 [Worker-122: Building] INFO  o.e.m.c.i.embedder.EclipseLogger - Copying 0 resource
2025-09-29 15:30:24,075 [Worker-122: Building] INFO  o.e.m.w.i.f.ResourceFilteringBuildParticipant - Changed resources require a complete clean of filtered resources of Ex0929_db
2025-09-29 15:30:24,076 [Worker-122: Building] INFO  o.e.m.w.i.f.ResourceFilteringBuildParticipant - Executing resource filtering for Ex0929_db
2025-09-29 15:30:25,109 [Worker-119: Download sources and javadoc] INFO  o.e.m.c.i.e.AbstractTransferListenerAdapter - Downloading https://repo.maven.apache.org/maven2/commons-dbcp/commons-dbcp/1.4/commons-dbcp-1.4-sources.jar
2025-09-29 15:30:25,125 [Worker-119: Download sources and javadoc] INFO  o.e.m.c.i.e.AbstractTransferListenerAdapter - Downloaded https://repo.maven.apache.org/maven2/commons-dbcp/commons-dbcp/1.4/commons-dbcp-1.4-sources.jar
2025-09-29 15:30:25,196 [Worker-119: Download sources and javadoc] INFO  o.e.m.j.internal.DownloadSourcesJob - Downloaded sources for commons-dbcp:commons-dbcp:1.4
2025-09-29 15:30:25,223 [Worker-119: Download sources and javadoc] INFO  o.e.m.c.i.e.AbstractTransferListenerAdapter - Downloading https://repo.maven.apache.org/maven2/commons-pool/commons-pool/1.5.4/commons-pool-1.5.4-sources.jar
2025-09-29 15:30:25,243 [Worker-119: Download sources and javadoc] INFO  o.e.m.c.i.e.AbstractTransferListenerAdapter - Downloaded https://repo.maven.apache.org/maven2/commons-pool/commons-pool/1.5.4/commons-pool-1.5.4-sources.jar
2025-09-29 15:30:25,318 [Worker-119: Download sources and javadoc] INFO  o.e.m.j.internal.DownloadSourcesJob - Downloaded sources for commons-pool:commons-pool:1.5.4
2025-09-29 15:30:26,515 [Worker-122: Building] WARN  o.e.m.c.i.embedder.EclipseLogger - Using platform encoding (MS949 actually) to copy filtered resources, i.e. build is platform dependent!
2025-09-29 15:30:26,766 [Worker-120: Building] WARN  o.e.m.c.i.embedder.EclipseLogger - Using platform encoding (MS949 actually) to copy filtered resources, i.e. build is platform dependent!
2025-09-29 15:30:26,767 [Worker-120: Building] INFO  o.e.m.c.i.embedder.EclipseLogger - Copying 8 resources
2025-09-29 15:30:26,773 [Worker-120: Building] WARN  o.e.m.c.i.embedder.EclipseLogger - Using platform encoding (MS949 actually) to copy filtered resources, i.e. build is platform dependent!
2025-09-29 15:30:26,774 [Worker-120: Building] INFO  o.e.m.c.i.embedder.EclipseLogger - Copying 1 resource
2025-09-29 15:30:35,917 [Worker-123: Building] INFO  o.e.m.c.i.l.LifecycleMappingFactory - Using org.maven.ide.eclipse.wtp.WarLifecycleMapping lifecycle mapping for MavenProject: com.kh:db:1.0.0-BUILD-SNAPSHOT @ C:\12_Spring\work\Ex0929_db\pom.xml.
2025-09-29 15:30:36,019 [Worker-123: Building] WARN  o.e.m.c.i.embedder.EclipseLogger - Using platform encoding (MS949 actually) to copy filtered resources, i.e. build is platform dependent!
2025-09-29 15:30:36,020 [Worker-123: Building] INFO  o.e.m.c.i.embedder.EclipseLogger - Copying 0 resource
2025-09-29 15:30:36,020 [Worker-123: Building] WARN  o.e.m.c.i.embedder.EclipseLogger - Using platform encoding (MS949 actually) to copy filtered resources, i.e. build is platform dependent!
2025-09-29 15:30:36,021 [Worker-123: Building] INFO  o.e.m.c.i.embedder.EclipseLogger - Copying 0 resource
2025-09-29 15:30:36,021 [Worker-123: Building] INFO  o.e.m.w.i.f.ResourceFilteringBuildParticipant - Changed resources require a complete clean of filtered resources of Ex0929_db
2025-09-29 15:30:36,021 [Worker-123: Building] INFO  o.e.m.w.i.f.ResourceFilteringBuildParticipant - Executing resource filtering for Ex0929_db
2025-09-29 15:30:36,022 [Worker-123: Building] WARN  o.e.m.c.i.embedder.EclipseLogger - Using platform encoding (MS949 actually) to copy filtered resources, i.e. build is platform dependent!
2025-09-29 15:31:00,528 [Worker-121: Building] INFO  o.e.m.c.i.l.LifecycleMappingFactory - Using org.maven.ide.eclipse.wtp.WarLifecycleMapping lifecycle mapping for MavenProject: com.kh:db:1.0.0-BUILD-SNAPSHOT @ C:\12_Spring\work\Ex0929_db\pom.xml.
2025-09-29 15:31:00,721 [Worker-121: Building] WARN  o.e.m.c.i.embedder.EclipseLogger - Using platform encoding (MS949 actually) to copy filtered resources, i.e. build is platform dependent!
2025-09-29 15:31:00,722 [Worker-121: Building] INFO  o.e.m.c.i.embedder.EclipseLogger - Copying 0 resource
2025-09-29 15:31:00,722 [Worker-121: Building] WARN  o.e.m.c.i.embedder.EclipseLogger - Using platform encoding (MS949 actually) to copy filtered resources, i.e. build is platform dependent!
2025-09-29 15:31:00,722 [Worker-121: Building] INFO  o.e.m.c.i.embedder.EclipseLogger - Copying 0 resource
2025-09-29 15:31:00,722 [Worker-121: Building] INFO  o.e.m.w.i.f.ResourceFilteringBuildParticipant - Changed resources require a complete clean of filtered resources of Ex0929_db
2025-09-29 15:31:00,722 [Worker-121: Building] INFO  o.e.m.w.i.f.ResourceFilteringBuildParticipant - Executing resource filtering for Ex0929_db
2025-09-29 15:31:00,724 [Worker-121: Building] WARN  o.e.m.c.i.embedder.EclipseLogger - Using platform encoding (MS949 actually) to copy filtered resources, i.e. build is platform dependent!
2025-09-29 15:32:45,039 [Worker-121: reload maven project] INFO  o.e.m.c.i.e.AbstractTransferListenerAdapter - Downloading https://repo.maven.apache.org/maven2/org/mybatis/mybatis/3.4.5/mybatis-3.4.5.pom
2025-09-29 15:32:45,051 [Worker-121: reload maven project] INFO  o.e.m.c.i.e.AbstractTransferListenerAdapter - Downloaded https://repo.maven.apache.org/maven2/org/mybatis/mybatis/3.4.5/mybatis-3.4.5.pom
2025-09-29 15:32:45,058 [Worker-121: reload maven project] INFO  o.e.m.c.i.e.AbstractTransferListenerAdapter - Downloading https://repo.maven.apache.org/maven2/org/mybatis/mybatis-parent/29/mybatis-parent-29.pom
2025-09-29 15:32:45,067 [Worker-121: reload maven project] INFO  o.e.m.c.i.e.AbstractTransferListenerAdapter - Downloaded https://repo.maven.apache.org/maven2/org/mybatis/mybatis-parent/29/mybatis-parent-29.pom
2025-09-29 15:32:45,081 [Worker-121: reload maven project] INFO  o.e.m.c.i.e.AbstractTransferListenerAdapter - Downloading https://repo.maven.apache.org/maven2/org/mybatis/mybatis/3.4.5/mybatis-3.4.5.jar
2025-09-29 15:32:45,105 [Worker-125: Building] INFO  o.e.m.c.i.l.LifecycleMappingFactory - Using org.maven.ide.eclipse.wtp.WarLifecycleMapping lifecycle mapping for MavenProject: com.kh:db:1.0.0-BUILD-SNAPSHOT @ C:\12_Spring\work\Ex0929_db\pom.xml.
2025-09-29 15:32:45,115 [Worker-121: reload maven project] INFO  o.e.m.c.i.e.AbstractTransferListenerAdapter - Downloaded https://repo.maven.apache.org/maven2/org/mybatis/mybatis/3.4.5/mybatis-3.4.5.jar
2025-09-29 15:32:45,437 [Worker-125: Building] WARN  o.e.m.c.i.embedder.EclipseLogger - Using platform encoding (MS949 actually) to copy filtered resources, i.e. build is platform dependent!
2025-09-29 15:32:45,438 [Worker-125: Building] INFO  o.e.m.c.i.embedder.EclipseLogger - Copying 0 resource
2025-09-29 15:32:45,438 [Worker-125: Building] WARN  o.e.m.c.i.embedder.EclipseLogger - Using platform encoding (MS949 actually) to copy filtered resources, i.e. build is platform dependent!
2025-09-29 15:32:45,439 [Worker-125: Building] INFO  o.e.m.c.i.embedder.EclipseLogger - Copying 0 resource
2025-09-29 15:32:45,439 [Worker-125: Building] INFO  o.e.m.w.i.f.ResourceFilteringBuildParticipant - Changed resources require a complete clean of filtered resources of Ex0929_db
2025-09-29 15:32:45,439 [Worker-125: Building] INFO  o.e.m.w.i.f.ResourceFilteringBuildParticipant - Executing resource filtering for Ex0929_db
2025-09-29 15:32:45,440 [Worker-125: Building] WARN  o.e.m.c.i.embedder.EclipseLogger - Using platform encoding (MS949 actually) to copy filtered resources, i.e. build is platform dependent!
2025-09-29 15:32:46,527 [Worker-124: Download sources and javadoc] INFO  o.e.m.c.i.e.AbstractTransferListenerAdapter - Downloading https://repo.maven.apache.org/maven2/org/mybatis/mybatis/3.4.5/mybatis-3.4.5-sources.jar
2025-09-29 15:32:46,549 [Worker-124: Download sources and javadoc] INFO  o.e.m.c.i.e.AbstractTransferListenerAdapter - Downloaded https://repo.maven.apache.org/maven2/org/mybatis/mybatis/3.4.5/mybatis-3.4.5-sources.jar
2025-09-29 15:32:46,592 [Worker-125: Building] WARN  o.e.m.c.i.embedder.EclipseLogger - Using platform encoding (MS949 actually) to copy filtered resources, i.e. build is platform dependent!
2025-09-29 15:32:46,594 [Worker-125: Building] INFO  o.e.m.c.i.embedder.EclipseLogger - Copying 8 resources
2025-09-29 15:32:46,603 [Worker-125: Building] WARN  o.e.m.c.i.embedder.EclipseLogger - Using platform encoding (MS949 actually) to copy filtered resources, i.e. build is platform dependent!
2025-09-29 15:32:46,604 [Worker-125: Building] INFO  o.e.m.c.i.embedder.EclipseLogger - Copying 1 resource
2025-09-29 15:32:46,660 [Worker-124: Download sources and javadoc] INFO  o.e.m.j.internal.DownloadSourcesJob - Downloaded sources for org.mybatis:mybatis:3.4.5
2025-09-29 15:32:46,797 [Worker-120: Building] WARN  o.e.m.c.i.embedder.EclipseLogger - Using platform encoding (MS949 actually) to copy filtered resources, i.e. build is platform dependent!
2025-09-29 15:32:46,799 [Worker-120: Building] INFO  o.e.m.c.i.embedder.EclipseLogger - Copying 0 resource
2025-09-29 15:32:46,799 [Worker-120: Building] WARN  o.e.m.c.i.embedder.EclipseLogger - Using platform encoding (MS949 actually) to copy filtered resources, i.e. build is platform dependent!
2025-09-29 15:32:46,800 [Worker-120: Building] INFO  o.e.m.c.i.embedder.EclipseLogger - Copying 0 resource
2025-09-29 15:34:16,539 [Worker-129: Building] INFO  o.e.m.c.i.l.LifecycleMappingFactory - Using org.maven.ide.eclipse.wtp.WarLifecycleMapping lifecycle mapping for MavenProject: com.kh:db:1.0.0-BUILD-SNAPSHOT @ C:\12_Spring\work\Ex0929_db\pom.xml.
2025-09-29 15:34:16,577 [Worker-129: Building] INFO  o.e.m.c.i.e.AbstractTransferListenerAdapter - Downloading https://repo.maven.apache.org/maven2/org/mybatis/mybatis-spring/1.3.1/mybatis-spring-1.3.1.pom
2025-09-29 15:34:16,588 [Worker-129: Building] INFO  o.e.m.c.i.e.AbstractTransferListenerAdapter - Downloaded https://repo.maven.apache.org/maven2/org/mybatis/mybatis-spring/1.3.1/mybatis-spring-1.3.1.pom
2025-09-29 15:34:16,595 [Worker-129: Building] INFO  o.e.m.c.i.e.AbstractTransferListenerAdapter - Downloading https://repo.maven.apache.org/maven2/org/mybatis/mybatis-parent/28/mybatis-parent-28.pom
2025-09-29 15:34:16,604 [Worker-129: Building] INFO  o.e.m.c.i.e.AbstractTransferListenerAdapter - Downloaded https://repo.maven.apache.org/maven2/org/mybatis/mybatis-parent/28/mybatis-parent-28.pom
2025-09-29 15:34:16,613 [Worker-129: Building] INFO  o.e.m.c.i.e.AbstractTransferListenerAdapter - Downloading https://repo.maven.apache.org/maven2/org/mybatis/mybatis-spring/1.3.1/mybatis-spring-1.3.1.jar
2025-09-29 15:34:16,623 [Worker-129: Building] INFO  o.e.m.c.i.e.AbstractTransferListenerAdapter - Downloaded https://repo.maven.apache.org/maven2/org/mybatis/mybatis-spring/1.3.1/mybatis-spring-1.3.1.jar
2025-09-29 15:34:16,794 [Worker-129: Building] WARN  o.e.m.c.i.embedder.EclipseLogger - Using platform encoding (MS949 actually) to copy filtered resources, i.e. build is platform dependent!
2025-09-29 15:34:16,795 [Worker-129: Building] INFO  o.e.m.c.i.embedder.EclipseLogger - Copying 0 resource
2025-09-29 15:34:16,795 [Worker-129: Building] WARN  o.e.m.c.i.embedder.EclipseLogger - Using platform encoding (MS949 actually) to copy filtered resources, i.e. build is platform dependent!
2025-09-29 15:34:16,795 [Worker-129: Building] INFO  o.e.m.c.i.embedder.EclipseLogger - Copying 0 resource
2025-09-29 15:34:16,795 [Worker-129: Building] INFO  o.e.m.w.i.f.ResourceFilteringBuildParticipant - Changed resources require a complete clean of filtered resources of Ex0929_db
2025-09-29 15:34:16,795 [Worker-129: Building] INFO  o.e.m.w.i.f.ResourceFilteringBuildParticipant - Executing resource filtering for Ex0929_db
2025-09-29 15:34:16,797 [Worker-129: Building] WARN  o.e.m.c.i.embedder.EclipseLogger - Using platform encoding (MS949 actually) to copy filtered resources, i.e. build is platform dependent!
2025-09-29 15:34:17,876 [Worker-130: Download sources and javadoc] INFO  o.e.m.c.i.e.AbstractTransferListenerAdapter - Downloading https://repo.maven.apache.org/maven2/org/mybatis/mybatis-spring/1.3.1/mybatis-spring-1.3.1-sources.jar
2025-09-29 15:34:17,889 [Worker-130: Download sources and javadoc] INFO  o.e.m.c.i.e.AbstractTransferListenerAdapter - Downloaded https://repo.maven.apache.org/maven2/org/mybatis/mybatis-spring/1.3.1/mybatis-spring-1.3.1-sources.jar
2025-09-29 15:34:17,955 [Worker-130: Download sources and javadoc] INFO  o.e.m.j.internal.DownloadSourcesJob - Downloaded sources for org.mybatis:mybatis-spring:1.3.1
2025-09-29 15:34:18,093 [Worker-120: Building] INFO  o.e.m.c.i.l.LifecycleMappingFactory - Using org.maven.ide.eclipse.wtp.WarLifecycleMapping lifecycle mapping for MavenProject: com.kh:db:1.0.0-BUILD-SNAPSHOT @ C:\12_Spring\work\Ex0929_db\pom.xml.
2025-09-29 15:34:18,213 [Worker-120: Building] WARN  o.e.m.c.i.embedder.EclipseLogger - Using platform encoding (MS949 actually) to copy filtered resources, i.e. build is platform dependent!
2025-09-29 15:34:18,215 [Worker-120: Building] INFO  o.e.m.c.i.embedder.EclipseLogger - Copying 8 resources
2025-09-29 15:34:18,221 [Worker-120: Building] WARN  o.e.m.c.i.embedder.EclipseLogger - Using platform encoding (MS949 actually) to copy filtered resources, i.e. build is platform dependent!
2025-09-29 15:34:18,222 [Worker-120: Building] INFO  o.e.m.c.i.embedder.EclipseLogger - Copying 1 resource
2025-09-29 15:34:18,223 [Worker-120: Building] INFO  o.e.m.w.i.f.ResourceFilteringBuildParticipant - Changed resources require a complete clean of filtered resources of Ex0929_db
2025-09-29 15:34:18,223 [Worker-120: Building] INFO  o.e.m.w.i.f.ResourceFilteringBuildParticipant - Executing resource filtering for Ex0929_db
2025-09-29 15:34:18,224 [Worker-120: Building] WARN  o.e.m.c.i.embedder.EclipseLogger - Using platform encoding (MS949 actually) to copy filtered resources, i.e. build is platform dependent!
2025-09-29 15:34:58,045 [Worker-129: Building] INFO  o.e.m.c.i.l.LifecycleMappingFactory - Using org.maven.ide.eclipse.wtp.WarLifecycleMapping lifecycle mapping for MavenProject: com.kh:db:1.0.0-BUILD-SNAPSHOT @ C:\12_Spring\work\Ex0929_db\pom.xml.
2025-09-29 15:34:58,158 [Worker-129: Building] WARN  o.e.m.c.i.embedder.EclipseLogger - Using platform encoding (MS949 actually) to copy filtered resources, i.e. build is platform dependent!
2025-09-29 15:34:58,159 [Worker-129: Building] INFO  o.e.m.c.i.embedder.EclipseLogger - Copying 0 resource
2025-09-29 15:34:58,159 [Worker-129: Building] WARN  o.e.m.c.i.embedder.EclipseLogger - Using platform encoding (MS949 actually) to copy filtered resources, i.e. build is platform dependent!
2025-09-29 15:34:58,160 [Worker-129: Building] INFO  o.e.m.c.i.embedder.EclipseLogger - Copying 0 resource
2025-09-29 15:34:58,160 [Worker-129: Building] INFO  o.e.m.w.i.f.ResourceFilteringBuildParticipant - Changed resources require a complete clean of filtered resources of Ex0929_db
2025-09-29 15:34:58,160 [Worker-129: Building] INFO  o.e.m.w.i.f.ResourceFilteringBuildParticipant - Executing resource filtering for Ex0929_db
2025-09-29 15:34:58,161 [Worker-129: Building] WARN  o.e.m.c.i.embedder.EclipseLogger - Using platform encoding (MS949 actually) to copy filtered resources, i.e. build is platform dependent!
2025-09-29 15:35:01,430 [Worker-130: Building] INFO  o.e.m.c.i.l.LifecycleMappingFactory - Using org.maven.ide.eclipse.wtp.WarLifecycleMapping lifecycle mapping for MavenProject: com.kh:db:1.0.0-BUILD-SNAPSHOT @ C:\12_Spring\work\Ex0929_db\pom.xml.
2025-09-29 15:35:01,527 [Worker-130: Building] WARN  o.e.m.c.i.embedder.EclipseLogger - Using platform encoding (MS949 actually) to copy filtered resources, i.e. build is platform dependent!
2025-09-29 15:35:01,528 [Worker-130: Building] INFO  o.e.m.c.i.embedder.EclipseLogger - Copying 0 resource
2025-09-29 15:35:01,528 [Worker-130: Building] WARN  o.e.m.c.i.embedder.EclipseLogger - Using platform encoding (MS949 actually) to copy filtered resources, i.e. build is platform dependent!
2025-09-29 15:35:01,529 [Worker-130: Building] INFO  o.e.m.c.i.embedder.EclipseLogger - Copying 0 resource
2025-09-29 15:35:01,529 [Worker-130: Building] INFO  o.e.m.w.i.f.ResourceFilteringBuildParticipant - Changed resources require a complete clean of filtered resources of Ex0929_db
2025-09-29 15:35:01,529 [Worker-130: Building] INFO  o.e.m.w.i.f.ResourceFilteringBuildParticipant - Executing resource filtering for Ex0929_db
2025-09-29 15:35:01,530 [Worker-130: Building] WARN  o.e.m.c.i.embedder.EclipseLogger - Using platform encoding (MS949 actually) to copy filtered resources, i.e. build is platform dependent!
2025-09-29 15:36:33,514 [Worker-131: reload maven project] INFO  o.e.m.c.i.e.AbstractTransferListenerAdapter - Downloading https://repo.maven.apache.org/maven2/org/springframework/spring-jdbc/6.2.7/spring-jdbc-6.2.7.pom
2025-09-29 15:36:33,529 [Worker-131: reload maven project] INFO  o.e.m.c.i.e.AbstractTransferListenerAdapter - Downloaded https://repo.maven.apache.org/maven2/org/springframework/spring-jdbc/6.2.7/spring-jdbc-6.2.7.pom
2025-09-29 15:36:33,543 [Worker-131: reload maven project] INFO  o.e.m.c.i.e.AbstractTransferListenerAdapter - Downloading https://repo.maven.apache.org/maven2/org/springframework/spring-beans/6.2.7/spring-beans-6.2.7.pom
2025-09-29 15:36:33,558 [Worker-131: reload maven project] INFO  o.e.m.c.i.e.AbstractTransferListenerAdapter - Downloaded https://repo.maven.apache.org/maven2/org/springframework/spring-beans/6.2.7/spring-beans-6.2.7.pom
2025-09-29 15:36:33,565 [Worker-131: reload maven project] INFO  o.e.m.c.i.e.AbstractTransferListenerAdapter - Downloading https://repo.maven.apache.org/maven2/org/springframework/spring-core/6.2.7/spring-core-6.2.7.pom
2025-09-29 15:36:33,575 [Worker-131: reload maven project] INFO  o.e.m.c.i.e.AbstractTransferListenerAdapter - Downloaded https://repo.maven.apache.org/maven2/org/springframework/spring-core/6.2.7/spring-core-6.2.7.pom
2025-09-29 15:36:33,584 [Worker-132: Building] INFO  o.e.m.c.i.l.LifecycleMappingFactory - Using org.maven.ide.eclipse.wtp.WarLifecycleMapping lifecycle mapping for MavenProject: com.kh:db:1.0.0-BUILD-SNAPSHOT @ C:\12_Spring\work\Ex0929_db\pom.xml.
2025-09-29 15:36:33,591 [Worker-131: reload maven project] INFO  o.e.m.c.i.e.AbstractTransferListenerAdapter - Downloading https://repo.maven.apache.org/maven2/org/springframework/spring-jcl/6.2.7/spring-jcl-6.2.7.pom
2025-09-29 15:36:33,604 [Worker-131: reload maven project] INFO  o.e.m.c.i.e.AbstractTransferListenerAdapter - Downloaded https://repo.maven.apache.org/maven2/org/springframework/spring-jcl/6.2.7/spring-jcl-6.2.7.pom
2025-09-29 15:36:33,618 [Worker-131: reload maven project] INFO  o.e.m.c.i.e.AbstractTransferListenerAdapter - Downloading https://repo.maven.apache.org/maven2/org/springframework/spring-tx/6.2.7/spring-tx-6.2.7.pom
2025-09-29 15:36:33,651 [Worker-131: reload maven project] INFO  o.e.m.c.i.e.AbstractTransferListenerAdapter - Downloaded https://repo.maven.apache.org/maven2/org/springframework/spring-tx/6.2.7/spring-tx-6.2.7.pom
2025-09-29 15:36:33,662 [Worker-132: Building] INFO  o.e.m.c.i.e.AbstractTransferListenerAdapter - Downloading https://repo.maven.apache.org/maven2/org/springframework/spring-jcl/6.2.7/spring-jcl-6.2.7.pom
2025-09-29 15:36:33,662 [AetherRepositoryConnector-repo.maven.apache.org-6-1] INFO  o.e.m.c.i.e.AbstractTransferListenerAdapter - Downloading https://repo.maven.apache.org/maven2/org/springframework/spring-tx/6.2.7/spring-tx-6.2.7.jar
2025-09-29 15:36:33,671 [AetherRepositoryConnector-repo.maven.apache.org-6-0] INFO  o.e.m.c.i.e.AbstractTransferListenerAdapter - Downloading https://repo.maven.apache.org/maven2/org/springframework/spring-jdbc/6.2.7/spring-jdbc-6.2.7.jar
2025-09-29 15:36:33,673 [Worker-132: Building] INFO  o.e.m.c.i.e.AbstractTransferListenerAdapter - Downloaded https://repo.maven.apache.org/maven2/org/springframework/spring-jcl/6.2.7/spring-jcl-6.2.7.pom
2025-09-29 15:36:33,685 [AetherRepositoryConnector-repo.maven.apache.org-6-1] INFO  o.e.m.c.i.e.AbstractTransferListenerAdapter - Downloaded https://repo.maven.apache.org/maven2/org/springframework/spring-tx/6.2.7/spring-tx-6.2.7.jar
2025-09-29 15:36:33,685 [AetherRepositoryConnector-repo.maven.apache.org-7-0] INFO  o.e.m.c.i.e.AbstractTransferListenerAdapter - Downloading https://repo.maven.apache.org/maven2/org/springframework/spring-jdbc/6.2.7/spring-jdbc-6.2.7.jar
2025-09-29 15:36:33,689 [AetherRepositoryConnector-repo.maven.apache.org-6-0] INFO  o.e.m.c.i.e.AbstractTransferListenerAdapter - Downloaded https://repo.maven.apache.org/maven2/org/springframework/spring-jdbc/6.2.7/spring-jdbc-6.2.7.jar
2025-09-29 15:36:33,703 [AetherRepositoryConnector-repo.maven.apache.org-7-1] INFO  o.e.m.c.i.e.AbstractTransferListenerAdapter - Downloading https://repo.maven.apache.org/maven2/org/springframework/spring-tx/6.2.7/spring-tx-6.2.7.jar
2025-09-29 15:36:33,790 [AetherRepositoryConnector-repo.maven.apache.org-7-0] INFO  o.e.m.c.i.e.AbstractTransferListenerAdapter - Downloaded https://repo.maven.apache.org/maven2/org/springframework/spring-jdbc/6.2.7/spring-jdbc-6.2.7.jar
2025-09-29 15:36:33,795 [AetherRepositoryConnector-repo.maven.apache.org-7-1] INFO  o.e.m.c.i.e.AbstractTransferListenerAdapter - Downloaded https://repo.maven.apache.org/maven2/org/springframework/spring-tx/6.2.7/spring-tx-6.2.7.jar
2025-09-29 15:36:34,066 [Worker-132: Building] WARN  o.e.m.c.i.embedder.EclipseLogger - Using platform encoding (MS949 actually) to copy filtered resources, i.e. build is platform dependent!
2025-09-29 15:36:34,066 [Worker-132: Building] INFO  o.e.m.c.i.embedder.EclipseLogger - Copying 0 resource
2025-09-29 15:36:34,067 [Worker-132: Building] WARN  o.e.m.c.i.embedder.EclipseLogger - Using platform encoding (MS949 actually) to copy filtered resources, i.e. build is platform dependent!
2025-09-29 15:36:34,067 [Worker-132: Building] INFO  o.e.m.c.i.embedder.EclipseLogger - Copying 0 resource
2025-09-29 15:36:34,067 [Worker-132: Building] INFO  o.e.m.w.i.f.ResourceFilteringBuildParticipant - Changed resources require a complete clean of filtered resources of Ex0929_db
2025-09-29 15:36:34,067 [Worker-132: Building] INFO  o.e.m.w.i.f.ResourceFilteringBuildParticipant - Executing resource filtering for Ex0929_db
2025-09-29 15:36:34,068 [Worker-132: Building] WARN  o.e.m.c.i.embedder.EclipseLogger - Using platform encoding (MS949 actually) to copy filtered resources, i.e. build is platform dependent!
2025-09-29 15:36:35,142 [Worker-120: Download sources and javadoc] INFO  o.e.m.c.i.e.AbstractTransferListenerAdapter - Downloading https://repo.maven.apache.org/maven2/org/springframework/spring-jdbc/6.2.7/spring-jdbc-6.2.7-sources.jar
2025-09-29 15:36:35,164 [Worker-120: Download sources and javadoc] INFO  o.e.m.c.i.e.AbstractTransferListenerAdapter - Downloaded https://repo.maven.apache.org/maven2/org/springframework/spring-jdbc/6.2.7/spring-jdbc-6.2.7-sources.jar
2025-09-29 15:36:35,246 [Worker-120: Download sources and javadoc] INFO  o.e.m.j.internal.DownloadSourcesJob - Downloaded sources for org.springframework:spring-jdbc:6.2.7
2025-09-29 15:36:35,280 [Worker-120: Download sources and javadoc] INFO  o.e.m.c.i.e.AbstractTransferListenerAdapter - Downloading https://repo.maven.apache.org/maven2/org/springframework/spring-tx/6.2.7/spring-tx-6.2.7-sources.jar
2025-09-29 15:36:35,294 [Worker-131: Building] WARN  o.e.m.c.i.embedder.EclipseLogger - Using platform encoding (MS949 actually) to copy filtered resources, i.e. build is platform dependent!
2025-09-29 15:36:35,295 [Worker-131: Building] INFO  o.e.m.c.i.embedder.EclipseLogger - Copying 8 resources
2025-09-29 15:36:35,302 [Worker-131: Building] WARN  o.e.m.c.i.embedder.EclipseLogger - Using platform encoding (MS949 actually) to copy filtered resources, i.e. build is platform dependent!
2025-09-29 15:36:35,303 [Worker-131: Building] INFO  o.e.m.c.i.embedder.EclipseLogger - Copying 1 resource
2025-09-29 15:36:35,304 [Worker-120: Download sources and javadoc] INFO  o.e.m.c.i.e.AbstractTransferListenerAdapter - Downloaded https://repo.maven.apache.org/maven2/org/springframework/spring-tx/6.2.7/spring-tx-6.2.7-sources.jar
2025-09-29 15:36:35,383 [Worker-120: Download sources and javadoc] INFO  o.e.m.j.internal.DownloadSourcesJob - Downloaded sources for org.springframework:spring-tx:6.2.7
2025-09-29 15:36:35,515 [Worker-131: Building] WARN  o.e.m.c.i.embedder.EclipseLogger - Using platform encoding (MS949 actually) to copy filtered resources, i.e. build is platform dependent!
2025-09-29 15:36:35,516 [Worker-131: Building] INFO  o.e.m.c.i.embedder.EclipseLogger - Copying 0 resource
2025-09-29 15:36:35,517 [Worker-131: Building] WARN  o.e.m.c.i.embedder.EclipseLogger - Using platform encoding (MS949 actually) to copy filtered resources, i.e. build is platform dependent!
2025-09-29 15:36:35,517 [Worker-131: Building] INFO  o.e.m.c.i.embedder.EclipseLogger - Copying 0 resource
2025-09-29 15:36:36,597 [Worker-131: Building] INFO  o.e.m.c.i.l.LifecycleMappingFactory - Using org.maven.ide.eclipse.wtp.WarLifecycleMapping lifecycle mapping for MavenProject: com.kh:db:1.0.0-BUILD-SNAPSHOT @ C:\12_Spring\work\Ex0929_db\pom.xml.
2025-09-29 15:36:36,639 [Worker-131: Building] INFO  o.e.m.c.i.e.AbstractTransferListenerAdapter - Downloaded https://repo.maven.apache.org/maven2/org/springframework/spring-jdbc/3.2.2/spring-jdbc-3.2.2.pom
2025-09-29 15:36:36,640 [Worker-131: Building] WARN  o.e.m.c.i.embedder.EclipseLogger - The POM for org.springframework:spring-jdbc:jar:3.2.2 is missing, no dependency information available
2025-09-29 15:36:36,651 [Worker-131: Building] INFO  o.e.m.c.i.e.AbstractTransferListenerAdapter - Downloaded https://repo.maven.apache.org/maven2/org/springframework/spring-jdbc/3.2.2/spring-jdbc-3.2.2.jar
2025-09-29 15:36:36,678 [Worker-131: Building] WARN  o.e.m.c.i.embedder.EclipseLogger - The POM for org.springframework:spring-jdbc:jar:3.2.2 is missing, no dependency information available
2025-09-29 15:36:36,775 [Worker-131: Building] WARN  o.e.m.c.i.embedder.EclipseLogger - Using platform encoding (MS949 actually) to copy filtered resources, i.e. build is platform dependent!
2025-09-29 15:36:36,776 [Worker-131: Building] INFO  o.e.m.c.i.embedder.EclipseLogger - Copying 0 resource
2025-09-29 15:36:36,776 [Worker-131: Building] WARN  o.e.m.c.i.embedder.EclipseLogger - Using platform encoding (MS949 actually) to copy filtered resources, i.e. build is platform dependent!
2025-09-29 15:36:36,777 [Worker-131: Building] INFO  o.e.m.c.i.embedder.EclipseLogger - Copying 0 resource
2025-09-29 15:36:36,777 [Worker-131: Building] INFO  o.e.m.w.i.f.ResourceFilteringBuildParticipant - Changed resources require a complete clean of filtered resources of Ex0929_db
2025-09-29 15:36:36,777 [Worker-131: Building] INFO  o.e.m.w.i.f.ResourceFilteringBuildParticipant - Executing resource filtering for Ex0929_db
2025-09-29 15:36:36,778 [Worker-131: Building] WARN  o.e.m.c.i.embedder.EclipseLogger - Using platform encoding (MS949 actually) to copy filtered resources, i.e. build is platform dependent!
2025-09-29 15:36:37,845 [Worker-132: Download sources and javadoc] WARN  o.e.m.c.i.embedder.EclipseLogger - The POM for org.springframework:spring-jdbc:jar:3.2.2 is missing, no dependency information available
2025-09-29 15:36:37,874 [Worker-132: Download sources and javadoc] INFO  o.e.m.c.i.e.AbstractTransferListenerAdapter - Downloaded https://repo.maven.apache.org/maven2/org/springframework/spring-jdbc/3.2.2/spring-jdbc-3.2.2-sources.jar
2025-09-29 15:36:37,876 [Worker-132: Download sources and javadoc] ERROR o.e.m.j.internal.DownloadSourcesJob - Could not download sources for org.springframework:spring-jdbc:3.2.2
org.eclipse.core.runtime.CoreException: Could not resolve artifact org.springframework:spring-jdbc:jar:sources:3.2.2
	at org.eclipse.m2e.core.internal.embedder.MavenImpl.lambda$4(MavenImpl.java:804)
	at org.eclipse.m2e.core.internal.embedder.MavenExecutionContext.executeBare(MavenExecutionContext.java:179)
	at org.eclipse.m2e.core.internal.embedder.MavenExecutionContext.execute(MavenExecutionContext.java:114)
	at org.eclipse.m2e.core.internal.embedder.MavenExecutionContext.execute(MavenExecutionContext.java:101)
	at org.eclipse.m2e.core.internal.embedder.MavenImpl.resolve(MavenImpl.java:772)
	at org.eclipse.m2e.core.internal.embedder.MavenImpl.resolve(MavenImpl.java:749)
	at org.eclipse.m2e.jdt.internal.DownloadSourcesJob.download(DownloadSourcesJob.java:330)
	at org.eclipse.m2e.jdt.internal.DownloadSourcesJob.downloadAttachments(DownloadSourcesJob.java:304)
	at org.eclipse.m2e.jdt.internal.DownloadSourcesJob.downloadMaven(DownloadSourcesJob.java:269)
	at org.eclipse.m2e.jdt.internal.DownloadSourcesJob.downloadFilesAndPopulateToUpdate(DownloadSourcesJob.java:233)
	at org.eclipse.m2e.jdt.internal.DownloadSourcesJob.lambda$0(DownloadSourcesJob.java:161)
	at org.eclipse.m2e.core.internal.embedder.MavenExecutionContext.executeBare(MavenExecutionContext.java:179)
	at org.eclipse.m2e.core.internal.embedder.MavenExecutionContext.execute(MavenExecutionContext.java:153)
	at org.eclipse.m2e.core.internal.embedder.MavenExecutionContext.execute(MavenExecutionContext.java:101)
	at org.eclipse.m2e.core.internal.embedder.MavenImpl.execute(MavenImpl.java:1374)
	at org.eclipse.m2e.jdt.internal.DownloadSourcesJob.run(DownloadSourcesJob.java:161)
	at org.eclipse.core.internal.jobs.Worker.run(Worker.java:63)
2025-09-29 15:36:54,935 [Worker-133: Building] INFO  o.e.m.c.i.l.LifecycleMappingFactory - Using org.maven.ide.eclipse.wtp.WarLifecycleMapping lifecycle mapping for MavenProject: com.kh:db:1.0.0-BUILD-SNAPSHOT @ C:\12_Spring\work\Ex0929_db\pom.xml.
2025-09-29 15:36:54,951 [Worker-133: Building] WARN  o.e.m.c.i.embedder.EclipseLogger - The POM for org.springframework:spring-jdbc:jar:3.2.2 is missing, no dependency information available
2025-09-29 15:36:55,038 [Worker-133: Building] WARN  o.e.m.c.i.embedder.EclipseLogger - Using platform encoding (MS949 actually) to copy filtered resources, i.e. build is platform dependent!
2025-09-29 15:36:55,038 [Worker-133: Building] INFO  o.e.m.c.i.embedder.EclipseLogger - Copying 0 resource
2025-09-29 15:36:55,039 [Worker-133: Building] WARN  o.e.m.c.i.embedder.EclipseLogger - Using platform encoding (MS949 actually) to copy filtered resources, i.e. build is platform dependent!
2025-09-29 15:36:55,039 [Worker-133: Building] INFO  o.e.m.c.i.embedder.EclipseLogger - Copying 0 resource
2025-09-29 15:36:55,039 [Worker-133: Building] INFO  o.e.m.w.i.f.ResourceFilteringBuildParticipant - Changed resources require a complete clean of filtered resources of Ex0929_db
2025-09-29 15:36:55,039 [Worker-133: Building] INFO  o.e.m.w.i.f.ResourceFilteringBuildParticipant - Executing resource filtering for Ex0929_db
2025-09-29 15:36:55,040 [Worker-133: Building] WARN  o.e.m.c.i.embedder.EclipseLogger - Using platform encoding (MS949 actually) to copy filtered resources, i.e. build is platform dependent!
2025-09-29 15:36:56,104 [Worker-120: Download sources and javadoc] WARN  o.e.m.c.i.embedder.EclipseLogger - The POM for org.springframework:spring-jdbc:jar:3.2.2 is missing, no dependency information available
2025-09-29 15:36:56,122 [Worker-120: Download sources and javadoc] INFO  o.e.m.c.i.e.AbstractTransferListenerAdapter - Downloaded https://repo.maven.apache.org/maven2/org/springframework/spring-jdbc/3.2.2/spring-jdbc-3.2.2-javadoc.jar
2025-09-29 15:36:56,124 [Worker-120: Download sources and javadoc] ERROR o.e.m.j.internal.DownloadSourcesJob - Could not download javadoc for org.springframework:spring-jdbc:3.2.2
org.eclipse.core.runtime.CoreException: Could not resolve artifact org.springframework:spring-jdbc:jar:javadoc:3.2.2
	at org.eclipse.m2e.core.internal.embedder.MavenImpl.lambda$4(MavenImpl.java:804)
	at org.eclipse.m2e.core.internal.embedder.MavenExecutionContext.executeBare(MavenExecutionContext.java:179)
	at org.eclipse.m2e.core.internal.embedder.MavenExecutionContext.execute(MavenExecutionContext.java:114)
	at org.eclipse.m2e.core.internal.embedder.MavenExecutionContext.execute(MavenExecutionContext.java:101)
	at org.eclipse.m2e.core.internal.embedder.MavenImpl.resolve(MavenImpl.java:772)
	at org.eclipse.m2e.core.internal.embedder.MavenImpl.resolve(MavenImpl.java:749)
	at org.eclipse.m2e.jdt.internal.DownloadSourcesJob.download(DownloadSourcesJob.java:330)
	at org.eclipse.m2e.jdt.internal.DownloadSourcesJob.downloadAttachments(DownloadSourcesJob.java:316)
	at org.eclipse.m2e.jdt.internal.DownloadSourcesJob.downloadMaven(DownloadSourcesJob.java:269)
	at org.eclipse.m2e.jdt.internal.DownloadSourcesJob.downloadFilesAndPopulateToUpdate(DownloadSourcesJob.java:233)
	at org.eclipse.m2e.jdt.internal.DownloadSourcesJob.lambda$0(DownloadSourcesJob.java:161)
	at org.eclipse.m2e.core.internal.embedder.MavenExecutionContext.executeBare(MavenExecutionContext.java:179)
	at org.eclipse.m2e.core.internal.embedder.MavenExecutionContext.execute(MavenExecutionContext.java:153)
	at org.eclipse.m2e.core.internal.embedder.MavenExecutionContext.execute(MavenExecutionContext.java:101)
	at org.eclipse.m2e.core.internal.embedder.MavenImpl.execute(MavenImpl.java:1374)
	at org.eclipse.m2e.jdt.internal.DownloadSourcesJob.run(DownloadSourcesJob.java:161)
	at org.eclipse.core.internal.jobs.Worker.run(Worker.java:63)
2025-09-29 15:37:44,580 [Worker-134: Building] INFO  o.e.m.c.i.l.LifecycleMappingFactory - Using org.maven.ide.eclipse.wtp.WarLifecycleMapping lifecycle mapping for MavenProject: com.kh:db:1.0.0-BUILD-SNAPSHOT @ C:\12_Spring\work\Ex0929_db\pom.xml.
2025-09-29 15:37:44,612 [Worker-134: Building] INFO  o.e.m.c.i.e.AbstractTransferListenerAdapter - Downloading https://repo.maven.apache.org/maven2/org/springframework/spring-jdbc/6.2.10/spring-jdbc-6.2.10.pom
2025-09-29 15:37:44,620 [Worker-134: Building] INFO  o.e.m.c.i.e.AbstractTransferListenerAdapter - Downloaded https://repo.maven.apache.org/maven2/org/springframework/spring-jdbc/6.2.10/spring-jdbc-6.2.10.pom
2025-09-29 15:37:44,626 [Worker-134: Building] INFO  o.e.m.c.i.e.AbstractTransferListenerAdapter - Downloading https://repo.maven.apache.org/maven2/org/springframework/spring-beans/6.2.10/spring-beans-6.2.10.pom
2025-09-29 15:37:44,631 [Worker-134: Building] INFO  o.e.m.c.i.e.AbstractTransferListenerAdapter - Downloaded https://repo.maven.apache.org/maven2/org/springframework/spring-beans/6.2.10/spring-beans-6.2.10.pom
2025-09-29 15:37:44,637 [Worker-134: Building] INFO  o.e.m.c.i.e.AbstractTransferListenerAdapter - Downloading https://repo.maven.apache.org/maven2/org/springframework/spring-core/6.2.10/spring-core-6.2.10.pom
2025-09-29 15:37:44,645 [Worker-134: Building] INFO  o.e.m.c.i.e.AbstractTransferListenerAdapter - Downloaded https://repo.maven.apache.org/maven2/org/springframework/spring-core/6.2.10/spring-core-6.2.10.pom
2025-09-29 15:37:44,652 [Worker-134: Building] INFO  o.e.m.c.i.e.AbstractTransferListenerAdapter - Downloading https://repo.maven.apache.org/maven2/org/springframework/spring-jcl/6.2.10/spring-jcl-6.2.10.pom
2025-09-29 15:37:44,659 [Worker-134: Building] INFO  o.e.m.c.i.e.AbstractTransferListenerAdapter - Downloaded https://repo.maven.apache.org/maven2/org/springframework/spring-jcl/6.2.10/spring-jcl-6.2.10.pom
2025-09-29 15:37:44,664 [Worker-134: Building] INFO  o.e.m.c.i.e.AbstractTransferListenerAdapter - Downloading https://repo.maven.apache.org/maven2/org/springframework/spring-tx/6.2.10/spring-tx-6.2.10.pom
2025-09-29 15:37:44,673 [Worker-134: Building] INFO  o.e.m.c.i.e.AbstractTransferListenerAdapter - Downloaded https://repo.maven.apache.org/maven2/org/springframework/spring-tx/6.2.10/spring-tx-6.2.10.pom
2025-09-29 15:37:44,682 [AetherRepositoryConnector-repo.maven.apache.org-8-0] INFO  o.e.m.c.i.e.AbstractTransferListenerAdapter - Downloading https://repo.maven.apache.org/maven2/org/springframework/spring-jdbc/6.2.10/spring-jdbc-6.2.10.jar
2025-09-29 15:37:44,682 [AetherRepositoryConnector-repo.maven.apache.org-8-1] INFO  o.e.m.c.i.e.AbstractTransferListenerAdapter - Downloading https://repo.maven.apache.org/maven2/org/springframework/spring-tx/6.2.10/spring-tx-6.2.10.jar
2025-09-29 15:37:44,703 [AetherRepositoryConnector-repo.maven.apache.org-8-1] INFO  o.e.m.c.i.e.AbstractTransferListenerAdapter - Downloaded https://repo.maven.apache.org/maven2/org/springframework/spring-tx/6.2.10/spring-tx-6.2.10.jar
2025-09-29 15:37:44,703 [AetherRepositoryConnector-repo.maven.apache.org-8-0] INFO  o.e.m.c.i.e.AbstractTransferListenerAdapter - Downloaded https://repo.maven.apache.org/maven2/org/springframework/spring-jdbc/6.2.10/spring-jdbc-6.2.10.jar
2025-09-29 15:37:45,040 [Worker-134: Building] WARN  o.e.m.c.i.embedder.EclipseLogger - Using platform encoding (MS949 actually) to copy filtered resources, i.e. build is platform dependent!
2025-09-29 15:37:45,041 [Worker-134: Building] INFO  o.e.m.c.i.embedder.EclipseLogger - Copying 0 resource
2025-09-29 15:37:45,041 [Worker-134: Building] WARN  o.e.m.c.i.embedder.EclipseLogger - Using platform encoding (MS949 actually) to copy filtered resources, i.e. build is platform dependent!
2025-09-29 15:37:45,041 [Worker-134: Building] INFO  o.e.m.c.i.embedder.EclipseLogger - Copying 0 resource
2025-09-29 15:37:45,041 [Worker-134: Building] INFO  o.e.m.w.i.f.ResourceFilteringBuildParticipant - Changed resources require a complete clean of filtered resources of Ex0929_db
2025-09-29 15:37:45,041 [Worker-134: Building] INFO  o.e.m.w.i.f.ResourceFilteringBuildParticipant - Executing resource filtering for Ex0929_db
2025-09-29 15:37:45,043 [Worker-134: Building] WARN  o.e.m.c.i.embedder.EclipseLogger - Using platform encoding (MS949 actually) to copy filtered resources, i.e. build is platform dependent!
2025-09-29 15:37:46,240 [Worker-120: Building] WARN  o.e.m.c.i.embedder.EclipseLogger - Using platform encoding (MS949 actually) to copy filtered resources, i.e. build is platform dependent!
2025-09-29 15:37:46,241 [Worker-120: Building] INFO  o.e.m.c.i.embedder.EclipseLogger - Copying 8 resources
2025-09-29 15:37:46,248 [Worker-120: Building] WARN  o.e.m.c.i.embedder.EclipseLogger - Using platform encoding (MS949 actually) to copy filtered resources, i.e. build is platform dependent!
2025-09-29 15:37:46,248 [Worker-120: Building] INFO  o.e.m.c.i.embedder.EclipseLogger - Copying 1 resource
2025-09-29 15:37:46,290 [Worker-133: Download sources and javadoc] INFO  o.e.m.c.i.e.AbstractTransferListenerAdapter - Downloading https://repo.maven.apache.org/maven2/org/springframework/spring-jdbc/6.2.10/spring-jdbc-6.2.10-sources.jar
2025-09-29 15:37:46,312 [Worker-133: Download sources and javadoc] INFO  o.e.m.c.i.e.AbstractTransferListenerAdapter - Downloaded https://repo.maven.apache.org/maven2/org/springframework/spring-jdbc/6.2.10/spring-jdbc-6.2.10-sources.jar
2025-09-29 15:37:46,374 [Worker-133: Download sources and javadoc] INFO  o.e.m.j.internal.DownloadSourcesJob - Downloaded sources for org.springframework:spring-jdbc:6.2.10
2025-09-29 15:37:46,390 [Worker-133: Download sources and javadoc] INFO  o.e.m.c.i.e.AbstractTransferListenerAdapter - Downloading https://repo.maven.apache.org/maven2/org/springframework/spring-tx/6.2.10/spring-tx-6.2.10-sources.jar
2025-09-29 15:37:46,407 [Worker-133: Download sources and javadoc] INFO  o.e.m.c.i.e.AbstractTransferListenerAdapter - Downloaded https://repo.maven.apache.org/maven2/org/springframework/spring-tx/6.2.10/spring-tx-6.2.10-sources.jar
2025-09-29 15:37:46,466 [Worker-133: Download sources and javadoc] INFO  o.e.m.j.internal.DownloadSourcesJob - Downloaded sources for org.springframework:spring-tx:6.2.10
2025-09-29 15:37:47,428 [Worker-136: Building] WARN  o.e.m.c.i.embedder.EclipseLogger - Using platform encoding (MS949 actually) to copy filtered resources, i.e. build is platform dependent!
2025-09-29 15:37:47,429 [Worker-136: Building] INFO  o.e.m.c.i.embedder.EclipseLogger - Copying 0 resource
2025-09-29 15:37:47,429 [Worker-136: Building] WARN  o.e.m.c.i.embedder.EclipseLogger - Using platform encoding (MS949 actually) to copy filtered resources, i.e. build is platform dependent!
2025-09-29 15:37:47,430 [Worker-136: Building] INFO  o.e.m.c.i.embedder.EclipseLogger - Copying 0 resource
2025-09-29 15:38:52,649 [Worker-131: Building] WARN  o.e.m.c.i.embedder.EclipseLogger - Using platform encoding (MS949 actually) to copy filtered resources, i.e. build is platform dependent!
2025-09-29 15:38:52,650 [Worker-131: Building] INFO  o.e.m.c.i.embedder.EclipseLogger - Copying 1 resource
2025-09-29 15:38:52,651 [Worker-131: Building] WARN  o.e.m.c.i.embedder.EclipseLogger - Using platform encoding (MS949 actually) to copy filtered resources, i.e. build is platform dependent!
2025-09-29 15:38:52,651 [Worker-131: Building] INFO  o.e.m.c.i.embedder.EclipseLogger - Copying 0 resource
2025-09-29 15:39:40,957 [Worker-120: Building] WARN  o.e.m.c.i.embedder.EclipseLogger - Using platform encoding (MS949 actually) to copy filtered resources, i.e. build is platform dependent!
2025-09-29 15:39:40,957 [Worker-120: Building] INFO  o.e.m.c.i.embedder.EclipseLogger - Copying 1 resource
2025-09-29 15:39:40,959 [Worker-120: Building] WARN  o.e.m.c.i.embedder.EclipseLogger - Using platform encoding (MS949 actually) to copy filtered resources, i.e. build is platform dependent!
2025-09-29 15:39:40,959 [Worker-120: Building] INFO  o.e.m.c.i.embedder.EclipseLogger - Copying 0 resource
2025-09-29 15:40:41,418 [Worker-136: Building] WARN  o.e.m.c.i.embedder.EclipseLogger - Using platform encoding (MS949 actually) to copy filtered resources, i.e. build is platform dependent!
2025-09-29 15:40:41,419 [Worker-136: Building] INFO  o.e.m.c.i.embedder.EclipseLogger - Copying 1 resource
2025-09-29 15:40:41,420 [Worker-136: Building] WARN  o.e.m.c.i.embedder.EclipseLogger - Using platform encoding (MS949 actually) to copy filtered resources, i.e. build is platform dependent!
2025-09-29 15:40:41,420 [Worker-136: Building] INFO  o.e.m.c.i.embedder.EclipseLogger - Copying 0 resource
2025-09-29 15:41:53,511 [Worker-136: Building] WARN  o.e.m.c.i.embedder.EclipseLogger - Using platform encoding (MS949 actually) to copy filtered resources, i.e. build is platform dependent!
2025-09-29 15:41:53,512 [Worker-136: Building] INFO  o.e.m.c.i.embedder.EclipseLogger - Copying 1 resource
2025-09-29 15:41:53,513 [Worker-136: Building] WARN  o.e.m.c.i.embedder.EclipseLogger - Using platform encoding (MS949 actually) to copy filtered resources, i.e. build is platform dependent!
2025-09-29 15:41:53,513 [Worker-136: Building] INFO  o.e.m.c.i.embedder.EclipseLogger - Copying 0 resource
2025-09-29 15:42:05,643 [Worker-135: Building] WARN  o.e.m.c.i.embedder.EclipseLogger - Using platform encoding (MS949 actually) to copy filtered resources, i.e. build is platform dependent!
2025-09-29 15:42:05,644 [Worker-135: Building] INFO  o.e.m.c.i.embedder.EclipseLogger - Copying 1 resource
2025-09-29 15:42:05,645 [Worker-135: Building] WARN  o.e.m.c.i.embedder.EclipseLogger - Using platform encoding (MS949 actually) to copy filtered resources, i.e. build is platform dependent!
2025-09-29 15:42:05,645 [Worker-135: Building] INFO  o.e.m.c.i.embedder.EclipseLogger - Copying 0 resource
2025-09-29 15:42:49,986 [Worker-136: Building] WARN  o.e.m.c.i.embedder.EclipseLogger - Using platform encoding (MS949 actually) to copy filtered resources, i.e. build is platform dependent!
2025-09-29 15:42:49,986 [Worker-136: Building] INFO  o.e.m.c.i.embedder.EclipseLogger - Copying 1 resource
2025-09-29 15:42:49,988 [Worker-136: Building] WARN  o.e.m.c.i.embedder.EclipseLogger - Using platform encoding (MS949 actually) to copy filtered resources, i.e. build is platform dependent!
2025-09-29 15:42:49,988 [Worker-136: Building] INFO  o.e.m.c.i.embedder.EclipseLogger - Copying 0 resource
2025-09-29 15:42:53,834 [Worker-134: Building] WARN  o.e.m.c.i.embedder.EclipseLogger - Using platform encoding (MS949 actually) to copy filtered resources, i.e. build is platform dependent!
2025-09-29 15:42:53,835 [Worker-134: Building] INFO  o.e.m.c.i.embedder.EclipseLogger - Copying 1 resource
2025-09-29 15:42:53,836 [Worker-134: Building] WARN  o.e.m.c.i.embedder.EclipseLogger - Using platform encoding (MS949 actually) to copy filtered resources, i.e. build is platform dependent!
2025-09-29 15:42:53,836 [Worker-134: Building] INFO  o.e.m.c.i.embedder.EclipseLogger - Copying 0 resource
2025-09-29 15:42:58,311 [Worker-131: Building] WARN  o.e.m.c.i.embedder.EclipseLogger - Using platform encoding (MS949 actually) to copy filtered resources, i.e. build is platform dependent!
2025-09-29 15:42:58,312 [Worker-131: Building] INFO  o.e.m.c.i.embedder.EclipseLogger - Copying 1 resource
2025-09-29 15:42:58,313 [Worker-131: Building] WARN  o.e.m.c.i.embedder.EclipseLogger - Using platform encoding (MS949 actually) to copy filtered resources, i.e. build is platform dependent!
2025-09-29 15:42:58,313 [Worker-131: Building] INFO  o.e.m.c.i.embedder.EclipseLogger - Copying 0 resource
2025-09-29 15:43:19,341 [Worker-131: Building] WARN  o.e.m.c.i.embedder.EclipseLogger - Using platform encoding (MS949 actually) to copy filtered resources, i.e. build is platform dependent!
2025-09-29 15:43:19,342 [Worker-131: Building] INFO  o.e.m.c.i.embedder.EclipseLogger - Copying 1 resource
2025-09-29 15:43:19,343 [Worker-131: Building] WARN  o.e.m.c.i.embedder.EclipseLogger - Using platform encoding (MS949 actually) to copy filtered resources, i.e. build is platform dependent!
2025-09-29 15:43:19,343 [Worker-131: Building] INFO  o.e.m.c.i.embedder.EclipseLogger - Copying 0 resource
2025-09-29 15:43:28,382 [Worker-131: Building] WARN  o.e.m.c.i.embedder.EclipseLogger - Using platform encoding (MS949 actually) to copy filtered resources, i.e. build is platform dependent!
2025-09-29 15:43:28,382 [Worker-131: Building] INFO  o.e.m.c.i.embedder.EclipseLogger - Copying 1 resource
2025-09-29 15:43:28,383 [Worker-131: Building] WARN  o.e.m.c.i.embedder.EclipseLogger - Using platform encoding (MS949 actually) to copy filtered resources, i.e. build is platform dependent!
2025-09-29 15:43:28,384 [Worker-131: Building] INFO  o.e.m.c.i.embedder.EclipseLogger - Copying 0 resource
2025-09-29 15:43:34,937 [Worker-136: Building] WARN  o.e.m.c.i.embedder.EclipseLogger - Using platform encoding (MS949 actually) to copy filtered resources, i.e. build is platform dependent!
2025-09-29 15:43:34,937 [Worker-136: Building] INFO  o.e.m.c.i.embedder.EclipseLogger - Copying 1 resource
2025-09-29 15:43:34,938 [Worker-136: Building] WARN  o.e.m.c.i.embedder.EclipseLogger - Using platform encoding (MS949 actually) to copy filtered resources, i.e. build is platform dependent!
2025-09-29 15:43:34,938 [Worker-136: Building] INFO  o.e.m.c.i.embedder.EclipseLogger - Copying 0 resource
2025-09-29 15:43:51,103 [Worker-135: Building] WARN  o.e.m.c.i.embedder.EclipseLogger - Using platform encoding (MS949 actually) to copy filtered resources, i.e. build is platform dependent!
2025-09-29 15:43:51,104 [Worker-135: Building] INFO  o.e.m.c.i.embedder.EclipseLogger - Copying 1 resource
2025-09-29 15:43:51,105 [Worker-135: Building] WARN  o.e.m.c.i.embedder.EclipseLogger - Using platform encoding (MS949 actually) to copy filtered resources, i.e. build is platform dependent!
2025-09-29 15:43:51,105 [Worker-135: Building] INFO  o.e.m.c.i.embedder.EclipseLogger - Copying 0 resource
2025-09-29 15:43:53,781 [Worker-134: Building] WARN  o.e.m.c.i.embedder.EclipseLogger - Using platform encoding (MS949 actually) to copy filtered resources, i.e. build is platform dependent!
2025-09-29 15:43:53,782 [Worker-134: Building] INFO  o.e.m.c.i.embedder.EclipseLogger - Copying 1 resource
2025-09-29 15:43:53,783 [Worker-134: Building] WARN  o.e.m.c.i.embedder.EclipseLogger - Using platform encoding (MS949 actually) to copy filtered resources, i.e. build is platform dependent!
2025-09-29 15:43:53,783 [Worker-134: Building] INFO  o.e.m.c.i.embedder.EclipseLogger - Copying 0 resource
2025-09-29 15:44:05,354 [Worker-134: Building] WARN  o.e.m.c.i.embedder.EclipseLogger - Using platform encoding (MS949 actually) to copy filtered resources, i.e. build is platform dependent!
2025-09-29 15:44:05,354 [Worker-134: Building] INFO  o.e.m.c.i.embedder.EclipseLogger - Copying 1 resource
2025-09-29 15:44:05,356 [Worker-134: Building] WARN  o.e.m.c.i.embedder.EclipseLogger - Using platform encoding (MS949 actually) to copy filtered resources, i.e. build is platform dependent!
2025-09-29 15:44:05,356 [Worker-134: Building] INFO  o.e.m.c.i.embedder.EclipseLogger - Copying 0 resource
2025-09-29 15:44:20,018 [Worker-135: Building] WARN  o.e.m.c.i.embedder.EclipseLogger - Using platform encoding (MS949 actually) to copy filtered resources, i.e. build is platform dependent!
2025-09-29 15:44:20,019 [Worker-135: Building] INFO  o.e.m.c.i.embedder.EclipseLogger - Copying 1 resource
2025-09-29 15:44:20,020 [Worker-135: Building] WARN  o.e.m.c.i.embedder.EclipseLogger - Using platform encoding (MS949 actually) to copy filtered resources, i.e. build is platform dependent!
2025-09-29 15:44:20,020 [Worker-135: Building] INFO  o.e.m.c.i.embedder.EclipseLogger - Copying 0 resource
2025-09-29 15:45:41,327 [Worker-134: Building] WARN  o.e.m.c.i.embedder.EclipseLogger - Using platform encoding (MS949 actually) to copy filtered resources, i.e. build is platform dependent!
2025-09-29 15:45:41,327 [Worker-134: Building] INFO  o.e.m.c.i.embedder.EclipseLogger - Copying 1 resource
2025-09-29 15:45:41,329 [Worker-134: Building] WARN  o.e.m.c.i.embedder.EclipseLogger - Using platform encoding (MS949 actually) to copy filtered resources, i.e. build is platform dependent!
2025-09-29 15:45:41,329 [Worker-134: Building] INFO  o.e.m.c.i.embedder.EclipseLogger - Copying 0 resource
2025-09-29 15:46:36,077 [Worker-136: Building] WARN  o.e.m.c.i.embedder.EclipseLogger - Using platform encoding (MS949 actually) to copy filtered resources, i.e. build is platform dependent!
2025-09-29 15:46:36,077 [Worker-136: Building] INFO  o.e.m.c.i.embedder.EclipseLogger - Copying 1 resource
2025-09-29 15:46:36,078 [Worker-136: Building] WARN  o.e.m.c.i.embedder.EclipseLogger - Using platform encoding (MS949 actually) to copy filtered resources, i.e. build is platform dependent!
2025-09-29 15:46:36,079 [Worker-136: Building] INFO  o.e.m.c.i.embedder.EclipseLogger - Copying 0 resource
2025-09-29 15:46:46,224 [Worker-139: Building] WARN  o.e.m.c.i.embedder.EclipseLogger - Using platform encoding (MS949 actually) to copy filtered resources, i.e. build is platform dependent!
2025-09-29 15:46:46,225 [Worker-139: Building] INFO  o.e.m.c.i.embedder.EclipseLogger - Copying 1 resource
2025-09-29 15:46:46,226 [Worker-139: Building] WARN  o.e.m.c.i.embedder.EclipseLogger - Using platform encoding (MS949 actually) to copy filtered resources, i.e. build is platform dependent!
2025-09-29 15:46:46,226 [Worker-139: Building] INFO  o.e.m.c.i.embedder.EclipseLogger - Copying 0 resource
2025-09-29 15:47:05,787 [Worker-134: Building] WARN  o.e.m.c.i.embedder.EclipseLogger - Using platform encoding (MS949 actually) to copy filtered resources, i.e. build is platform dependent!
2025-09-29 15:47:05,787 [Worker-134: Building] INFO  o.e.m.c.i.embedder.EclipseLogger - Copying 1 resource
2025-09-29 15:47:05,788 [Worker-134: Building] WARN  o.e.m.c.i.embedder.EclipseLogger - Using platform encoding (MS949 actually) to copy filtered resources, i.e. build is platform dependent!
2025-09-29 15:47:05,788 [Worker-134: Building] INFO  o.e.m.c.i.embedder.EclipseLogger - Copying 0 resource
2025-09-29 15:47:35,256 [Worker-134: Building] WARN  o.e.m.c.i.embedder.EclipseLogger - Using platform encoding (MS949 actually) to copy filtered resources, i.e. build is platform dependent!
2025-09-29 15:47:35,257 [Worker-134: Building] INFO  o.e.m.c.i.embedder.EclipseLogger - Copying 1 resource
2025-09-29 15:47:35,258 [Worker-134: Building] WARN  o.e.m.c.i.embedder.EclipseLogger - Using platform encoding (MS949 actually) to copy filtered resources, i.e. build is platform dependent!
2025-09-29 15:47:35,259 [Worker-134: Building] INFO  o.e.m.c.i.embedder.EclipseLogger - Copying 0 resource
2025-09-29 15:47:40,238 [Worker-134: Building] WARN  o.e.m.c.i.embedder.EclipseLogger - Using platform encoding (MS949 actually) to copy filtered resources, i.e. build is platform dependent!
2025-09-29 15:47:40,238 [Worker-134: Building] INFO  o.e.m.c.i.embedder.EclipseLogger - Copying 1 resource
2025-09-29 15:47:40,239 [Worker-134: Building] WARN  o.e.m.c.i.embedder.EclipseLogger - Using platform encoding (MS949 actually) to copy filtered resources, i.e. build is platform dependent!
2025-09-29 15:47:40,239 [Worker-134: Building] INFO  o.e.m.c.i.embedder.EclipseLogger - Copying 0 resource
2025-09-29 15:47:45,433 [Worker-131: Building] WARN  o.e.m.c.i.embedder.EclipseLogger - Using platform encoding (MS949 actually) to copy filtered resources, i.e. build is platform dependent!
2025-09-29 15:47:45,433 [Worker-131: Building] INFO  o.e.m.c.i.embedder.EclipseLogger - Copying 1 resource
2025-09-29 15:47:45,434 [Worker-131: Building] WARN  o.e.m.c.i.embedder.EclipseLogger - Using platform encoding (MS949 actually) to copy filtered resources, i.e. build is platform dependent!
2025-09-29 15:47:45,435 [Worker-131: Building] INFO  o.e.m.c.i.embedder.EclipseLogger - Copying 0 resource
2025-09-29 15:47:47,599 [Worker-132: Building] WARN  o.e.m.c.i.embedder.EclipseLogger - Using platform encoding (MS949 actually) to copy filtered resources, i.e. build is platform dependent!
2025-09-29 15:47:47,599 [Worker-132: Building] INFO  o.e.m.c.i.embedder.EclipseLogger - Copying 1 resource
2025-09-29 15:47:47,600 [Worker-132: Building] WARN  o.e.m.c.i.embedder.EclipseLogger - Using platform encoding (MS949 actually) to copy filtered resources, i.e. build is platform dependent!
2025-09-29 15:47:47,601 [Worker-132: Building] INFO  o.e.m.c.i.embedder.EclipseLogger - Copying 0 resource
2025-09-29 15:48:13,579 [Worker-134: Building] WARN  o.e.m.c.i.embedder.EclipseLogger - Using platform encoding (MS949 actually) to copy filtered resources, i.e. build is platform dependent!
2025-09-29 15:48:13,580 [Worker-134: Building] INFO  o.e.m.c.i.embedder.EclipseLogger - Copying 1 resource
2025-09-29 15:48:13,581 [Worker-134: Building] WARN  o.e.m.c.i.embedder.EclipseLogger - Using platform encoding (MS949 actually) to copy filtered resources, i.e. build is platform dependent!
2025-09-29 15:48:13,581 [Worker-134: Building] INFO  o.e.m.c.i.embedder.EclipseLogger - Copying 0 resource
2025-09-29 15:48:26,507 [Worker-138: Building] WARN  o.e.m.c.i.embedder.EclipseLogger - Using platform encoding (MS949 actually) to copy filtered resources, i.e. build is platform dependent!
2025-09-29 15:48:26,508 [Worker-138: Building] INFO  o.e.m.c.i.embedder.EclipseLogger - Copying 1 resource
2025-09-29 15:48:26,509 [Worker-138: Building] WARN  o.e.m.c.i.embedder.EclipseLogger - Using platform encoding (MS949 actually) to copy filtered resources, i.e. build is platform dependent!
2025-09-29 15:48:26,509 [Worker-138: Building] INFO  o.e.m.c.i.embedder.EclipseLogger - Copying 0 resource
2025-09-29 15:49:07,512 [Worker-139: Building] WARN  o.e.m.c.i.embedder.EclipseLogger - Using platform encoding (MS949 actually) to copy filtered resources, i.e. build is platform dependent!
2025-09-29 15:49:07,513 [Worker-139: Building] INFO  o.e.m.c.i.embedder.EclipseLogger - Copying 1 resource
2025-09-29 15:49:07,514 [Worker-139: Building] WARN  o.e.m.c.i.embedder.EclipseLogger - Using platform encoding (MS949 actually) to copy filtered resources, i.e. build is platform dependent!
2025-09-29 15:49:07,514 [Worker-139: Building] INFO  o.e.m.c.i.embedder.EclipseLogger - Copying 0 resource
2025-09-29 15:49:45,174 [Worker-136: Building] WARN  o.e.m.c.i.embedder.EclipseLogger - Using platform encoding (MS949 actually) to copy filtered resources, i.e. build is platform dependent!
2025-09-29 15:49:45,174 [Worker-136: Building] INFO  o.e.m.c.i.embedder.EclipseLogger - Copying 1 resource
2025-09-29 15:49:45,176 [Worker-136: Building] WARN  o.e.m.c.i.embedder.EclipseLogger - Using platform encoding (MS949 actually) to copy filtered resources, i.e. build is platform dependent!
2025-09-29 15:49:45,176 [Worker-136: Building] INFO  o.e.m.c.i.embedder.EclipseLogger - Copying 0 resource
2025-09-29 15:50:11,581 [Worker-131: Building] WARN  o.e.m.c.i.embedder.EclipseLogger - Using platform encoding (MS949 actually) to copy filtered resources, i.e. build is platform dependent!
2025-09-29 15:50:11,582 [Worker-131: Building] INFO  o.e.m.c.i.embedder.EclipseLogger - Copying 1 resource
2025-09-29 15:50:11,583 [Worker-131: Building] WARN  o.e.m.c.i.embedder.EclipseLogger - Using platform encoding (MS949 actually) to copy filtered resources, i.e. build is platform dependent!
2025-09-29 15:50:11,583 [Worker-131: Building] INFO  o.e.m.c.i.embedder.EclipseLogger - Copying 0 resource
2025-09-29 15:50:21,422 [Worker-131: Building] WARN  o.e.m.c.i.embedder.EclipseLogger - Using platform encoding (MS949 actually) to copy filtered resources, i.e. build is platform dependent!
2025-09-29 15:50:21,422 [Worker-131: Building] INFO  o.e.m.c.i.embedder.EclipseLogger - Copying 1 resource
2025-09-29 15:50:21,424 [Worker-131: Building] WARN  o.e.m.c.i.embedder.EclipseLogger - Using platform encoding (MS949 actually) to copy filtered resources, i.e. build is platform dependent!
2025-09-29 15:50:21,424 [Worker-131: Building] INFO  o.e.m.c.i.embedder.EclipseLogger - Copying 0 resource
2025-09-29 15:50:53,127 [Worker-131: Building] WARN  o.e.m.c.i.embedder.EclipseLogger - Using platform encoding (MS949 actually) to copy filtered resources, i.e. build is platform dependent!
2025-09-29 15:50:53,128 [Worker-131: Building] INFO  o.e.m.c.i.embedder.EclipseLogger - Copying 1 resource
2025-09-29 15:50:53,129 [Worker-131: Building] WARN  o.e.m.c.i.embedder.EclipseLogger - Using platform encoding (MS949 actually) to copy filtered resources, i.e. build is platform dependent!
2025-09-29 15:50:53,130 [Worker-131: Building] INFO  o.e.m.c.i.embedder.EclipseLogger - Copying 0 resource
2025-09-29 15:51:13,062 [Worker-132: Building] WARN  o.e.m.c.i.embedder.EclipseLogger - Using platform encoding (MS949 actually) to copy filtered resources, i.e. build is platform dependent!
2025-09-29 15:51:13,063 [Worker-132: Building] INFO  o.e.m.c.i.embedder.EclipseLogger - Copying 1 resource
2025-09-29 15:51:13,064 [Worker-132: Building] WARN  o.e.m.c.i.embedder.EclipseLogger - Using platform encoding (MS949 actually) to copy filtered resources, i.e. build is platform dependent!
2025-09-29 15:51:13,064 [Worker-132: Building] INFO  o.e.m.c.i.embedder.EclipseLogger - Copying 0 resource
2025-09-29 15:51:16,166 [Worker-132: Building] WARN  o.e.m.c.i.embedder.EclipseLogger - Using platform encoding (MS949 actually) to copy filtered resources, i.e. build is platform dependent!
2025-09-29 15:51:16,166 [Worker-132: Building] INFO  o.e.m.c.i.embedder.EclipseLogger - Copying 1 resource
2025-09-29 15:51:16,167 [Worker-132: Building] WARN  o.e.m.c.i.embedder.EclipseLogger - Using platform encoding (MS949 actually) to copy filtered resources, i.e. build is platform dependent!
2025-09-29 15:51:16,167 [Worker-132: Building] INFO  o.e.m.c.i.embedder.EclipseLogger - Copying 0 resource
2025-09-29 16:07:06,617 [Worker-145: Building] WARN  o.e.m.c.i.embedder.EclipseLogger - Using platform encoding (MS949 actually) to copy filtered resources, i.e. build is platform dependent!
2025-09-29 16:07:06,618 [Worker-145: Building] INFO  o.e.m.c.i.embedder.EclipseLogger - Copying 8 resources
2025-09-29 16:07:06,619 [Worker-145: Building] WARN  o.e.m.c.i.embedder.EclipseLogger - Using platform encoding (MS949 actually) to copy filtered resources, i.e. build is platform dependent!
2025-09-29 16:07:06,619 [Worker-145: Building] INFO  o.e.m.c.i.embedder.EclipseLogger - Copying 0 resource
2025-09-29 16:08:09,413 [Worker-146: Building] WARN  o.e.m.c.i.embedder.EclipseLogger - Using platform encoding (MS949 actually) to copy filtered resources, i.e. build is platform dependent!
2025-09-29 16:08:09,414 [Worker-146: Building] INFO  o.e.m.c.i.embedder.EclipseLogger - Copying 8 resources
2025-09-29 16:08:09,415 [Worker-146: Building] WARN  o.e.m.c.i.embedder.EclipseLogger - Using platform encoding (MS949 actually) to copy filtered resources, i.e. build is platform dependent!
2025-09-29 16:08:09,415 [Worker-146: Building] INFO  o.e.m.c.i.embedder.EclipseLogger - Copying 0 resource
2025-09-29 16:08:10,444 [Worker-146: Building] WARN  o.e.m.c.i.embedder.EclipseLogger - Using platform encoding (MS949 actually) to copy filtered resources, i.e. build is platform dependent!
2025-09-29 16:08:10,445 [Worker-146: Building] INFO  o.e.m.c.i.embedder.EclipseLogger - Copying 8 resources
2025-09-29 16:08:10,446 [Worker-146: Building] WARN  o.e.m.c.i.embedder.EclipseLogger - Using platform encoding (MS949 actually) to copy filtered resources, i.e. build is platform dependent!
2025-09-29 16:08:10,446 [Worker-146: Building] INFO  o.e.m.c.i.embedder.EclipseLogger - Copying 0 resource
2025-09-29 16:08:45,126 [Worker-143: Building] WARN  o.e.m.c.i.embedder.EclipseLogger - Using platform encoding (MS949 actually) to copy filtered resources, i.e. build is platform dependent!
2025-09-29 16:08:45,128 [Worker-143: Building] INFO  o.e.m.c.i.embedder.EclipseLogger - Copying 8 resources
2025-09-29 16:08:45,128 [Worker-143: Building] WARN  o.e.m.c.i.embedder.EclipseLogger - Using platform encoding (MS949 actually) to copy filtered resources, i.e. build is platform dependent!
2025-09-29 16:08:45,129 [Worker-143: Building] INFO  o.e.m.c.i.embedder.EclipseLogger - Copying 0 resource
2025-09-29 16:08:48,727 [Worker-144: Building] WARN  o.e.m.c.i.embedder.EclipseLogger - Using platform encoding (MS949 actually) to copy filtered resources, i.e. build is platform dependent!
2025-09-29 16:08:48,728 [Worker-144: Building] INFO  o.e.m.c.i.embedder.EclipseLogger - Copying 8 resources
2025-09-29 16:08:48,729 [Worker-144: Building] WARN  o.e.m.c.i.embedder.EclipseLogger - Using platform encoding (MS949 actually) to copy filtered resources, i.e. build is platform dependent!
2025-09-29 16:08:48,729 [Worker-144: Building] INFO  o.e.m.c.i.embedder.EclipseLogger - Copying 0 resource
2025-09-29 16:08:52,323 [Worker-143: Building] WARN  o.e.m.c.i.embedder.EclipseLogger - Using platform encoding (MS949 actually) to copy filtered resources, i.e. build is platform dependent!
2025-09-29 16:08:52,324 [Worker-143: Building] INFO  o.e.m.c.i.embedder.EclipseLogger - Copying 8 resources
2025-09-29 16:08:52,325 [Worker-143: Building] WARN  o.e.m.c.i.embedder.EclipseLogger - Using platform encoding (MS949 actually) to copy filtered resources, i.e. build is platform dependent!
2025-09-29 16:08:52,325 [Worker-143: Building] INFO  o.e.m.c.i.embedder.EclipseLogger - Copying 0 resource
2025-09-29 16:10:16,417 [Worker-148: Building] WARN  o.e.m.c.i.embedder.EclipseLogger - Using platform encoding (MS949 actually) to copy filtered resources, i.e. build is platform dependent!
2025-09-29 16:10:16,418 [Worker-148: Building] INFO  o.e.m.c.i.embedder.EclipseLogger - Copying 8 resources
2025-09-29 16:10:16,419 [Worker-148: Building] WARN  o.e.m.c.i.embedder.EclipseLogger - Using platform encoding (MS949 actually) to copy filtered resources, i.e. build is platform dependent!
2025-09-29 16:10:16,419 [Worker-148: Building] INFO  o.e.m.c.i.embedder.EclipseLogger - Copying 0 resource
2025-09-29 16:10:27,334 [Worker-143: Building] WARN  o.e.m.c.i.embedder.EclipseLogger - Using platform encoding (MS949 actually) to copy filtered resources, i.e. build is platform dependent!
2025-09-29 16:10:27,335 [Worker-143: Building] INFO  o.e.m.c.i.embedder.EclipseLogger - Copying 8 resources
2025-09-29 16:10:27,335 [Worker-143: Building] WARN  o.e.m.c.i.embedder.EclipseLogger - Using platform encoding (MS949 actually) to copy filtered resources, i.e. build is platform dependent!
2025-09-29 16:10:27,336 [Worker-143: Building] INFO  o.e.m.c.i.embedder.EclipseLogger - Copying 0 resource
2025-09-29 16:11:43,219 [Worker-145: Building] WARN  o.e.m.c.i.embedder.EclipseLogger - Using platform encoding (MS949 actually) to copy filtered resources, i.e. build is platform dependent!
2025-09-29 16:11:43,221 [Worker-145: Building] INFO  o.e.m.c.i.embedder.EclipseLogger - Copying 8 resources
2025-09-29 16:11:43,221 [Worker-145: Building] WARN  o.e.m.c.i.embedder.EclipseLogger - Using platform encoding (MS949 actually) to copy filtered resources, i.e. build is platform dependent!
2025-09-29 16:11:43,222 [Worker-145: Building] INFO  o.e.m.c.i.embedder.EclipseLogger - Copying 0 resource
2025-09-29 16:12:21,306 [Worker-151: Building] WARN  o.e.m.c.i.embedder.EclipseLogger - Using platform encoding (MS949 actually) to copy filtered resources, i.e. build is platform dependent!
2025-09-29 16:12:21,308 [Worker-151: Building] INFO  o.e.m.c.i.embedder.EclipseLogger - Copying 8 resources
2025-09-29 16:12:21,308 [Worker-151: Building] WARN  o.e.m.c.i.embedder.EclipseLogger - Using platform encoding (MS949 actually) to copy filtered resources, i.e. build is platform dependent!
2025-09-29 16:12:21,309 [Worker-151: Building] INFO  o.e.m.c.i.embedder.EclipseLogger - Copying 0 resource
2025-09-29 16:13:16,697 [Worker-145: Building] WARN  o.e.m.c.i.embedder.EclipseLogger - Using platform encoding (MS949 actually) to copy filtered resources, i.e. build is platform dependent!
2025-09-29 16:13:16,698 [Worker-145: Building] INFO  o.e.m.c.i.embedder.EclipseLogger - Copying 8 resources
2025-09-29 16:13:16,699 [Worker-145: Building] WARN  o.e.m.c.i.embedder.EclipseLogger - Using platform encoding (MS949 actually) to copy filtered resources, i.e. build is platform dependent!
2025-09-29 16:13:16,699 [Worker-145: Building] INFO  o.e.m.c.i.embedder.EclipseLogger - Copying 0 resource
2025-09-29 16:14:05,458 [Worker-150: Building] WARN  o.e.m.c.i.embedder.EclipseLogger - Using platform encoding (MS949 actually) to copy filtered resources, i.e. build is platform dependent!
2025-09-29 16:14:05,459 [Worker-150: Building] INFO  o.e.m.c.i.embedder.EclipseLogger - Copying 8 resources
2025-09-29 16:14:05,460 [Worker-150: Building] WARN  o.e.m.c.i.embedder.EclipseLogger - Using platform encoding (MS949 actually) to copy filtered resources, i.e. build is platform dependent!
2025-09-29 16:14:05,460 [Worker-150: Building] INFO  o.e.m.c.i.embedder.EclipseLogger - Copying 0 resource
2025-09-29 16:14:35,756 [Worker-148: Building] WARN  o.e.m.c.i.embedder.EclipseLogger - Using platform encoding (MS949 actually) to copy filtered resources, i.e. build is platform dependent!
2025-09-29 16:14:35,757 [Worker-148: Building] INFO  o.e.m.c.i.embedder.EclipseLogger - Copying 8 resources
2025-09-29 16:14:35,758 [Worker-148: Building] WARN  o.e.m.c.i.embedder.EclipseLogger - Using platform encoding (MS949 actually) to copy filtered resources, i.e. build is platform dependent!
2025-09-29 16:14:35,758 [Worker-148: Building] INFO  o.e.m.c.i.embedder.EclipseLogger - Copying 0 resource
2025-09-29 16:15:53,551 [Worker-150: Building] WARN  o.e.m.c.i.embedder.EclipseLogger - Using platform encoding (MS949 actually) to copy filtered resources, i.e. build is platform dependent!
2025-09-29 16:15:53,552 [Worker-150: Building] INFO  o.e.m.c.i.embedder.EclipseLogger - Copying 1 resource
2025-09-29 16:15:53,553 [Worker-150: Building] WARN  o.e.m.c.i.embedder.EclipseLogger - Using platform encoding (MS949 actually) to copy filtered resources, i.e. build is platform dependent!
2025-09-29 16:15:53,553 [Worker-150: Building] INFO  o.e.m.c.i.embedder.EclipseLogger - Copying 0 resource
2025-09-29 16:16:01,085 [Worker-151: Building] WARN  o.e.m.c.i.embedder.EclipseLogger - Using platform encoding (MS949 actually) to copy filtered resources, i.e. build is platform dependent!
2025-09-29 16:16:01,086 [Worker-151: Building] INFO  o.e.m.c.i.embedder.EclipseLogger - Copying 1 resource
2025-09-29 16:16:01,087 [Worker-151: Building] WARN  o.e.m.c.i.embedder.EclipseLogger - Using platform encoding (MS949 actually) to copy filtered resources, i.e. build is platform dependent!
2025-09-29 16:16:01,087 [Worker-151: Building] INFO  o.e.m.c.i.embedder.EclipseLogger - Copying 0 resource
2025-09-29 16:16:13,973 [Worker-153: Building] WARN  o.e.m.c.i.embedder.EclipseLogger - Using platform encoding (MS949 actually) to copy filtered resources, i.e. build is platform dependent!
2025-09-29 16:16:13,973 [Worker-153: Building] INFO  o.e.m.c.i.embedder.EclipseLogger - Copying 1 resource
2025-09-29 16:16:13,974 [Worker-153: Building] WARN  o.e.m.c.i.embedder.EclipseLogger - Using platform encoding (MS949 actually) to copy filtered resources, i.e. build is platform dependent!
2025-09-29 16:16:13,975 [Worker-153: Building] INFO  o.e.m.c.i.embedder.EclipseLogger - Copying 0 resource
2025-09-29 16:16:22,438 [Worker-153: Building] WARN  o.e.m.c.i.embedder.EclipseLogger - Using platform encoding (MS949 actually) to copy filtered resources, i.e. build is platform dependent!
2025-09-29 16:16:22,438 [Worker-153: Building] INFO  o.e.m.c.i.embedder.EclipseLogger - Copying 1 resource
2025-09-29 16:16:22,439 [Worker-153: Building] WARN  o.e.m.c.i.embedder.EclipseLogger - Using platform encoding (MS949 actually) to copy filtered resources, i.e. build is platform dependent!
2025-09-29 16:16:22,439 [Worker-153: Building] INFO  o.e.m.c.i.embedder.EclipseLogger - Copying 0 resource
2025-09-29 16:16:25,221 [Worker-151: Building] WARN  o.e.m.c.i.embedder.EclipseLogger - Using platform encoding (MS949 actually) to copy filtered resources, i.e. build is platform dependent!
2025-09-29 16:16:25,222 [Worker-151: Building] INFO  o.e.m.c.i.embedder.EclipseLogger - Copying 1 resource
2025-09-29 16:16:25,223 [Worker-151: Building] WARN  o.e.m.c.i.embedder.EclipseLogger - Using platform encoding (MS949 actually) to copy filtered resources, i.e. build is platform dependent!
2025-09-29 16:16:25,223 [Worker-151: Building] INFO  o.e.m.c.i.embedder.EclipseLogger - Copying 0 resource
2025-09-29 16:18:51,873 [Worker-151: Building] WARN  o.e.m.c.i.embedder.EclipseLogger - Using platform encoding (MS949 actually) to copy filtered resources, i.e. build is platform dependent!
2025-09-29 16:18:51,874 [Worker-151: Building] INFO  o.e.m.c.i.embedder.EclipseLogger - Copying 1 resource
2025-09-29 16:18:51,875 [Worker-151: Building] WARN  o.e.m.c.i.embedder.EclipseLogger - Using platform encoding (MS949 actually) to copy filtered resources, i.e. build is platform dependent!
2025-09-29 16:18:51,875 [Worker-151: Building] INFO  o.e.m.c.i.embedder.EclipseLogger - Copying 0 resource
2025-09-29 16:19:04,779 [Worker-154: Building] WARN  o.e.m.c.i.embedder.EclipseLogger - Using platform encoding (MS949 actually) to copy filtered resources, i.e. build is platform dependent!
2025-09-29 16:19:04,780 [Worker-154: Building] INFO  o.e.m.c.i.embedder.EclipseLogger - Copying 1 resource
2025-09-29 16:19:04,781 [Worker-154: Building] WARN  o.e.m.c.i.embedder.EclipseLogger - Using platform encoding (MS949 actually) to copy filtered resources, i.e. build is platform dependent!
2025-09-29 16:19:04,781 [Worker-154: Building] INFO  o.e.m.c.i.embedder.EclipseLogger - Copying 0 resource
2025-09-29 16:19:25,490 [Worker-154: Building] WARN  o.e.m.c.i.embedder.EclipseLogger - Using platform encoding (MS949 actually) to copy filtered resources, i.e. build is platform dependent!
2025-09-29 16:19:25,491 [Worker-154: Building] INFO  o.e.m.c.i.embedder.EclipseLogger - Copying 1 resource
2025-09-29 16:19:25,492 [Worker-154: Building] WARN  o.e.m.c.i.embedder.EclipseLogger - Using platform encoding (MS949 actually) to copy filtered resources, i.e. build is platform dependent!
2025-09-29 16:19:25,493 [Worker-154: Building] INFO  o.e.m.c.i.embedder.EclipseLogger - Copying 0 resource
2025-09-29 16:19:42,166 [Worker-154: Building] WARN  o.e.m.c.i.embedder.EclipseLogger - Using platform encoding (MS949 actually) to copy filtered resources, i.e. build is platform dependent!
2025-09-29 16:19:42,167 [Worker-154: Building] INFO  o.e.m.c.i.embedder.EclipseLogger - Copying 1 resource
2025-09-29 16:19:42,168 [Worker-154: Building] WARN  o.e.m.c.i.embedder.EclipseLogger - Using platform encoding (MS949 actually) to copy filtered resources, i.e. build is platform dependent!
2025-09-29 16:19:42,168 [Worker-154: Building] INFO  o.e.m.c.i.embedder.EclipseLogger - Copying 0 resource
2025-09-29 16:19:48,468 [Worker-151: Building] WARN  o.e.m.c.i.embedder.EclipseLogger - Using platform encoding (MS949 actually) to copy filtered resources, i.e. build is platform dependent!
2025-09-29 16:19:48,469 [Worker-151: Building] INFO  o.e.m.c.i.embedder.EclipseLogger - Copying 1 resource
2025-09-29 16:19:48,470 [Worker-151: Building] WARN  o.e.m.c.i.embedder.EclipseLogger - Using platform encoding (MS949 actually) to copy filtered resources, i.e. build is platform dependent!
2025-09-29 16:19:48,470 [Worker-151: Building] INFO  o.e.m.c.i.embedder.EclipseLogger - Copying 0 resource
2025-09-29 16:19:51,314 [Worker-153: Building] WARN  o.e.m.c.i.embedder.EclipseLogger - Using platform encoding (MS949 actually) to copy filtered resources, i.e. build is platform dependent!
2025-09-29 16:19:51,315 [Worker-153: Building] INFO  o.e.m.c.i.embedder.EclipseLogger - Copying 1 resource
2025-09-29 16:19:51,316 [Worker-153: Building] WARN  o.e.m.c.i.embedder.EclipseLogger - Using platform encoding (MS949 actually) to copy filtered resources, i.e. build is platform dependent!
2025-09-29 16:19:51,316 [Worker-153: Building] INFO  o.e.m.c.i.embedder.EclipseLogger - Copying 0 resource
2025-09-29 16:20:08,837 [Worker-155: Building] WARN  o.e.m.c.i.embedder.EclipseLogger - Using platform encoding (MS949 actually) to copy filtered resources, i.e. build is platform dependent!
2025-09-29 16:20:08,837 [Worker-155: Building] INFO  o.e.m.c.i.embedder.EclipseLogger - Copying 1 resource
2025-09-29 16:20:08,838 [Worker-155: Building] WARN  o.e.m.c.i.embedder.EclipseLogger - Using platform encoding (MS949 actually) to copy filtered resources, i.e. build is platform dependent!
2025-09-29 16:20:08,839 [Worker-155: Building] INFO  o.e.m.c.i.embedder.EclipseLogger - Copying 0 resource
2025-09-29 16:20:20,407 [Worker-156: Building] WARN  o.e.m.c.i.embedder.EclipseLogger - Using platform encoding (MS949 actually) to copy filtered resources, i.e. build is platform dependent!
2025-09-29 16:20:20,407 [Worker-156: Building] INFO  o.e.m.c.i.embedder.EclipseLogger - Copying 1 resource
2025-09-29 16:20:20,408 [Worker-156: Building] WARN  o.e.m.c.i.embedder.EclipseLogger - Using platform encoding (MS949 actually) to copy filtered resources, i.e. build is platform dependent!
2025-09-29 16:20:20,408 [Worker-156: Building] INFO  o.e.m.c.i.embedder.EclipseLogger - Copying 0 resource
2025-09-29 16:21:17,431 [Worker-156: Building] WARN  o.e.m.c.i.embedder.EclipseLogger - Using platform encoding (MS949 actually) to copy filtered resources, i.e. build is platform dependent!
2025-09-29 16:21:17,432 [Worker-156: Building] INFO  o.e.m.c.i.embedder.EclipseLogger - Copying 1 resource
2025-09-29 16:21:17,433 [Worker-156: Building] WARN  o.e.m.c.i.embedder.EclipseLogger - Using platform encoding (MS949 actually) to copy filtered resources, i.e. build is platform dependent!
2025-09-29 16:21:17,433 [Worker-156: Building] INFO  o.e.m.c.i.embedder.EclipseLogger - Copying 0 resource
2025-09-29 16:23:44,709 [Worker-154: Building] WARN  o.e.m.c.i.embedder.EclipseLogger - Using platform encoding (MS949 actually) to copy filtered resources, i.e. build is platform dependent!
2025-09-29 16:23:44,710 [Worker-154: Building] INFO  o.e.m.c.i.embedder.EclipseLogger - Copying 8 resources
2025-09-29 16:23:44,711 [Worker-154: Building] WARN  o.e.m.c.i.embedder.EclipseLogger - Using platform encoding (MS949 actually) to copy filtered resources, i.e. build is platform dependent!
2025-09-29 16:23:44,711 [Worker-154: Building] INFO  o.e.m.c.i.embedder.EclipseLogger - Copying 0 resource
2025-09-29 16:24:22,259 [Worker-161: Building] WARN  o.e.m.c.i.embedder.EclipseLogger - Using platform encoding (MS949 actually) to copy filtered resources, i.e. build is platform dependent!
2025-09-29 16:24:22,260 [Worker-161: Building] INFO  o.e.m.c.i.embedder.EclipseLogger - Copying 8 resources
2025-09-29 16:24:22,261 [Worker-161: Building] WARN  o.e.m.c.i.embedder.EclipseLogger - Using platform encoding (MS949 actually) to copy filtered resources, i.e. build is platform dependent!
2025-09-29 16:24:22,261 [Worker-161: Building] INFO  o.e.m.c.i.embedder.EclipseLogger - Copying 0 resource
2025-09-29 16:25:08,372 [Worker-163: Building] WARN  o.e.m.c.i.embedder.EclipseLogger - Using platform encoding (MS949 actually) to copy filtered resources, i.e. build is platform dependent!
2025-09-29 16:25:08,373 [Worker-163: Building] INFO  o.e.m.c.i.embedder.EclipseLogger - Copying 8 resources
2025-09-29 16:25:08,374 [Worker-163: Building] WARN  o.e.m.c.i.embedder.EclipseLogger - Using platform encoding (MS949 actually) to copy filtered resources, i.e. build is platform dependent!
2025-09-29 16:25:08,374 [Worker-163: Building] INFO  o.e.m.c.i.embedder.EclipseLogger - Copying 0 resource
2025-09-29 16:25:20,966 [Worker-154: Building] WARN  o.e.m.c.i.embedder.EclipseLogger - Using platform encoding (MS949 actually) to copy filtered resources, i.e. build is platform dependent!
2025-09-29 16:25:20,967 [Worker-154: Building] INFO  o.e.m.c.i.embedder.EclipseLogger - Copying 8 resources
2025-09-29 16:25:20,968 [Worker-154: Building] WARN  o.e.m.c.i.embedder.EclipseLogger - Using platform encoding (MS949 actually) to copy filtered resources, i.e. build is platform dependent!
2025-09-29 16:25:20,968 [Worker-154: Building] INFO  o.e.m.c.i.embedder.EclipseLogger - Copying 0 resource
2025-09-29 16:25:35,904 [Worker-161: Building] WARN  o.e.m.c.i.embedder.EclipseLogger - Using platform encoding (MS949 actually) to copy filtered resources, i.e. build is platform dependent!
2025-09-29 16:25:35,905 [Worker-161: Building] INFO  o.e.m.c.i.embedder.EclipseLogger - Copying 8 resources
2025-09-29 16:25:35,905 [Worker-161: Building] WARN  o.e.m.c.i.embedder.EclipseLogger - Using platform encoding (MS949 actually) to copy filtered resources, i.e. build is platform dependent!
2025-09-29 16:25:35,906 [Worker-161: Building] INFO  o.e.m.c.i.embedder.EclipseLogger - Copying 0 resource
2025-09-29 16:25:56,472 [Worker-163: Building] WARN  o.e.m.c.i.embedder.EclipseLogger - Using platform encoding (MS949 actually) to copy filtered resources, i.e. build is platform dependent!
2025-09-29 16:25:56,473 [Worker-163: Building] INFO  o.e.m.c.i.embedder.EclipseLogger - Copying 8 resources
2025-09-29 16:25:56,474 [Worker-163: Building] WARN  o.e.m.c.i.embedder.EclipseLogger - Using platform encoding (MS949 actually) to copy filtered resources, i.e. build is platform dependent!
2025-09-29 16:25:56,474 [Worker-163: Building] INFO  o.e.m.c.i.embedder.EclipseLogger - Copying 0 resource
2025-09-29 16:26:04,893 [Worker-161: Building] WARN  o.e.m.c.i.embedder.EclipseLogger - Using platform encoding (MS949 actually) to copy filtered resources, i.e. build is platform dependent!
2025-09-29 16:26:04,895 [Worker-161: Building] INFO  o.e.m.c.i.embedder.EclipseLogger - Copying 8 resources
2025-09-29 16:26:04,895 [Worker-161: Building] WARN  o.e.m.c.i.embedder.EclipseLogger - Using platform encoding (MS949 actually) to copy filtered resources, i.e. build is platform dependent!
2025-09-29 16:26:04,896 [Worker-161: Building] INFO  o.e.m.c.i.embedder.EclipseLogger - Copying 0 resource
2025-09-29 16:26:18,160 [Worker-158: Building] WARN  o.e.m.c.i.embedder.EclipseLogger - Using platform encoding (MS949 actually) to copy filtered resources, i.e. build is platform dependent!
2025-09-29 16:26:18,161 [Worker-158: Building] INFO  o.e.m.c.i.embedder.EclipseLogger - Copying 8 resources
2025-09-29 16:26:18,162 [Worker-158: Building] WARN  o.e.m.c.i.embedder.EclipseLogger - Using platform encoding (MS949 actually) to copy filtered resources, i.e. build is platform dependent!
2025-09-29 16:26:18,162 [Worker-158: Building] INFO  o.e.m.c.i.embedder.EclipseLogger - Copying 0 resource
2025-09-29 16:26:23,953 [Worker-162: Building] WARN  o.e.m.c.i.embedder.EclipseLogger - Using platform encoding (MS949 actually) to copy filtered resources, i.e. build is platform dependent!
2025-09-29 16:26:23,954 [Worker-162: Building] INFO  o.e.m.c.i.embedder.EclipseLogger - Copying 8 resources
2025-09-29 16:26:23,954 [Worker-162: Building] WARN  o.e.m.c.i.embedder.EclipseLogger - Using platform encoding (MS949 actually) to copy filtered resources, i.e. build is platform dependent!
2025-09-29 16:26:23,955 [Worker-162: Building] INFO  o.e.m.c.i.embedder.EclipseLogger - Copying 0 resource
2025-09-29 16:26:33,823 [Worker-159: Building] WARN  o.e.m.c.i.embedder.EclipseLogger - Using platform encoding (MS949 actually) to copy filtered resources, i.e. build is platform dependent!
2025-09-29 16:26:33,824 [Worker-159: Building] INFO  o.e.m.c.i.embedder.EclipseLogger - Copying 8 resources
2025-09-29 16:26:33,824 [Worker-159: Building] WARN  o.e.m.c.i.embedder.EclipseLogger - Using platform encoding (MS949 actually) to copy filtered resources, i.e. build is platform dependent!
2025-09-29 16:26:33,825 [Worker-159: Building] INFO  o.e.m.c.i.embedder.EclipseLogger - Copying 0 resource
2025-09-29 16:27:03,327 [Worker-161: Building] WARN  o.e.m.c.i.embedder.EclipseLogger - Using platform encoding (MS949 actually) to copy filtered resources, i.e. build is platform dependent!
2025-09-29 16:27:03,328 [Worker-161: Building] INFO  o.e.m.c.i.embedder.EclipseLogger - Copying 8 resources
2025-09-29 16:27:03,329 [Worker-161: Building] WARN  o.e.m.c.i.embedder.EclipseLogger - Using platform encoding (MS949 actually) to copy filtered resources, i.e. build is platform dependent!
2025-09-29 16:27:03,329 [Worker-161: Building] INFO  o.e.m.c.i.embedder.EclipseLogger - Copying 0 resource
2025-09-29 16:27:36,936 [Worker-160: Building] WARN  o.e.m.c.i.embedder.EclipseLogger - Using platform encoding (MS949 actually) to copy filtered resources, i.e. build is platform dependent!
2025-09-29 16:27:36,937 [Worker-160: Building] INFO  o.e.m.c.i.embedder.EclipseLogger - Copying 8 resources
2025-09-29 16:27:36,938 [Worker-160: Building] WARN  o.e.m.c.i.embedder.EclipseLogger - Using platform encoding (MS949 actually) to copy filtered resources, i.e. build is platform dependent!
2025-09-29 16:27:36,938 [Worker-160: Building] INFO  o.e.m.c.i.embedder.EclipseLogger - Copying 0 resource
2025-09-29 16:28:08,354 [Worker-162: Building] WARN  o.e.m.c.i.embedder.EclipseLogger - Using platform encoding (MS949 actually) to copy filtered resources, i.e. build is platform dependent!
2025-09-29 16:28:08,356 [Worker-162: Building] INFO  o.e.m.c.i.embedder.EclipseLogger - Copying 8 resources
2025-09-29 16:28:08,356 [Worker-162: Building] WARN  o.e.m.c.i.embedder.EclipseLogger - Using platform encoding (MS949 actually) to copy filtered resources, i.e. build is platform dependent!
2025-09-29 16:28:08,357 [Worker-162: Building] INFO  o.e.m.c.i.embedder.EclipseLogger - Copying 0 resource
2025-09-29 16:28:27,754 [Worker-161: Building] WARN  o.e.m.c.i.embedder.EclipseLogger - Using platform encoding (MS949 actually) to copy filtered resources, i.e. build is platform dependent!
2025-09-29 16:28:27,755 [Worker-161: Building] INFO  o.e.m.c.i.embedder.EclipseLogger - Copying 8 resources
2025-09-29 16:28:27,756 [Worker-161: Building] WARN  o.e.m.c.i.embedder.EclipseLogger - Using platform encoding (MS949 actually) to copy filtered resources, i.e. build is platform dependent!
2025-09-29 16:28:27,756 [Worker-161: Building] INFO  o.e.m.c.i.embedder.EclipseLogger - Copying 0 resource
2025-09-29 16:28:42,377 [Worker-158: Building] WARN  o.e.m.c.i.embedder.EclipseLogger - Using platform encoding (MS949 actually) to copy filtered resources, i.e. build is platform dependent!
2025-09-29 16:28:42,378 [Worker-158: Building] INFO  o.e.m.c.i.embedder.EclipseLogger - Copying 8 resources
2025-09-29 16:28:42,379 [Worker-158: Building] WARN  o.e.m.c.i.embedder.EclipseLogger - Using platform encoding (MS949 actually) to copy filtered resources, i.e. build is platform dependent!
2025-09-29 16:28:42,379 [Worker-158: Building] INFO  o.e.m.c.i.embedder.EclipseLogger - Copying 0 resource
2025-09-29 16:30:33,039 [Worker-160: Building] WARN  o.e.m.c.i.embedder.EclipseLogger - Using platform encoding (MS949 actually) to copy filtered resources, i.e. build is platform dependent!
2025-09-29 16:30:33,039 [Worker-160: Building] INFO  o.e.m.c.i.embedder.EclipseLogger - Copying 1 resource
2025-09-29 16:30:33,040 [Worker-160: Building] WARN  o.e.m.c.i.embedder.EclipseLogger - Using platform encoding (MS949 actually) to copy filtered resources, i.e. build is platform dependent!
2025-09-29 16:30:33,041 [Worker-160: Building] INFO  o.e.m.c.i.embedder.EclipseLogger - Copying 0 resource
2025-09-29 16:30:57,853 [Worker-160: Building] WARN  o.e.m.c.i.embedder.EclipseLogger - Using platform encoding (MS949 actually) to copy filtered resources, i.e. build is platform dependent!
2025-09-29 16:30:57,853 [Worker-160: Building] INFO  o.e.m.c.i.embedder.EclipseLogger - Copying 1 resource
2025-09-29 16:30:57,854 [Worker-160: Building] WARN  o.e.m.c.i.embedder.EclipseLogger - Using platform encoding (MS949 actually) to copy filtered resources, i.e. build is platform dependent!
2025-09-29 16:30:57,855 [Worker-160: Building] INFO  o.e.m.c.i.embedder.EclipseLogger - Copying 0 resource
2025-09-29 16:31:20,942 [Worker-163: Building] WARN  o.e.m.c.i.embedder.EclipseLogger - Using platform encoding (MS949 actually) to copy filtered resources, i.e. build is platform dependent!
2025-09-29 16:31:20,943 [Worker-163: Building] INFO  o.e.m.c.i.embedder.EclipseLogger - Copying 1 resource
2025-09-29 16:31:20,944 [Worker-163: Building] WARN  o.e.m.c.i.embedder.EclipseLogger - Using platform encoding (MS949 actually) to copy filtered resources, i.e. build is platform dependent!
2025-09-29 16:31:20,945 [Worker-163: Building] INFO  o.e.m.c.i.embedder.EclipseLogger - Copying 0 resource
2025-09-29 16:31:32,879 [Worker-160: Building] WARN  o.e.m.c.i.embedder.EclipseLogger - Using platform encoding (MS949 actually) to copy filtered resources, i.e. build is platform dependent!
2025-09-29 16:31:32,879 [Worker-160: Building] INFO  o.e.m.c.i.embedder.EclipseLogger - Copying 1 resource
2025-09-29 16:31:32,880 [Worker-160: Building] WARN  o.e.m.c.i.embedder.EclipseLogger - Using platform encoding (MS949 actually) to copy filtered resources, i.e. build is platform dependent!
2025-09-29 16:31:32,881 [Worker-160: Building] INFO  o.e.m.c.i.embedder.EclipseLogger - Copying 0 resource
2025-09-29 16:32:24,636 [Worker-162: Building] WARN  o.e.m.c.i.embedder.EclipseLogger - Using platform encoding (MS949 actually) to copy filtered resources, i.e. build is platform dependent!
2025-09-29 16:32:24,637 [Worker-162: Building] INFO  o.e.m.c.i.embedder.EclipseLogger - Copying 1 resource
2025-09-29 16:32:24,638 [Worker-162: Building] WARN  o.e.m.c.i.embedder.EclipseLogger - Using platform encoding (MS949 actually) to copy filtered resources, i.e. build is platform dependent!
2025-09-29 16:32:24,638 [Worker-162: Building] INFO  o.e.m.c.i.embedder.EclipseLogger - Copying 0 resource
2025-09-29 16:33:01,014 [Worker-163: Building] WARN  o.e.m.c.i.embedder.EclipseLogger - Using platform encoding (MS949 actually) to copy filtered resources, i.e. build is platform dependent!
2025-09-29 16:33:01,014 [Worker-163: Building] INFO  o.e.m.c.i.embedder.EclipseLogger - Copying 1 resource
2025-09-29 16:33:01,016 [Worker-163: Building] WARN  o.e.m.c.i.embedder.EclipseLogger - Using platform encoding (MS949 actually) to copy filtered resources, i.e. build is platform dependent!
2025-09-29 16:33:01,016 [Worker-163: Building] INFO  o.e.m.c.i.embedder.EclipseLogger - Copying 0 resource
2025-09-29 16:33:34,320 [Worker-163: Building] WARN  o.e.m.c.i.embedder.EclipseLogger - Using platform encoding (MS949 actually) to copy filtered resources, i.e. build is platform dependent!
2025-09-29 16:33:34,321 [Worker-163: Building] INFO  o.e.m.c.i.embedder.EclipseLogger - Copying 1 resource
2025-09-29 16:33:34,322 [Worker-163: Building] WARN  o.e.m.c.i.embedder.EclipseLogger - Using platform encoding (MS949 actually) to copy filtered resources, i.e. build is platform dependent!
2025-09-29 16:33:34,323 [Worker-163: Building] INFO  o.e.m.c.i.embedder.EclipseLogger - Copying 0 resource
2025-09-29 16:34:30,991 [Worker-163: Building] WARN  o.e.m.c.i.embedder.EclipseLogger - Using platform encoding (MS949 actually) to copy filtered resources, i.e. build is platform dependent!
2025-09-29 16:34:30,992 [Worker-163: Building] INFO  o.e.m.c.i.embedder.EclipseLogger - Copying 0 resource
2025-09-29 16:34:30,992 [Worker-163: Building] WARN  o.e.m.c.i.embedder.EclipseLogger - Using platform encoding (MS949 actually) to copy filtered resources, i.e. build is platform dependent!
2025-09-29 16:34:30,993 [Worker-163: Building] INFO  o.e.m.c.i.embedder.EclipseLogger - Copying 0 resource
2025-09-29 16:34:47,507 [Worker-158: Building] WARN  o.e.m.c.i.embedder.EclipseLogger - Using platform encoding (MS949 actually) to copy filtered resources, i.e. build is platform dependent!
2025-09-29 16:34:47,508 [Worker-158: Building] INFO  o.e.m.c.i.embedder.EclipseLogger - Copying 0 resource
2025-09-29 16:34:47,508 [Worker-158: Building] WARN  o.e.m.c.i.embedder.EclipseLogger - Using platform encoding (MS949 actually) to copy filtered resources, i.e. build is platform dependent!
2025-09-29 16:34:47,509 [Worker-158: Building] INFO  o.e.m.c.i.embedder.EclipseLogger - Copying 0 resource
2025-09-29 16:35:21,607 [Worker-164: Building] WARN  o.e.m.c.i.embedder.EclipseLogger - Using platform encoding (MS949 actually) to copy filtered resources, i.e. build is platform dependent!
2025-09-29 16:35:21,608 [Worker-164: Building] INFO  o.e.m.c.i.embedder.EclipseLogger - Copying 0 resource
2025-09-29 16:35:21,609 [Worker-164: Building] WARN  o.e.m.c.i.embedder.EclipseLogger - Using platform encoding (MS949 actually) to copy filtered resources, i.e. build is platform dependent!
2025-09-29 16:35:21,610 [Worker-164: Building] INFO  o.e.m.c.i.embedder.EclipseLogger - Copying 0 resource
2025-09-29 16:42:51,420 [Worker-168: Building] INFO  o.e.m.c.i.l.LifecycleMappingFactory - Using org.maven.ide.eclipse.wtp.WarLifecycleMapping lifecycle mapping for MavenProject: com.kh:db:1.0.0-BUILD-SNAPSHOT @ C:\12_Spring\work\Ex0929_db\pom.xml.
2025-09-29 16:42:51,699 [Worker-168: Building] INFO  o.e.m.c.i.e.AbstractTransferListenerAdapter - Downloaded https://repo.maven.apache.org/maven2/org/springframework/spring-jdbc/3.2.2RELEASE/spring-jdbc-3.2.2RELEASE.pom
2025-09-29 16:42:51,701 [Worker-168: Building] WARN  o.e.m.c.i.embedder.EclipseLogger - The POM for org.springframework:spring-jdbc:jar:3.2.2RELEASE is missing, no dependency information available
2025-09-29 16:42:51,924 [Worker-168: Building] INFO  o.e.m.c.i.e.AbstractTransferListenerAdapter - Downloaded https://repo.maven.apache.org/maven2/org/springframework/spring-jdbc/3.2.2RELEASE/spring-jdbc-3.2.2RELEASE.jar
2025-09-29 16:42:51,950 [Worker-168: Building] WARN  o.e.m.c.i.embedder.EclipseLogger - The POM for org.springframework:spring-jdbc:jar:3.2.2RELEASE is missing, no dependency information available
2025-09-29 16:42:52,033 [Worker-168: Building] WARN  o.e.m.c.i.embedder.EclipseLogger - Using platform encoding (MS949 actually) to copy filtered resources, i.e. build is platform dependent!
2025-09-29 16:42:52,033 [Worker-168: Building] INFO  o.e.m.c.i.embedder.EclipseLogger - Copying 0 resource
2025-09-29 16:42:52,033 [Worker-168: Building] WARN  o.e.m.c.i.embedder.EclipseLogger - Using platform encoding (MS949 actually) to copy filtered resources, i.e. build is platform dependent!
2025-09-29 16:42:52,034 [Worker-168: Building] INFO  o.e.m.c.i.embedder.EclipseLogger - Copying 0 resource
2025-09-29 16:42:52,034 [Worker-168: Building] INFO  o.e.m.w.i.f.ResourceFilteringBuildParticipant - Changed resources require a complete clean of filtered resources of Ex0929_db
2025-09-29 16:42:52,034 [Worker-168: Building] INFO  o.e.m.w.i.f.ResourceFilteringBuildParticipant - Executing resource filtering for Ex0929_db
2025-09-29 16:42:52,038 [Worker-168: Building] WARN  o.e.m.c.i.embedder.EclipseLogger - Using platform encoding (MS949 actually) to copy filtered resources, i.e. build is platform dependent!
2025-09-29 16:42:53,257 [Worker-168: Download sources and javadoc] WARN  o.e.m.c.i.embedder.EclipseLogger - The POM for org.springframework:spring-jdbc:jar:3.2.2RELEASE is missing, no dependency information available
2025-09-29 16:42:53,489 [Worker-168: Download sources and javadoc] INFO  o.e.m.c.i.e.AbstractTransferListenerAdapter - Downloaded https://repo.maven.apache.org/maven2/org/springframework/spring-jdbc/3.2.2RELEASE/spring-jdbc-3.2.2RELEASE-sources.jar
2025-09-29 16:42:53,493 [Worker-168: Download sources and javadoc] ERROR o.e.m.j.internal.DownloadSourcesJob - Could not download sources for org.springframework:spring-jdbc:3.2.2RELEASE
org.eclipse.core.runtime.CoreException: Could not resolve artifact org.springframework:spring-jdbc:jar:sources:3.2.2RELEASE
	at org.eclipse.m2e.core.internal.embedder.MavenImpl.lambda$4(MavenImpl.java:804)
	at org.eclipse.m2e.core.internal.embedder.MavenExecutionContext.executeBare(MavenExecutionContext.java:179)
	at org.eclipse.m2e.core.internal.embedder.MavenExecutionContext.execute(MavenExecutionContext.java:114)
	at org.eclipse.m2e.core.internal.embedder.MavenExecutionContext.execute(MavenExecutionContext.java:101)
	at org.eclipse.m2e.core.internal.embedder.MavenImpl.resolve(MavenImpl.java:772)
	at org.eclipse.m2e.core.internal.embedder.MavenImpl.resolve(MavenImpl.java:749)
	at org.eclipse.m2e.jdt.internal.DownloadSourcesJob.download(DownloadSourcesJob.java:330)
	at org.eclipse.m2e.jdt.internal.DownloadSourcesJob.downloadAttachments(DownloadSourcesJob.java:304)
	at org.eclipse.m2e.jdt.internal.DownloadSourcesJob.downloadMaven(DownloadSourcesJob.java:269)
	at org.eclipse.m2e.jdt.internal.DownloadSourcesJob.downloadFilesAndPopulateToUpdate(DownloadSourcesJob.java:233)
	at org.eclipse.m2e.jdt.internal.DownloadSourcesJob.lambda$0(DownloadSourcesJob.java:161)
	at org.eclipse.m2e.core.internal.embedder.MavenExecutionContext.executeBare(MavenExecutionContext.java:179)
	at org.eclipse.m2e.core.internal.embedder.MavenExecutionContext.execute(MavenExecutionContext.java:153)
	at org.eclipse.m2e.core.internal.embedder.MavenExecutionContext.execute(MavenExecutionContext.java:101)
	at org.eclipse.m2e.core.internal.embedder.MavenImpl.execute(MavenImpl.java:1374)
	at org.eclipse.m2e.jdt.internal.DownloadSourcesJob.run(DownloadSourcesJob.java:161)
	at org.eclipse.core.internal.jobs.Worker.run(Worker.java:63)
2025-09-29 16:43:11,499 [Worker-169: Building] INFO  o.e.m.c.i.l.LifecycleMappingFactory - Using org.maven.ide.eclipse.wtp.WarLifecycleMapping lifecycle mapping for MavenProject: com.kh:db:1.0.0-BUILD-SNAPSHOT @ C:\12_Spring\work\Ex0929_db\pom.xml.
2025-09-29 16:43:11,516 [Worker-169: Building] WARN  o.e.m.c.i.embedder.EclipseLogger - The POM for org.springframework:spring-jdbc:jar:3.2.2RELEASE is missing, no dependency information available
2025-09-29 16:43:11,600 [Worker-169: Building] WARN  o.e.m.c.i.embedder.EclipseLogger - Using platform encoding (MS949 actually) to copy filtered resources, i.e. build is platform dependent!
2025-09-29 16:43:11,601 [Worker-169: Building] INFO  o.e.m.c.i.embedder.EclipseLogger - Copying 0 resource
2025-09-29 16:43:11,601 [Worker-169: Building] WARN  o.e.m.c.i.embedder.EclipseLogger - Using platform encoding (MS949 actually) to copy filtered resources, i.e. build is platform dependent!
2025-09-29 16:43:11,602 [Worker-169: Building] INFO  o.e.m.c.i.embedder.EclipseLogger - Copying 0 resource
2025-09-29 16:43:11,602 [Worker-169: Building] INFO  o.e.m.w.i.f.ResourceFilteringBuildParticipant - Changed resources require a complete clean of filtered resources of Ex0929_db
2025-09-29 16:43:11,602 [Worker-169: Building] INFO  o.e.m.w.i.f.ResourceFilteringBuildParticipant - Executing resource filtering for Ex0929_db
2025-09-29 16:43:11,603 [Worker-169: Building] WARN  o.e.m.c.i.embedder.EclipseLogger - Using platform encoding (MS949 actually) to copy filtered resources, i.e. build is platform dependent!
2025-09-29 16:43:12,814 [Worker-171: Download sources and javadoc] WARN  o.e.m.c.i.embedder.EclipseLogger - The POM for org.springframework:spring-jdbc:jar:3.2.2RELEASE is missing, no dependency information available
2025-09-29 16:43:13,050 [Worker-171: Download sources and javadoc] INFO  o.e.m.c.i.e.AbstractTransferListenerAdapter - Downloaded https://repo.maven.apache.org/maven2/org/springframework/spring-jdbc/3.2.2RELEASE/spring-jdbc-3.2.2RELEASE-javadoc.jar
2025-09-29 16:43:13,054 [Worker-171: Download sources and javadoc] ERROR o.e.m.j.internal.DownloadSourcesJob - Could not download javadoc for org.springframework:spring-jdbc:3.2.2RELEASE
org.eclipse.core.runtime.CoreException: Could not resolve artifact org.springframework:spring-jdbc:jar:javadoc:3.2.2RELEASE
	at org.eclipse.m2e.core.internal.embedder.MavenImpl.lambda$4(MavenImpl.java:804)
	at org.eclipse.m2e.core.internal.embedder.MavenExecutionContext.executeBare(MavenExecutionContext.java:179)
	at org.eclipse.m2e.core.internal.embedder.MavenExecutionContext.execute(MavenExecutionContext.java:114)
	at org.eclipse.m2e.core.internal.embedder.MavenExecutionContext.execute(MavenExecutionContext.java:101)
	at org.eclipse.m2e.core.internal.embedder.MavenImpl.resolve(MavenImpl.java:772)
	at org.eclipse.m2e.core.internal.embedder.MavenImpl.resolve(MavenImpl.java:749)
	at org.eclipse.m2e.jdt.internal.DownloadSourcesJob.download(DownloadSourcesJob.java:330)
	at org.eclipse.m2e.jdt.internal.DownloadSourcesJob.downloadAttachments(DownloadSourcesJob.java:316)
	at org.eclipse.m2e.jdt.internal.DownloadSourcesJob.downloadMaven(DownloadSourcesJob.java:269)
	at org.eclipse.m2e.jdt.internal.DownloadSourcesJob.downloadFilesAndPopulateToUpdate(DownloadSourcesJob.java:233)
	at org.eclipse.m2e.jdt.internal.DownloadSourcesJob.lambda$0(DownloadSourcesJob.java:161)
	at org.eclipse.m2e.core.internal.embedder.MavenExecutionContext.executeBare(MavenExecutionContext.java:179)
	at org.eclipse.m2e.core.internal.embedder.MavenExecutionContext.execute(MavenExecutionContext.java:153)
	at org.eclipse.m2e.core.internal.embedder.MavenExecutionContext.execute(MavenExecutionContext.java:101)
	at org.eclipse.m2e.core.internal.embedder.MavenImpl.execute(MavenImpl.java:1374)
	at org.eclipse.m2e.jdt.internal.DownloadSourcesJob.run(DownloadSourcesJob.java:161)
	at org.eclipse.core.internal.jobs.Worker.run(Worker.java:63)
2025-09-29 16:43:19,216 [Worker-168: Building] INFO  o.e.m.c.i.l.LifecycleMappingFactory - Using org.maven.ide.eclipse.wtp.WarLifecycleMapping lifecycle mapping for MavenProject: com.kh:db:1.0.0-BUILD-SNAPSHOT @ C:\12_Spring\work\Ex0929_db\pom.xml.
2025-09-29 16:43:19,246 [Worker-168: Building] INFO  o.e.m.c.i.e.AbstractTransferListenerAdapter - Downloading https://repo.maven.apache.org/maven2/org/springframework/spring-jdbc/3.2.2.RELEASE/spring-jdbc-3.2.2.RELEASE.pom
2025-09-29 16:43:19,269 [Worker-168: Building] INFO  o.e.m.c.i.e.AbstractTransferListenerAdapter - Downloaded https://repo.maven.apache.org/maven2/org/springframework/spring-jdbc/3.2.2.RELEASE/spring-jdbc-3.2.2.RELEASE.pom
2025-09-29 16:43:19,276 [Worker-168: Building] INFO  o.e.m.c.i.e.AbstractTransferListenerAdapter - Downloading https://repo.maven.apache.org/maven2/org/springframework/spring-beans/3.2.2.RELEASE/spring-beans-3.2.2.RELEASE.pom
2025-09-29 16:43:19,286 [Worker-168: Building] INFO  o.e.m.c.i.e.AbstractTransferListenerAdapter - Downloaded https://repo.maven.apache.org/maven2/org/springframework/spring-beans/3.2.2.RELEASE/spring-beans-3.2.2.RELEASE.pom
2025-09-29 16:43:19,300 [Worker-168: Building] INFO  o.e.m.c.i.e.AbstractTransferListenerAdapter - Downloading https://repo.maven.apache.org/maven2/org/springframework/spring-core/3.2.2.RELEASE/spring-core-3.2.2.RELEASE.pom
2025-09-29 16:43:19,317 [Worker-168: Building] INFO  o.e.m.c.i.e.AbstractTransferListenerAdapter - Downloaded https://repo.maven.apache.org/maven2/org/springframework/spring-core/3.2.2.RELEASE/spring-core-3.2.2.RELEASE.pom
2025-09-29 16:43:19,324 [Worker-168: Building] INFO  o.e.m.c.i.e.AbstractTransferListenerAdapter - Downloading https://repo.maven.apache.org/maven2/org/springframework/spring-tx/3.2.2.RELEASE/spring-tx-3.2.2.RELEASE.pom
2025-09-29 16:43:19,331 [Worker-168: Building] INFO  o.e.m.c.i.e.AbstractTransferListenerAdapter - Downloaded https://repo.maven.apache.org/maven2/org/springframework/spring-tx/3.2.2.RELEASE/spring-tx-3.2.2.RELEASE.pom
2025-09-29 16:43:19,341 [AetherRepositoryConnector-repo.maven.apache.org-9-1] INFO  o.e.m.c.i.e.AbstractTransferListenerAdapter - Downloading https://repo.maven.apache.org/maven2/org/springframework/spring-tx/3.2.2.RELEASE/spring-tx-3.2.2.RELEASE.jar
2025-09-29 16:43:19,349 [AetherRepositoryConnector-repo.maven.apache.org-9-0] INFO  o.e.m.c.i.e.AbstractTransferListenerAdapter - Downloading https://repo.maven.apache.org/maven2/org/springframework/spring-jdbc/3.2.2.RELEASE/spring-jdbc-3.2.2.RELEASE.jar
2025-09-29 16:43:19,358 [AetherRepositoryConnector-repo.maven.apache.org-9-1] INFO  o.e.m.c.i.e.AbstractTransferListenerAdapter - Downloaded https://repo.maven.apache.org/maven2/org/springframework/spring-tx/3.2.2.RELEASE/spring-tx-3.2.2.RELEASE.jar
2025-09-29 16:43:19,395 [AetherRepositoryConnector-repo.maven.apache.org-9-0] INFO  o.e.m.c.i.e.AbstractTransferListenerAdapter - Downloaded https://repo.maven.apache.org/maven2/org/springframework/spring-jdbc/3.2.2.RELEASE/spring-jdbc-3.2.2.RELEASE.jar
2025-09-29 16:43:19,650 [Worker-168: Building] WARN  o.e.m.c.i.embedder.EclipseLogger - Using platform encoding (MS949 actually) to copy filtered resources, i.e. build is platform dependent!
2025-09-29 16:43:19,651 [Worker-168: Building] INFO  o.e.m.c.i.embedder.EclipseLogger - Copying 0 resource
2025-09-29 16:43:19,651 [Worker-168: Building] WARN  o.e.m.c.i.embedder.EclipseLogger - Using platform encoding (MS949 actually) to copy filtered resources, i.e. build is platform dependent!
2025-09-29 16:43:19,652 [Worker-168: Building] INFO  o.e.m.c.i.embedder.EclipseLogger - Copying 0 resource
2025-09-29 16:43:19,652 [Worker-168: Building] INFO  o.e.m.w.i.f.ResourceFilteringBuildParticipant - Changed resources require a complete clean of filtered resources of Ex0929_db
2025-09-29 16:43:19,652 [Worker-168: Building] INFO  o.e.m.w.i.f.ResourceFilteringBuildParticipant - Executing resource filtering for Ex0929_db
2025-09-29 16:43:19,653 [Worker-168: Building] WARN  o.e.m.c.i.embedder.EclipseLogger - Using platform encoding (MS949 actually) to copy filtered resources, i.e. build is platform dependent!
2025-09-29 16:43:20,871 [Worker-169: Building] WARN  o.e.m.c.i.embedder.EclipseLogger - Using platform encoding (MS949 actually) to copy filtered resources, i.e. build is platform dependent!
2025-09-29 16:43:20,872 [Worker-169: Building] INFO  o.e.m.c.i.embedder.EclipseLogger - Copying 8 resources
2025-09-29 16:43:20,879 [Worker-169: Building] WARN  o.e.m.c.i.embedder.EclipseLogger - Using platform encoding (MS949 actually) to copy filtered resources, i.e. build is platform dependent!
2025-09-29 16:43:20,879 [Worker-169: Building] INFO  o.e.m.c.i.embedder.EclipseLogger - Copying 1 resource
2025-09-29 16:43:20,889 [Worker-170: Download sources and javadoc] INFO  o.e.m.c.i.e.AbstractTransferListenerAdapter - Downloading https://repo.maven.apache.org/maven2/org/springframework/spring-jdbc/3.2.2.RELEASE/spring-jdbc-3.2.2.RELEASE-sources.jar
2025-09-29 16:43:20,907 [Worker-170: Download sources and javadoc] INFO  o.e.m.c.i.e.AbstractTransferListenerAdapter - Downloaded https://repo.maven.apache.org/maven2/org/springframework/spring-jdbc/3.2.2.RELEASE/spring-jdbc-3.2.2.RELEASE-sources.jar
2025-09-29 16:43:20,985 [Worker-170: Download sources and javadoc] INFO  o.e.m.j.internal.DownloadSourcesJob - Downloaded sources for org.springframework:spring-jdbc:3.2.2.RELEASE
2025-09-29 16:43:21,010 [Worker-170: Download sources and javadoc] INFO  o.e.m.c.i.e.AbstractTransferListenerAdapter - Downloading https://repo.maven.apache.org/maven2/org/springframework/spring-tx/3.2.2.RELEASE/spring-tx-3.2.2.RELEASE-sources.jar
2025-09-29 16:43:21,033 [Worker-170: Download sources and javadoc] INFO  o.e.m.c.i.e.AbstractTransferListenerAdapter - Downloaded https://repo.maven.apache.org/maven2/org/springframework/spring-tx/3.2.2.RELEASE/spring-tx-3.2.2.RELEASE-sources.jar
2025-09-29 16:43:21,093 [Worker-170: Download sources and javadoc] INFO  o.e.m.j.internal.DownloadSourcesJob - Downloaded sources for org.springframework:spring-tx:3.2.2.RELEASE
2025-09-29 16:43:21,997 [Worker-168: Building] WARN  o.e.m.c.i.embedder.EclipseLogger - Using platform encoding (MS949 actually) to copy filtered resources, i.e. build is platform dependent!
2025-09-29 16:43:21,998 [Worker-168: Building] INFO  o.e.m.c.i.embedder.EclipseLogger - Copying 0 resource
2025-09-29 16:43:21,998 [Worker-168: Building] WARN  o.e.m.c.i.embedder.EclipseLogger - Using platform encoding (MS949 actually) to copy filtered resources, i.e. build is platform dependent!
2025-09-29 16:43:21,999 [Worker-168: Building] INFO  o.e.m.c.i.embedder.EclipseLogger - Copying 0 resource
2025-09-29 16:45:33,577 [Worker-158: Building] WARN  o.e.m.c.i.embedder.EclipseLogger - Using platform encoding (MS949 actually) to copy filtered resources, i.e. build is platform dependent!
2025-09-29 16:45:33,578 [Worker-158: Building] INFO  o.e.m.c.i.embedder.EclipseLogger - Copying 0 resource
2025-09-29 16:45:33,579 [Worker-158: Building] WARN  o.e.m.c.i.embedder.EclipseLogger - Using platform encoding (MS949 actually) to copy filtered resources, i.e. build is platform dependent!
2025-09-29 16:45:33,579 [Worker-158: Building] INFO  o.e.m.c.i.embedder.EclipseLogger - Copying 0 resource
2025-09-29 16:46:22,216 [Worker-175: Building] WARN  o.e.m.c.i.embedder.EclipseLogger - Using platform encoding (MS949 actually) to copy filtered resources, i.e. build is platform dependent!
2025-09-29 16:46:22,216 [Worker-175: Building] INFO  o.e.m.c.i.embedder.EclipseLogger - Copying 0 resource
2025-09-29 16:46:22,217 [Worker-175: Building] WARN  o.e.m.c.i.embedder.EclipseLogger - Using platform encoding (MS949 actually) to copy filtered resources, i.e. build is platform dependent!
2025-09-29 16:46:22,217 [Worker-175: Building] INFO  o.e.m.c.i.embedder.EclipseLogger - Copying 0 resource
2025-09-29 16:46:56,746 [Worker-175: Building] WARN  o.e.m.c.i.embedder.EclipseLogger - Using platform encoding (MS949 actually) to copy filtered resources, i.e. build is platform dependent!
2025-09-29 16:46:56,747 [Worker-175: Building] INFO  o.e.m.c.i.embedder.EclipseLogger - Copying 0 resource
2025-09-29 16:46:56,747 [Worker-175: Building] WARN  o.e.m.c.i.embedder.EclipseLogger - Using platform encoding (MS949 actually) to copy filtered resources, i.e. build is platform dependent!
2025-09-29 16:46:56,747 [Worker-175: Building] INFO  o.e.m.c.i.embedder.EclipseLogger - Copying 0 resource
2025-09-29 16:47:04,903 [Worker-158: Building] WARN  o.e.m.c.i.embedder.EclipseLogger - Using platform encoding (MS949 actually) to copy filtered resources, i.e. build is platform dependent!
2025-09-29 16:47:04,903 [Worker-158: Building] INFO  o.e.m.c.i.embedder.EclipseLogger - Copying 0 resource
2025-09-29 16:47:04,905 [Worker-158: Building] WARN  o.e.m.c.i.embedder.EclipseLogger - Using platform encoding (MS949 actually) to copy filtered resources, i.e. build is platform dependent!
2025-09-29 16:47:04,906 [Worker-158: Building] INFO  o.e.m.c.i.embedder.EclipseLogger - Copying 0 resource
2025-09-29 16:47:05,918 [Worker-158: Building] WARN  o.e.m.c.i.embedder.EclipseLogger - Using platform encoding (MS949 actually) to copy filtered resources, i.e. build is platform dependent!
2025-09-29 16:47:05,918 [Worker-158: Building] INFO  o.e.m.c.i.embedder.EclipseLogger - Copying 0 resource
2025-09-29 16:47:05,919 [Worker-158: Building] WARN  o.e.m.c.i.embedder.EclipseLogger - Using platform encoding (MS949 actually) to copy filtered resources, i.e. build is platform dependent!
2025-09-29 16:47:05,919 [Worker-158: Building] INFO  o.e.m.c.i.embedder.EclipseLogger - Copying 0 resource
2025-09-29 16:47:28,306 [Worker-175: Building] WARN  o.e.m.c.i.embedder.EclipseLogger - Using platform encoding (MS949 actually) to copy filtered resources, i.e. build is platform dependent!
2025-09-29 16:47:28,306 [Worker-175: Building] INFO  o.e.m.c.i.embedder.EclipseLogger - Copying 0 resource
2025-09-29 16:47:28,306 [Worker-175: Building] WARN  o.e.m.c.i.embedder.EclipseLogger - Using platform encoding (MS949 actually) to copy filtered resources, i.e. build is platform dependent!
2025-09-29 16:47:28,307 [Worker-175: Building] INFO  o.e.m.c.i.embedder.EclipseLogger - Copying 0 resource
2025-09-29 16:48:54,063 [Worker-174: Building] WARN  o.e.m.c.i.embedder.EclipseLogger - Using platform encoding (MS949 actually) to copy filtered resources, i.e. build is platform dependent!
2025-09-29 16:48:54,063 [Worker-174: Building] INFO  o.e.m.c.i.embedder.EclipseLogger - Copying 0 resource
2025-09-29 16:48:54,064 [Worker-174: Building] WARN  o.e.m.c.i.embedder.EclipseLogger - Using platform encoding (MS949 actually) to copy filtered resources, i.e. build is platform dependent!
2025-09-29 16:48:54,064 [Worker-174: Building] INFO  o.e.m.c.i.embedder.EclipseLogger - Copying 0 resource
2025-09-29 16:49:46,128 [Worker-173: Building] WARN  o.e.m.c.i.embedder.EclipseLogger - Using platform encoding (MS949 actually) to copy filtered resources, i.e. build is platform dependent!
2025-09-29 16:49:46,129 [Worker-173: Building] INFO  o.e.m.c.i.embedder.EclipseLogger - Copying 0 resource
2025-09-29 16:49:46,129 [Worker-173: Building] WARN  o.e.m.c.i.embedder.EclipseLogger - Using platform encoding (MS949 actually) to copy filtered resources, i.e. build is platform dependent!
2025-09-29 16:49:46,129 [Worker-173: Building] INFO  o.e.m.c.i.embedder.EclipseLogger - Copying 0 resource
2025-09-29 16:50:13,617 [Worker-176: Building] WARN  o.e.m.c.i.embedder.EclipseLogger - Using platform encoding (MS949 actually) to copy filtered resources, i.e. build is platform dependent!
2025-09-29 16:50:13,617 [Worker-176: Building] INFO  o.e.m.c.i.embedder.EclipseLogger - Copying 0 resource
2025-09-29 16:50:13,618 [Worker-176: Building] WARN  o.e.m.c.i.embedder.EclipseLogger - Using platform encoding (MS949 actually) to copy filtered resources, i.e. build is platform dependent!
2025-09-29 16:50:13,618 [Worker-176: Building] INFO  o.e.m.c.i.embedder.EclipseLogger - Copying 0 resource
2025-09-29 16:50:38,649 [Worker-175: Building] WARN  o.e.m.c.i.embedder.EclipseLogger - Using platform encoding (MS949 actually) to copy filtered resources, i.e. build is platform dependent!
2025-09-29 16:50:38,650 [Worker-175: Building] INFO  o.e.m.c.i.embedder.EclipseLogger - Copying 0 resource
2025-09-29 16:50:38,650 [Worker-175: Building] WARN  o.e.m.c.i.embedder.EclipseLogger - Using platform encoding (MS949 actually) to copy filtered resources, i.e. build is platform dependent!
2025-09-29 16:50:38,650 [Worker-175: Building] INFO  o.e.m.c.i.embedder.EclipseLogger - Copying 0 resource
2025-09-29 16:51:25,587 [Worker-175: Building] WARN  o.e.m.c.i.embedder.EclipseLogger - Using platform encoding (MS949 actually) to copy filtered resources, i.e. build is platform dependent!
2025-09-29 16:51:25,587 [Worker-175: Building] INFO  o.e.m.c.i.embedder.EclipseLogger - Copying 0 resource
2025-09-29 16:51:25,588 [Worker-175: Building] WARN  o.e.m.c.i.embedder.EclipseLogger - Using platform encoding (MS949 actually) to copy filtered resources, i.e. build is platform dependent!
2025-09-29 16:51:25,588 [Worker-175: Building] INFO  o.e.m.c.i.embedder.EclipseLogger - Copying 0 resource
2025-09-29 16:51:32,291 [Worker-176: Building] WARN  o.e.m.c.i.embedder.EclipseLogger - Using platform encoding (MS949 actually) to copy filtered resources, i.e. build is platform dependent!
2025-09-29 16:51:32,291 [Worker-176: Building] INFO  o.e.m.c.i.embedder.EclipseLogger - Copying 0 resource
2025-09-29 16:51:32,292 [Worker-176: Building] WARN  o.e.m.c.i.embedder.EclipseLogger - Using platform encoding (MS949 actually) to copy filtered resources, i.e. build is platform dependent!
2025-09-29 16:51:32,292 [Worker-176: Building] INFO  o.e.m.c.i.embedder.EclipseLogger - Copying 0 resource
2025-09-29 16:51:36,693 [Worker-177: Building] WARN  o.e.m.c.i.embedder.EclipseLogger - Using platform encoding (MS949 actually) to copy filtered resources, i.e. build is platform dependent!
2025-09-29 16:51:36,694 [Worker-177: Building] INFO  o.e.m.c.i.embedder.EclipseLogger - Copying 0 resource
2025-09-29 16:51:36,694 [Worker-177: Building] WARN  o.e.m.c.i.embedder.EclipseLogger - Using platform encoding (MS949 actually) to copy filtered resources, i.e. build is platform dependent!
2025-09-29 16:51:36,695 [Worker-177: Building] INFO  o.e.m.c.i.embedder.EclipseLogger - Copying 0 resource
2025-09-29 16:51:45,468 [Worker-176: Building] WARN  o.e.m.c.i.embedder.EclipseLogger - Using platform encoding (MS949 actually) to copy filtered resources, i.e. build is platform dependent!
2025-09-29 16:51:45,469 [Worker-176: Building] INFO  o.e.m.c.i.embedder.EclipseLogger - Copying 0 resource
2025-09-29 16:51:45,470 [Worker-176: Building] WARN  o.e.m.c.i.embedder.EclipseLogger - Using platform encoding (MS949 actually) to copy filtered resources, i.e. build is platform dependent!
2025-09-29 16:51:45,470 [Worker-176: Building] INFO  o.e.m.c.i.embedder.EclipseLogger - Copying 0 resource
2025-09-29 16:52:02,836 [Worker-176: Building] WARN  o.e.m.c.i.embedder.EclipseLogger - Using platform encoding (MS949 actually) to copy filtered resources, i.e. build is platform dependent!
2025-09-29 16:52:02,836 [Worker-176: Building] INFO  o.e.m.c.i.embedder.EclipseLogger - Copying 0 resource
2025-09-29 16:52:02,837 [Worker-176: Building] WARN  o.e.m.c.i.embedder.EclipseLogger - Using platform encoding (MS949 actually) to copy filtered resources, i.e. build is platform dependent!
2025-09-29 16:52:02,837 [Worker-176: Building] INFO  o.e.m.c.i.embedder.EclipseLogger - Copying 0 resource
2025-09-29 16:52:15,002 [Worker-177: Building] WARN  o.e.m.c.i.embedder.EclipseLogger - Using platform encoding (MS949 actually) to copy filtered resources, i.e. build is platform dependent!
2025-09-29 16:52:15,002 [Worker-177: Building] INFO  o.e.m.c.i.embedder.EclipseLogger - Copying 0 resource
2025-09-29 16:52:15,003 [Worker-177: Building] WARN  o.e.m.c.i.embedder.EclipseLogger - Using platform encoding (MS949 actually) to copy filtered resources, i.e. build is platform dependent!
2025-09-29 16:52:15,003 [Worker-177: Building] INFO  o.e.m.c.i.embedder.EclipseLogger - Copying 0 resource
2025-09-29 16:52:41,040 [Worker-177: Building] WARN  o.e.m.c.i.embedder.EclipseLogger - Using platform encoding (MS949 actually) to copy filtered resources, i.e. build is platform dependent!
2025-09-29 16:52:41,041 [Worker-177: Building] INFO  o.e.m.c.i.embedder.EclipseLogger - Copying 0 resource
2025-09-29 16:52:41,041 [Worker-177: Building] WARN  o.e.m.c.i.embedder.EclipseLogger - Using platform encoding (MS949 actually) to copy filtered resources, i.e. build is platform dependent!
2025-09-29 16:52:41,042 [Worker-177: Building] INFO  o.e.m.c.i.embedder.EclipseLogger - Copying 0 resource
2025-09-29 16:52:43,836 [Worker-173: Building] WARN  o.e.m.c.i.embedder.EclipseLogger - Using platform encoding (MS949 actually) to copy filtered resources, i.e. build is platform dependent!
2025-09-29 16:52:43,837 [Worker-173: Building] INFO  o.e.m.c.i.embedder.EclipseLogger - Copying 0 resource
2025-09-29 16:52:43,837 [Worker-173: Building] WARN  o.e.m.c.i.embedder.EclipseLogger - Using platform encoding (MS949 actually) to copy filtered resources, i.e. build is platform dependent!
2025-09-29 16:52:43,838 [Worker-173: Building] INFO  o.e.m.c.i.embedder.EclipseLogger - Copying 0 resource
2025-09-29 16:53:03,205 [Worker-178: Building] WARN  o.e.m.c.i.embedder.EclipseLogger - Using platform encoding (MS949 actually) to copy filtered resources, i.e. build is platform dependent!
2025-09-29 16:53:03,207 [Worker-178: Building] INFO  o.e.m.c.i.embedder.EclipseLogger - Copying 8 resources
2025-09-29 16:53:03,208 [Worker-178: Building] WARN  o.e.m.c.i.embedder.EclipseLogger - Using platform encoding (MS949 actually) to copy filtered resources, i.e. build is platform dependent!
2025-09-29 16:53:03,208 [Worker-178: Building] INFO  o.e.m.c.i.embedder.EclipseLogger - Copying 0 resource
2025-09-29 16:53:13,613 [Worker-174: Building] WARN  o.e.m.c.i.embedder.EclipseLogger - Using platform encoding (MS949 actually) to copy filtered resources, i.e. build is platform dependent!
2025-09-29 16:53:13,614 [Worker-174: Building] INFO  o.e.m.c.i.embedder.EclipseLogger - Copying 8 resources
2025-09-29 16:53:13,614 [Worker-174: Building] WARN  o.e.m.c.i.embedder.EclipseLogger - Using platform encoding (MS949 actually) to copy filtered resources, i.e. build is platform dependent!
2025-09-29 16:53:13,615 [Worker-174: Building] INFO  o.e.m.c.i.embedder.EclipseLogger - Copying 0 resource
2025-09-29 16:53:40,316 [Worker-176: Building] WARN  o.e.m.c.i.embedder.EclipseLogger - Using platform encoding (MS949 actually) to copy filtered resources, i.e. build is platform dependent!
2025-09-29 16:53:40,317 [Worker-176: Building] INFO  o.e.m.c.i.embedder.EclipseLogger - Copying 8 resources
2025-09-29 16:53:40,318 [Worker-176: Building] WARN  o.e.m.c.i.embedder.EclipseLogger - Using platform encoding (MS949 actually) to copy filtered resources, i.e. build is platform dependent!
2025-09-29 16:53:40,318 [Worker-176: Building] INFO  o.e.m.c.i.embedder.EclipseLogger - Copying 0 resource
2025-09-29 16:53:43,524 [Worker-178: Building] WARN  o.e.m.c.i.embedder.EclipseLogger - Using platform encoding (MS949 actually) to copy filtered resources, i.e. build is platform dependent!
2025-09-29 16:53:43,525 [Worker-178: Building] INFO  o.e.m.c.i.embedder.EclipseLogger - Copying 8 resources
2025-09-29 16:53:43,526 [Worker-178: Building] WARN  o.e.m.c.i.embedder.EclipseLogger - Using platform encoding (MS949 actually) to copy filtered resources, i.e. build is platform dependent!
2025-09-29 16:53:43,526 [Worker-178: Building] INFO  o.e.m.c.i.embedder.EclipseLogger - Copying 0 resource
2025-09-29 16:53:47,289 [Worker-174: Building] WARN  o.e.m.c.i.embedder.EclipseLogger - Using platform encoding (MS949 actually) to copy filtered resources, i.e. build is platform dependent!
2025-09-29 16:53:47,290 [Worker-174: Building] INFO  o.e.m.c.i.embedder.EclipseLogger - Copying 8 resources
2025-09-29 16:53:47,291 [Worker-174: Building] WARN  o.e.m.c.i.embedder.EclipseLogger - Using platform encoding (MS949 actually) to copy filtered resources, i.e. build is platform dependent!
2025-09-29 16:53:47,291 [Worker-174: Building] INFO  o.e.m.c.i.embedder.EclipseLogger - Copying 0 resource
2025-09-29 16:54:48,119 [Worker-158: Building] WARN  o.e.m.c.i.embedder.EclipseLogger - Using platform encoding (MS949 actually) to copy filtered resources, i.e. build is platform dependent!
2025-09-29 16:54:48,120 [Worker-158: Building] INFO  o.e.m.c.i.embedder.EclipseLogger - Copying 1 resource
2025-09-29 16:54:48,121 [Worker-158: Building] WARN  o.e.m.c.i.embedder.EclipseLogger - Using platform encoding (MS949 actually) to copy filtered resources, i.e. build is platform dependent!
2025-09-29 16:54:48,121 [Worker-158: Building] INFO  o.e.m.c.i.embedder.EclipseLogger - Copying 0 resource
2025-09-29 16:55:32,045 [Worker-158: Building] WARN  o.e.m.c.i.embedder.EclipseLogger - Using platform encoding (MS949 actually) to copy filtered resources, i.e. build is platform dependent!
2025-09-29 16:55:32,046 [Worker-158: Building] INFO  o.e.m.c.i.embedder.EclipseLogger - Copying 8 resources
2025-09-29 16:55:32,047 [Worker-158: Building] WARN  o.e.m.c.i.embedder.EclipseLogger - Using platform encoding (MS949 actually) to copy filtered resources, i.e. build is platform dependent!
2025-09-29 16:55:32,047 [Worker-158: Building] INFO  o.e.m.c.i.embedder.EclipseLogger - Copying 0 resource
2025-09-29 16:55:57,788 [Worker-178: Building] WARN  o.e.m.c.i.embedder.EclipseLogger - Using platform encoding (MS949 actually) to copy filtered resources, i.e. build is platform dependent!
2025-09-29 16:55:57,789 [Worker-178: Building] INFO  o.e.m.c.i.embedder.EclipseLogger - Copying 8 resources
2025-09-29 16:55:57,790 [Worker-178: Building] WARN  o.e.m.c.i.embedder.EclipseLogger - Using platform encoding (MS949 actually) to copy filtered resources, i.e. build is platform dependent!
2025-09-29 16:55:57,790 [Worker-178: Building] INFO  o.e.m.c.i.embedder.EclipseLogger - Copying 0 resource
2025-09-29 17:03:56,476 [Worker-180: Building] WARN  o.e.m.c.i.embedder.EclipseLogger - Using platform encoding (MS949 actually) to copy filtered resources, i.e. build is platform dependent!
2025-09-29 17:03:56,477 [Worker-180: Building] INFO  o.e.m.c.i.embedder.EclipseLogger - Copying 8 resources
2025-09-29 17:03:56,478 [Worker-180: Building] WARN  o.e.m.c.i.embedder.EclipseLogger - Using platform encoding (MS949 actually) to copy filtered resources, i.e. build is platform dependent!
2025-09-29 17:03:56,478 [Worker-180: Building] INFO  o.e.m.c.i.embedder.EclipseLogger - Copying 0 resource
2025-09-29 17:04:03,618 [Worker-182: Building] WARN  o.e.m.c.i.embedder.EclipseLogger - Using platform encoding (MS949 actually) to copy filtered resources, i.e. build is platform dependent!
2025-09-29 17:04:03,619 [Worker-182: Building] INFO  o.e.m.c.i.embedder.EclipseLogger - Copying 8 resources
2025-09-29 17:04:03,620 [Worker-182: Building] WARN  o.e.m.c.i.embedder.EclipseLogger - Using platform encoding (MS949 actually) to copy filtered resources, i.e. build is platform dependent!
2025-09-29 17:04:03,621 [Worker-182: Building] INFO  o.e.m.c.i.embedder.EclipseLogger - Copying 0 resource
2025-09-29 17:05:26,666 [Worker-182: Building] WARN  o.e.m.c.i.embedder.EclipseLogger - Using platform encoding (MS949 actually) to copy filtered resources, i.e. build is platform dependent!
2025-09-29 17:05:26,667 [Worker-182: Building] INFO  o.e.m.c.i.embedder.EclipseLogger - Copying 8 resources
2025-09-29 17:05:26,668 [Worker-182: Building] WARN  o.e.m.c.i.embedder.EclipseLogger - Using platform encoding (MS949 actually) to copy filtered resources, i.e. build is platform dependent!
2025-09-29 17:05:26,668 [Worker-182: Building] INFO  o.e.m.c.i.embedder.EclipseLogger - Copying 0 resource
2025-09-29 17:05:41,039 [Worker-182: Building] WARN  o.e.m.c.i.embedder.EclipseLogger - Using platform encoding (MS949 actually) to copy filtered resources, i.e. build is platform dependent!
2025-09-29 17:05:41,040 [Worker-182: Building] INFO  o.e.m.c.i.embedder.EclipseLogger - Copying 8 resources
2025-09-29 17:05:41,041 [Worker-182: Building] WARN  o.e.m.c.i.embedder.EclipseLogger - Using platform encoding (MS949 actually) to copy filtered resources, i.e. build is platform dependent!
2025-09-29 17:05:41,041 [Worker-182: Building] INFO  o.e.m.c.i.embedder.EclipseLogger - Copying 0 resource
2025-09-29 17:06:52,337 [Worker-183: Building] WARN  o.e.m.c.i.embedder.EclipseLogger - Using platform encoding (MS949 actually) to copy filtered resources, i.e. build is platform dependent!
2025-09-29 17:06:52,338 [Worker-183: Building] INFO  o.e.m.c.i.embedder.EclipseLogger - Copying 8 resources
2025-09-29 17:06:52,339 [Worker-183: Building] WARN  o.e.m.c.i.embedder.EclipseLogger - Using platform encoding (MS949 actually) to copy filtered resources, i.e. build is platform dependent!
2025-09-29 17:06:52,339 [Worker-183: Building] INFO  o.e.m.c.i.embedder.EclipseLogger - Copying 0 resource
2025-09-29 17:07:03,754 [Worker-185: Building] WARN  o.e.m.c.i.embedder.EclipseLogger - Using platform encoding (MS949 actually) to copy filtered resources, i.e. build is platform dependent!
2025-09-29 17:07:03,755 [Worker-185: Building] INFO  o.e.m.c.i.embedder.EclipseLogger - Copying 8 resources
2025-09-29 17:07:03,756 [Worker-185: Building] WARN  o.e.m.c.i.embedder.EclipseLogger - Using platform encoding (MS949 actually) to copy filtered resources, i.e. build is platform dependent!
2025-09-29 17:07:03,756 [Worker-185: Building] INFO  o.e.m.c.i.embedder.EclipseLogger - Copying 0 resource
2025-09-29 17:07:41,632 [Worker-180: Building] WARN  o.e.m.c.i.embedder.EclipseLogger - Using platform encoding (MS949 actually) to copy filtered resources, i.e. build is platform dependent!
2025-09-29 17:07:41,634 [Worker-180: Building] INFO  o.e.m.c.i.embedder.EclipseLogger - Copying 8 resources
2025-09-29 17:07:41,635 [Worker-180: Building] WARN  o.e.m.c.i.embedder.EclipseLogger - Using platform encoding (MS949 actually) to copy filtered resources, i.e. build is platform dependent!
2025-09-29 17:07:41,635 [Worker-180: Building] INFO  o.e.m.c.i.embedder.EclipseLogger - Copying 0 resource
2025-09-29 17:07:49,701 [Worker-184: Building] WARN  o.e.m.c.i.embedder.EclipseLogger - Using platform encoding (MS949 actually) to copy filtered resources, i.e. build is platform dependent!
2025-09-29 17:07:49,702 [Worker-184: Building] INFO  o.e.m.c.i.embedder.EclipseLogger - Copying 8 resources
2025-09-29 17:07:49,703 [Worker-184: Building] WARN  o.e.m.c.i.embedder.EclipseLogger - Using platform encoding (MS949 actually) to copy filtered resources, i.e. build is platform dependent!
2025-09-29 17:07:49,703 [Worker-184: Building] INFO  o.e.m.c.i.embedder.EclipseLogger - Copying 0 resource
2025-09-29 17:08:43,782 [Worker-179: Building] WARN  o.e.m.c.i.embedder.EclipseLogger - Using platform encoding (MS949 actually) to copy filtered resources, i.e. build is platform dependent!
2025-09-29 17:08:43,784 [Worker-179: Building] INFO  o.e.m.c.i.embedder.EclipseLogger - Copying 8 resources
2025-09-29 17:08:43,785 [Worker-179: Building] WARN  o.e.m.c.i.embedder.EclipseLogger - Using platform encoding (MS949 actually) to copy filtered resources, i.e. build is platform dependent!
2025-09-29 17:08:43,785 [Worker-179: Building] INFO  o.e.m.c.i.embedder.EclipseLogger - Copying 0 resource
2025-09-29 17:09:21,297 [Worker-185: Building] WARN  o.e.m.c.i.embedder.EclipseLogger - Using platform encoding (MS949 actually) to copy filtered resources, i.e. build is platform dependent!
2025-09-29 17:09:21,298 [Worker-185: Building] INFO  o.e.m.c.i.embedder.EclipseLogger - Copying 8 resources
2025-09-29 17:09:21,298 [Worker-185: Building] WARN  o.e.m.c.i.embedder.EclipseLogger - Using platform encoding (MS949 actually) to copy filtered resources, i.e. build is platform dependent!
2025-09-29 17:09:21,299 [Worker-185: Building] INFO  o.e.m.c.i.embedder.EclipseLogger - Copying 0 resource
2025-09-29 17:09:32,554 [Worker-179: Building] WARN  o.e.m.c.i.embedder.EclipseLogger - Using platform encoding (MS949 actually) to copy filtered resources, i.e. build is platform dependent!
2025-09-29 17:09:32,555 [Worker-179: Building] INFO  o.e.m.c.i.embedder.EclipseLogger - Copying 8 resources
2025-09-29 17:09:32,556 [Worker-179: Building] WARN  o.e.m.c.i.embedder.EclipseLogger - Using platform encoding (MS949 actually) to copy filtered resources, i.e. build is platform dependent!
2025-09-29 17:09:32,556 [Worker-179: Building] INFO  o.e.m.c.i.embedder.EclipseLogger - Copying 0 resource
2025-09-29 17:09:53,811 [Worker-183: Building] WARN  o.e.m.c.i.embedder.EclipseLogger - Using platform encoding (MS949 actually) to copy filtered resources, i.e. build is platform dependent!
2025-09-29 17:09:53,813 [Worker-183: Building] INFO  o.e.m.c.i.embedder.EclipseLogger - Copying 8 resources
2025-09-29 17:09:53,814 [Worker-183: Building] WARN  o.e.m.c.i.embedder.EclipseLogger - Using platform encoding (MS949 actually) to copy filtered resources, i.e. build is platform dependent!
2025-09-29 17:09:53,814 [Worker-183: Building] INFO  o.e.m.c.i.embedder.EclipseLogger - Copying 0 resource
2025-09-29 17:11:10,444 [Worker-185: Building] WARN  o.e.m.c.i.embedder.EclipseLogger - Using platform encoding (MS949 actually) to copy filtered resources, i.e. build is platform dependent!
2025-09-29 17:11:10,445 [Worker-185: Building] INFO  o.e.m.c.i.embedder.EclipseLogger - Copying 8 resources
2025-09-29 17:11:10,446 [Worker-185: Building] WARN  o.e.m.c.i.embedder.EclipseLogger - Using platform encoding (MS949 actually) to copy filtered resources, i.e. build is platform dependent!
2025-09-29 17:11:10,446 [Worker-185: Building] INFO  o.e.m.c.i.embedder.EclipseLogger - Copying 0 resource
2025-09-29 17:11:36,158 [Worker-181: Building] WARN  o.e.m.c.i.embedder.EclipseLogger - Using platform encoding (MS949 actually) to copy filtered resources, i.e. build is platform dependent!
2025-09-29 17:11:36,159 [Worker-181: Building] INFO  o.e.m.c.i.embedder.EclipseLogger - Copying 8 resources
2025-09-29 17:11:36,159 [Worker-181: Building] WARN  o.e.m.c.i.embedder.EclipseLogger - Using platform encoding (MS949 actually) to copy filtered resources, i.e. build is platform dependent!
2025-09-29 17:11:36,160 [Worker-181: Building] INFO  o.e.m.c.i.embedder.EclipseLogger - Copying 0 resource
2025-09-29 17:12:50,968 [Worker-182: Building] WARN  o.e.m.c.i.embedder.EclipseLogger - Using platform encoding (MS949 actually) to copy filtered resources, i.e. build is platform dependent!
2025-09-29 17:12:50,968 [Worker-182: Building] INFO  o.e.m.c.i.embedder.EclipseLogger - Copying 0 resource
2025-09-29 17:12:50,969 [Worker-182: Building] WARN  o.e.m.c.i.embedder.EclipseLogger - Using platform encoding (MS949 actually) to copy filtered resources, i.e. build is platform dependent!
2025-09-29 17:12:50,969 [Worker-182: Building] INFO  o.e.m.c.i.embedder.EclipseLogger - Copying 0 resource
2025-09-29 17:13:23,523 [Worker-186: Building] WARN  o.e.m.c.i.embedder.EclipseLogger - Using platform encoding (MS949 actually) to copy filtered resources, i.e. build is platform dependent!
2025-09-29 17:13:23,524 [Worker-186: Building] INFO  o.e.m.c.i.embedder.EclipseLogger - Copying 8 resources
2025-09-29 17:13:23,525 [Worker-186: Building] WARN  o.e.m.c.i.embedder.EclipseLogger - Using platform encoding (MS949 actually) to copy filtered resources, i.e. build is platform dependent!
2025-09-29 17:13:23,525 [Worker-186: Building] INFO  o.e.m.c.i.embedder.EclipseLogger - Copying 0 resource
2025-09-29 17:14:48,792 [Worker-187: Building] WARN  o.e.m.c.i.embedder.EclipseLogger - Using platform encoding (MS949 actually) to copy filtered resources, i.e. build is platform dependent!
2025-09-29 17:14:48,793 [Worker-187: Building] INFO  o.e.m.c.i.embedder.EclipseLogger - Copying 0 resource
2025-09-29 17:14:48,793 [Worker-187: Building] WARN  o.e.m.c.i.embedder.EclipseLogger - Using platform encoding (MS949 actually) to copy filtered resources, i.e. build is platform dependent!
2025-09-29 17:14:48,794 [Worker-187: Building] INFO  o.e.m.c.i.embedder.EclipseLogger - Copying 0 resource
2025-09-29 17:15:03,309 [Worker-186: Building] WARN  o.e.m.c.i.embedder.EclipseLogger - Using platform encoding (MS949 actually) to copy filtered resources, i.e. build is platform dependent!
2025-09-29 17:15:03,310 [Worker-186: Building] INFO  o.e.m.c.i.embedder.EclipseLogger - Copying 0 resource
2025-09-29 17:15:03,310 [Worker-186: Building] WARN  o.e.m.c.i.embedder.EclipseLogger - Using platform encoding (MS949 actually) to copy filtered resources, i.e. build is platform dependent!
2025-09-29 17:15:03,310 [Worker-186: Building] INFO  o.e.m.c.i.embedder.EclipseLogger - Copying 0 resource
2025-09-29 17:16:40,265 [Worker-180: Building] WARN  o.e.m.c.i.embedder.EclipseLogger - Using platform encoding (MS949 actually) to copy filtered resources, i.e. build is platform dependent!
2025-09-29 17:16:40,266 [Worker-180: Building] INFO  o.e.m.c.i.embedder.EclipseLogger - Copying 0 resource
2025-09-29 17:16:40,267 [Worker-180: Building] WARN  o.e.m.c.i.embedder.EclipseLogger - Using platform encoding (MS949 actually) to copy filtered resources, i.e. build is platform dependent!
2025-09-29 17:16:40,268 [Worker-180: Building] INFO  o.e.m.c.i.embedder.EclipseLogger - Copying 0 resource
2025-09-29 17:16:42,870 [Worker-192: Building] WARN  o.e.m.c.i.embedder.EclipseLogger - Using platform encoding (MS949 actually) to copy filtered resources, i.e. build is platform dependent!
2025-09-29 17:16:42,871 [Worker-192: Building] INFO  o.e.m.c.i.embedder.EclipseLogger - Copying 0 resource
2025-09-29 17:16:42,871 [Worker-192: Building] WARN  o.e.m.c.i.embedder.EclipseLogger - Using platform encoding (MS949 actually) to copy filtered resources, i.e. build is platform dependent!
2025-09-29 17:16:42,871 [Worker-192: Building] INFO  o.e.m.c.i.embedder.EclipseLogger - Copying 0 resource
2025-09-29 17:17:01,259 [Worker-172: Building] WARN  o.e.m.c.i.embedder.EclipseLogger - Using platform encoding (MS949 actually) to copy filtered resources, i.e. build is platform dependent!
2025-09-29 17:17:01,260 [Worker-172: Building] INFO  o.e.m.c.i.embedder.EclipseLogger - Copying 0 resource
2025-09-29 17:17:01,260 [Worker-172: Building] WARN  o.e.m.c.i.embedder.EclipseLogger - Using platform encoding (MS949 actually) to copy filtered resources, i.e. build is platform dependent!
2025-09-29 17:17:01,261 [Worker-172: Building] INFO  o.e.m.c.i.embedder.EclipseLogger - Copying 0 resource
2025-09-29 17:17:36,023 [Worker-186: Building] WARN  o.e.m.c.i.embedder.EclipseLogger - Using platform encoding (MS949 actually) to copy filtered resources, i.e. build is platform dependent!
2025-09-29 17:17:36,023 [Worker-186: Building] INFO  o.e.m.c.i.embedder.EclipseLogger - Copying 0 resource
2025-09-29 17:17:36,024 [Worker-186: Building] WARN  o.e.m.c.i.embedder.EclipseLogger - Using platform encoding (MS949 actually) to copy filtered resources, i.e. build is platform dependent!
2025-09-29 17:17:36,024 [Worker-186: Building] INFO  o.e.m.c.i.embedder.EclipseLogger - Copying 0 resource
2025-09-29 17:18:25,024 [Worker-191: Building] WARN  o.e.m.c.i.embedder.EclipseLogger - Using platform encoding (MS949 actually) to copy filtered resources, i.e. build is platform dependent!
2025-09-29 17:18:25,024 [Worker-191: Building] INFO  o.e.m.c.i.embedder.EclipseLogger - Copying 0 resource
2025-09-29 17:18:25,025 [Worker-191: Building] WARN  o.e.m.c.i.embedder.EclipseLogger - Using platform encoding (MS949 actually) to copy filtered resources, i.e. build is platform dependent!
2025-09-29 17:18:25,026 [Worker-191: Building] INFO  o.e.m.c.i.embedder.EclipseLogger - Copying 0 resource
2025-09-29 17:18:29,355 [Worker-192: Building] WARN  o.e.m.c.i.embedder.EclipseLogger - Using platform encoding (MS949 actually) to copy filtered resources, i.e. build is platform dependent!
2025-09-29 17:18:29,356 [Worker-192: Building] INFO  o.e.m.c.i.embedder.EclipseLogger - Copying 0 resource
2025-09-29 17:18:29,356 [Worker-192: Building] WARN  o.e.m.c.i.embedder.EclipseLogger - Using platform encoding (MS949 actually) to copy filtered resources, i.e. build is platform dependent!
2025-09-29 17:18:29,357 [Worker-192: Building] INFO  o.e.m.c.i.embedder.EclipseLogger - Copying 0 resource
2025-09-29 17:19:11,489 [Worker-172: Building] WARN  o.e.m.c.i.embedder.EclipseLogger - Using platform encoding (MS949 actually) to copy filtered resources, i.e. build is platform dependent!
2025-09-29 17:19:11,490 [Worker-172: Building] INFO  o.e.m.c.i.embedder.EclipseLogger - Copying 8 resources
2025-09-29 17:19:11,491 [Worker-172: Building] WARN  o.e.m.c.i.embedder.EclipseLogger - Using platform encoding (MS949 actually) to copy filtered resources, i.e. build is platform dependent!
2025-09-29 17:19:11,491 [Worker-172: Building] INFO  o.e.m.c.i.embedder.EclipseLogger - Copying 0 resource
2025-09-29 17:19:30,428 [Worker-172: Building] WARN  o.e.m.c.i.embedder.EclipseLogger - Using platform encoding (MS949 actually) to copy filtered resources, i.e. build is platform dependent!
2025-09-29 17:19:30,429 [Worker-172: Building] INFO  o.e.m.c.i.embedder.EclipseLogger - Copying 8 resources
2025-09-29 17:19:30,430 [Worker-172: Building] WARN  o.e.m.c.i.embedder.EclipseLogger - Using platform encoding (MS949 actually) to copy filtered resources, i.e. build is platform dependent!
2025-09-29 17:19:30,430 [Worker-172: Building] INFO  o.e.m.c.i.embedder.EclipseLogger - Copying 0 resource
2025-09-29 17:19:49,871 [Worker-172: Building] WARN  o.e.m.c.i.embedder.EclipseLogger - Using platform encoding (MS949 actually) to copy filtered resources, i.e. build is platform dependent!
2025-09-29 17:19:49,872 [Worker-172: Building] INFO  o.e.m.c.i.embedder.EclipseLogger - Copying 8 resources
2025-09-29 17:19:49,873 [Worker-172: Building] WARN  o.e.m.c.i.embedder.EclipseLogger - Using platform encoding (MS949 actually) to copy filtered resources, i.e. build is platform dependent!
2025-09-29 17:19:49,873 [Worker-172: Building] INFO  o.e.m.c.i.embedder.EclipseLogger - Copying 0 resource
2025-09-29 17:19:54,742 [Worker-172: Building] WARN  o.e.m.c.i.embedder.EclipseLogger - Using platform encoding (MS949 actually) to copy filtered resources, i.e. build is platform dependent!
2025-09-29 17:19:54,743 [Worker-172: Building] INFO  o.e.m.c.i.embedder.EclipseLogger - Copying 8 resources
2025-09-29 17:19:54,744 [Worker-172: Building] WARN  o.e.m.c.i.embedder.EclipseLogger - Using platform encoding (MS949 actually) to copy filtered resources, i.e. build is platform dependent!
2025-09-29 17:19:54,744 [Worker-172: Building] INFO  o.e.m.c.i.embedder.EclipseLogger - Copying 0 resource
2025-09-29 17:20:28,136 [Worker-189: Building] WARN  o.e.m.c.i.embedder.EclipseLogger - Using platform encoding (MS949 actually) to copy filtered resources, i.e. build is platform dependent!
2025-09-29 17:20:28,137 [Worker-189: Building] INFO  o.e.m.c.i.embedder.EclipseLogger - Copying 8 resources
2025-09-29 17:20:28,138 [Worker-189: Building] WARN  o.e.m.c.i.embedder.EclipseLogger - Using platform encoding (MS949 actually) to copy filtered resources, i.e. build is platform dependent!
2025-09-29 17:20:28,138 [Worker-189: Building] INFO  o.e.m.c.i.embedder.EclipseLogger - Copying 0 resource
2025-09-29 17:20:36,513 [Worker-193: Building] WARN  o.e.m.c.i.embedder.EclipseLogger - Using platform encoding (MS949 actually) to copy filtered resources, i.e. build is platform dependent!
2025-09-29 17:20:36,513 [Worker-193: Building] INFO  o.e.m.c.i.embedder.EclipseLogger - Copying 0 resource
2025-09-29 17:20:36,514 [Worker-193: Building] WARN  o.e.m.c.i.embedder.EclipseLogger - Using platform encoding (MS949 actually) to copy filtered resources, i.e. build is platform dependent!
2025-09-29 17:20:36,514 [Worker-193: Building] INFO  o.e.m.c.i.embedder.EclipseLogger - Copying 0 resource
2025-09-29 17:20:49,494 [Worker-180: Building] WARN  o.e.m.c.i.embedder.EclipseLogger - Using platform encoding (MS949 actually) to copy filtered resources, i.e. build is platform dependent!
2025-09-29 17:20:49,494 [Worker-180: Building] INFO  o.e.m.c.i.embedder.EclipseLogger - Copying 0 resource
2025-09-29 17:20:49,495 [Worker-180: Building] WARN  o.e.m.c.i.embedder.EclipseLogger - Using platform encoding (MS949 actually) to copy filtered resources, i.e. build is platform dependent!
2025-09-29 17:20:49,495 [Worker-180: Building] INFO  o.e.m.c.i.embedder.EclipseLogger - Copying 0 resource
2025-09-29 17:21:17,710 [Worker-194: Building] WARN  o.e.m.c.i.embedder.EclipseLogger - Using platform encoding (MS949 actually) to copy filtered resources, i.e. build is platform dependent!
2025-09-29 17:21:17,711 [Worker-194: Building] INFO  o.e.m.c.i.embedder.EclipseLogger - Copying 0 resource
2025-09-29 17:21:17,711 [Worker-194: Building] WARN  o.e.m.c.i.embedder.EclipseLogger - Using platform encoding (MS949 actually) to copy filtered resources, i.e. build is platform dependent!
2025-09-29 17:21:17,711 [Worker-194: Building] INFO  o.e.m.c.i.embedder.EclipseLogger - Copying 0 resource
2025-09-29 17:21:38,826 [Worker-193: Building] WARN  o.e.m.c.i.embedder.EclipseLogger - Using platform encoding (MS949 actually) to copy filtered resources, i.e. build is platform dependent!
2025-09-29 17:21:38,827 [Worker-193: Building] INFO  o.e.m.c.i.embedder.EclipseLogger - Copying 0 resource
2025-09-29 17:21:38,827 [Worker-193: Building] WARN  o.e.m.c.i.embedder.EclipseLogger - Using platform encoding (MS949 actually) to copy filtered resources, i.e. build is platform dependent!
2025-09-29 17:21:38,828 [Worker-193: Building] INFO  o.e.m.c.i.embedder.EclipseLogger - Copying 0 resource
2025-09-29 17:22:53,432 [Worker-187: Building] WARN  o.e.m.c.i.embedder.EclipseLogger - Using platform encoding (MS949 actually) to copy filtered resources, i.e. build is platform dependent!
2025-09-29 17:22:53,434 [Worker-187: Building] INFO  o.e.m.c.i.embedder.EclipseLogger - Copying 8 resources
2025-09-29 17:22:53,435 [Worker-187: Building] WARN  o.e.m.c.i.embedder.EclipseLogger - Using platform encoding (MS949 actually) to copy filtered resources, i.e. build is platform dependent!
2025-09-29 17:22:53,435 [Worker-187: Building] INFO  o.e.m.c.i.embedder.EclipseLogger - Copying 0 resource
2025-09-29 17:24:07,153 [Worker-191: Building] WARN  o.e.m.c.i.embedder.EclipseLogger - Using platform encoding (MS949 actually) to copy filtered resources, i.e. build is platform dependent!
2025-09-29 17:24:07,154 [Worker-191: Building] INFO  o.e.m.c.i.embedder.EclipseLogger - Copying 1 resource
2025-09-29 17:24:07,155 [Worker-191: Building] WARN  o.e.m.c.i.embedder.EclipseLogger - Using platform encoding (MS949 actually) to copy filtered resources, i.e. build is platform dependent!
2025-09-29 17:24:07,155 [Worker-191: Building] INFO  o.e.m.c.i.embedder.EclipseLogger - Copying 0 resource
2025-09-29 17:25:51,027 [Worker-194: Building] WARN  o.e.m.c.i.embedder.EclipseLogger - Using platform encoding (MS949 actually) to copy filtered resources, i.e. build is platform dependent!
2025-09-29 17:25:51,028 [Worker-194: Building] INFO  o.e.m.c.i.embedder.EclipseLogger - Copying 8 resources
2025-09-29 17:25:51,029 [Worker-194: Building] WARN  o.e.m.c.i.embedder.EclipseLogger - Using platform encoding (MS949 actually) to copy filtered resources, i.e. build is platform dependent!
2025-09-29 17:25:51,029 [Worker-194: Building] INFO  o.e.m.c.i.embedder.EclipseLogger - Copying 0 resource
2025-09-29 17:26:35,860 [Worker-189: Building] WARN  o.e.m.c.i.embedder.EclipseLogger - Using platform encoding (MS949 actually) to copy filtered resources, i.e. build is platform dependent!
2025-09-29 17:26:35,860 [Worker-189: Building] INFO  o.e.m.c.i.embedder.EclipseLogger - Copying 0 resource
2025-09-29 17:26:35,861 [Worker-189: Building] WARN  o.e.m.c.i.embedder.EclipseLogger - Using platform encoding (MS949 actually) to copy filtered resources, i.e. build is platform dependent!
2025-09-29 17:26:35,861 [Worker-189: Building] INFO  o.e.m.c.i.embedder.EclipseLogger - Copying 0 resource
2025-09-29 17:26:51,095 [Worker-193: Building] WARN  o.e.m.c.i.embedder.EclipseLogger - Using platform encoding (MS949 actually) to copy filtered resources, i.e. build is platform dependent!
2025-09-29 17:26:51,096 [Worker-193: Building] INFO  o.e.m.c.i.embedder.EclipseLogger - Copying 0 resource
2025-09-29 17:26:51,097 [Worker-193: Building] WARN  o.e.m.c.i.embedder.EclipseLogger - Using platform encoding (MS949 actually) to copy filtered resources, i.e. build is platform dependent!
2025-09-29 17:26:51,097 [Worker-193: Building] INFO  o.e.m.c.i.embedder.EclipseLogger - Copying 0 resource
2025-09-29 17:27:25,462 [Worker-191: Building] WARN  o.e.m.c.i.embedder.EclipseLogger - Using platform encoding (MS949 actually) to copy filtered resources, i.e. build is platform dependent!
2025-09-29 17:27:25,463 [Worker-191: Building] INFO  o.e.m.c.i.embedder.EclipseLogger - Copying 0 resource
2025-09-29 17:27:25,463 [Worker-191: Building] WARN  o.e.m.c.i.embedder.EclipseLogger - Using platform encoding (MS949 actually) to copy filtered resources, i.e. build is platform dependent!
2025-09-29 17:27:25,463 [Worker-191: Building] INFO  o.e.m.c.i.embedder.EclipseLogger - Copying 0 resource
2025-09-29 17:27:50,461 [Worker-186: Building] WARN  o.e.m.c.i.embedder.EclipseLogger - Using platform encoding (MS949 actually) to copy filtered resources, i.e. build is platform dependent!
2025-09-29 17:27:50,462 [Worker-186: Building] INFO  o.e.m.c.i.embedder.EclipseLogger - Copying 0 resource
2025-09-29 17:27:50,463 [Worker-186: Building] WARN  o.e.m.c.i.embedder.EclipseLogger - Using platform encoding (MS949 actually) to copy filtered resources, i.e. build is platform dependent!
2025-09-29 17:27:50,463 [Worker-186: Building] INFO  o.e.m.c.i.embedder.EclipseLogger - Copying 0 resource
2025-09-29 17:28:11,947 [Worker-186: Building] WARN  o.e.m.c.i.embedder.EclipseLogger - Using platform encoding (MS949 actually) to copy filtered resources, i.e. build is platform dependent!
2025-09-29 17:28:11,948 [Worker-186: Building] INFO  o.e.m.c.i.embedder.EclipseLogger - Copying 0 resource
2025-09-29 17:28:11,949 [Worker-186: Building] WARN  o.e.m.c.i.embedder.EclipseLogger - Using platform encoding (MS949 actually) to copy filtered resources, i.e. build is platform dependent!
2025-09-29 17:28:11,949 [Worker-186: Building] INFO  o.e.m.c.i.embedder.EclipseLogger - Copying 0 resource
2025-09-29 17:28:24,212 [Worker-193: Building] WARN  o.e.m.c.i.embedder.EclipseLogger - Using platform encoding (MS949 actually) to copy filtered resources, i.e. build is platform dependent!
2025-09-29 17:28:24,213 [Worker-193: Building] INFO  o.e.m.c.i.embedder.EclipseLogger - Copying 0 resource
2025-09-29 17:28:24,213 [Worker-193: Building] WARN  o.e.m.c.i.embedder.EclipseLogger - Using platform encoding (MS949 actually) to copy filtered resources, i.e. build is platform dependent!
2025-09-29 17:28:24,213 [Worker-193: Building] INFO  o.e.m.c.i.embedder.EclipseLogger - Copying 0 resource
2025-09-29 17:28:31,499 [Worker-187: Building] WARN  o.e.m.c.i.embedder.EclipseLogger - Using platform encoding (MS949 actually) to copy filtered resources, i.e. build is platform dependent!
2025-09-29 17:28:31,500 [Worker-187: Building] INFO  o.e.m.c.i.embedder.EclipseLogger - Copying 0 resource
2025-09-29 17:28:31,500 [Worker-187: Building] WARN  o.e.m.c.i.embedder.EclipseLogger - Using platform encoding (MS949 actually) to copy filtered resources, i.e. build is platform dependent!
2025-09-29 17:28:31,501 [Worker-187: Building] INFO  o.e.m.c.i.embedder.EclipseLogger - Copying 0 resource
2025-09-29 17:28:48,541 [Worker-189: Building] WARN  o.e.m.c.i.embedder.EclipseLogger - Using platform encoding (MS949 actually) to copy filtered resources, i.e. build is platform dependent!
2025-09-29 17:28:48,541 [Worker-189: Building] INFO  o.e.m.c.i.embedder.EclipseLogger - Copying 0 resource
2025-09-29 17:28:48,542 [Worker-189: Building] WARN  o.e.m.c.i.embedder.EclipseLogger - Using platform encoding (MS949 actually) to copy filtered resources, i.e. build is platform dependent!
2025-09-29 17:28:48,542 [Worker-189: Building] INFO  o.e.m.c.i.embedder.EclipseLogger - Copying 0 resource
2025-09-29 17:28:51,380 [Worker-191: Building] WARN  o.e.m.c.i.embedder.EclipseLogger - Using platform encoding (MS949 actually) to copy filtered resources, i.e. build is platform dependent!
2025-09-29 17:28:51,380 [Worker-191: Building] INFO  o.e.m.c.i.embedder.EclipseLogger - Copying 0 resource
2025-09-29 17:28:51,381 [Worker-191: Building] WARN  o.e.m.c.i.embedder.EclipseLogger - Using platform encoding (MS949 actually) to copy filtered resources, i.e. build is platform dependent!
2025-09-29 17:28:51,381 [Worker-191: Building] INFO  o.e.m.c.i.embedder.EclipseLogger - Copying 0 resource
2025-09-29 17:28:53,441 [Worker-194: Building] WARN  o.e.m.c.i.embedder.EclipseLogger - Using platform encoding (MS949 actually) to copy filtered resources, i.e. build is platform dependent!
2025-09-29 17:28:53,442 [Worker-194: Building] INFO  o.e.m.c.i.embedder.EclipseLogger - Copying 0 resource
2025-09-29 17:28:53,443 [Worker-194: Building] WARN  o.e.m.c.i.embedder.EclipseLogger - Using platform encoding (MS949 actually) to copy filtered resources, i.e. build is platform dependent!
2025-09-29 17:28:53,443 [Worker-194: Building] INFO  o.e.m.c.i.embedder.EclipseLogger - Copying 0 resource
2025-09-29 17:29:30,695 [Worker-191: Building] WARN  o.e.m.c.i.embedder.EclipseLogger - Using platform encoding (MS949 actually) to copy filtered resources, i.e. build is platform dependent!
2025-09-29 17:29:30,696 [Worker-191: Building] INFO  o.e.m.c.i.embedder.EclipseLogger - Copying 0 resource
2025-09-29 17:29:30,696 [Worker-191: Building] WARN  o.e.m.c.i.embedder.EclipseLogger - Using platform encoding (MS949 actually) to copy filtered resources, i.e. build is platform dependent!
2025-09-29 17:29:30,696 [Worker-191: Building] INFO  o.e.m.c.i.embedder.EclipseLogger - Copying 0 resource
2025-09-29 17:29:51,142 [Worker-172: Building] WARN  o.e.m.c.i.embedder.EclipseLogger - Using platform encoding (MS949 actually) to copy filtered resources, i.e. build is platform dependent!
2025-09-29 17:29:51,143 [Worker-172: Building] INFO  o.e.m.c.i.embedder.EclipseLogger - Copying 0 resource
2025-09-29 17:29:51,143 [Worker-172: Building] WARN  o.e.m.c.i.embedder.EclipseLogger - Using platform encoding (MS949 actually) to copy filtered resources, i.e. build is platform dependent!
2025-09-29 17:29:51,143 [Worker-172: Building] INFO  o.e.m.c.i.embedder.EclipseLogger - Copying 0 resource
2025-09-29 17:30:12,089 [Worker-180: Building] WARN  o.e.m.c.i.embedder.EclipseLogger - Using platform encoding (MS949 actually) to copy filtered resources, i.e. build is platform dependent!
2025-09-29 17:30:12,090 [Worker-180: Building] INFO  o.e.m.c.i.embedder.EclipseLogger - Copying 0 resource
2025-09-29 17:30:12,090 [Worker-180: Building] WARN  o.e.m.c.i.embedder.EclipseLogger - Using platform encoding (MS949 actually) to copy filtered resources, i.e. build is platform dependent!
2025-09-29 17:30:12,090 [Worker-180: Building] INFO  o.e.m.c.i.embedder.EclipseLogger - Copying 0 resource
2025-09-29 17:31:02,497 [Worker-180: Building] WARN  o.e.m.c.i.embedder.EclipseLogger - Using platform encoding (MS949 actually) to copy filtered resources, i.e. build is platform dependent!
2025-09-29 17:31:02,498 [Worker-180: Building] INFO  o.e.m.c.i.embedder.EclipseLogger - Copying 0 resource
2025-09-29 17:31:02,499 [Worker-180: Building] WARN  o.e.m.c.i.embedder.EclipseLogger - Using platform encoding (MS949 actually) to copy filtered resources, i.e. build is platform dependent!
2025-09-29 17:31:02,500 [Worker-180: Building] INFO  o.e.m.c.i.embedder.EclipseLogger - Copying 0 resource
2025-09-29 17:34:26,030 [Worker-187: Building] WARN  o.e.m.c.i.embedder.EclipseLogger - Using platform encoding (MS949 actually) to copy filtered resources, i.e. build is platform dependent!
2025-09-29 17:34:26,031 [Worker-187: Building] INFO  o.e.m.c.i.embedder.EclipseLogger - Copying 0 resource
2025-09-29 17:34:26,031 [Worker-187: Building] WARN  o.e.m.c.i.embedder.EclipseLogger - Using platform encoding (MS949 actually) to copy filtered resources, i.e. build is platform dependent!
2025-09-29 17:34:26,031 [Worker-187: Building] INFO  o.e.m.c.i.embedder.EclipseLogger - Copying 0 resource
2025-09-29 17:38:05,212 [Worker-187: Building] WARN  o.e.m.c.i.embedder.EclipseLogger - Using platform encoding (MS949 actually) to copy filtered resources, i.e. build is platform dependent!
2025-09-29 17:38:05,213 [Worker-187: Building] INFO  o.e.m.c.i.embedder.EclipseLogger - Copying 0 resource
2025-09-29 17:38:05,213 [Worker-187: Building] WARN  o.e.m.c.i.embedder.EclipseLogger - Using platform encoding (MS949 actually) to copy filtered resources, i.e. build is platform dependent!
2025-09-29 17:38:05,213 [Worker-187: Building] INFO  o.e.m.c.i.embedder.EclipseLogger - Copying 0 resource
2025-09-29 17:38:06,230 [Worker-195: Building] WARN  o.e.m.c.i.embedder.EclipseLogger - Using platform encoding (MS949 actually) to copy filtered resources, i.e. build is platform dependent!
2025-09-29 17:38:06,231 [Worker-195: Building] INFO  o.e.m.c.i.embedder.EclipseLogger - Copying 0 resource
2025-09-29 17:38:06,232 [Worker-195: Building] WARN  o.e.m.c.i.embedder.EclipseLogger - Using platform encoding (MS949 actually) to copy filtered resources, i.e. build is platform dependent!
2025-09-29 17:38:06,232 [Worker-195: Building] INFO  o.e.m.c.i.embedder.EclipseLogger - Copying 0 resource
2025-09-29 17:38:08,394 [Worker-201: Building] WARN  o.e.m.c.i.embedder.EclipseLogger - Using platform encoding (MS949 actually) to copy filtered resources, i.e. build is platform dependent!
2025-09-29 17:38:08,394 [Worker-201: Building] INFO  o.e.m.c.i.embedder.EclipseLogger - Copying 0 resource
2025-09-29 17:38:08,395 [Worker-201: Building] WARN  o.e.m.c.i.embedder.EclipseLogger - Using platform encoding (MS949 actually) to copy filtered resources, i.e. build is platform dependent!
2025-09-29 17:38:08,395 [Worker-201: Building] INFO  o.e.m.c.i.embedder.EclipseLogger - Copying 0 resource
2025-09-29 17:38:09,440 [Worker-195: Building] WARN  o.e.m.c.i.embedder.EclipseLogger - Using platform encoding (MS949 actually) to copy filtered resources, i.e. build is platform dependent!
2025-09-29 17:38:09,441 [Worker-195: Building] INFO  o.e.m.c.i.embedder.EclipseLogger - Copying 0 resource
2025-09-29 17:38:09,441 [Worker-195: Building] WARN  o.e.m.c.i.embedder.EclipseLogger - Using platform encoding (MS949 actually) to copy filtered resources, i.e. build is platform dependent!
2025-09-29 17:38:09,442 [Worker-195: Building] INFO  o.e.m.c.i.embedder.EclipseLogger - Copying 0 resource
2025-09-29 17:38:13,163 [Worker-202: Building] WARN  o.e.m.c.i.embedder.EclipseLogger - Using platform encoding (MS949 actually) to copy filtered resources, i.e. build is platform dependent!
2025-09-29 17:38:13,164 [Worker-202: Building] INFO  o.e.m.c.i.embedder.EclipseLogger - Copying 0 resource
2025-09-29 17:38:13,164 [Worker-202: Building] WARN  o.e.m.c.i.embedder.EclipseLogger - Using platform encoding (MS949 actually) to copy filtered resources, i.e. build is platform dependent!
2025-09-29 17:38:13,165 [Worker-202: Building] INFO  o.e.m.c.i.embedder.EclipseLogger - Copying 0 resource
2025-09-29 17:38:14,243 [Worker-201: Building] WARN  o.e.m.c.i.embedder.EclipseLogger - Using platform encoding (MS949 actually) to copy filtered resources, i.e. build is platform dependent!
2025-09-29 17:38:14,244 [Worker-201: Building] INFO  o.e.m.c.i.embedder.EclipseLogger - Copying 0 resource
2025-09-29 17:38:14,245 [Worker-201: Building] WARN  o.e.m.c.i.embedder.EclipseLogger - Using platform encoding (MS949 actually) to copy filtered resources, i.e. build is platform dependent!
2025-09-29 17:38:14,246 [Worker-201: Building] INFO  o.e.m.c.i.embedder.EclipseLogger - Copying 0 resource
2025-09-29 17:38:48,695 [Worker-202: Building] WARN  o.e.m.c.i.embedder.EclipseLogger - Using platform encoding (MS949 actually) to copy filtered resources, i.e. build is platform dependent!
2025-09-29 17:38:48,696 [Worker-202: Building] INFO  o.e.m.c.i.embedder.EclipseLogger - Copying 0 resource
2025-09-29 17:38:48,696 [Worker-202: Building] WARN  o.e.m.c.i.embedder.EclipseLogger - Using platform encoding (MS949 actually) to copy filtered resources, i.e. build is platform dependent!
2025-09-29 17:38:48,696 [Worker-202: Building] INFO  o.e.m.c.i.embedder.EclipseLogger - Copying 0 resource
2025-09-29 17:39:56,968 [Worker-199: Building] WARN  o.e.m.c.i.embedder.EclipseLogger - Using platform encoding (MS949 actually) to copy filtered resources, i.e. build is platform dependent!
2025-09-29 17:39:56,968 [Worker-199: Building] INFO  o.e.m.c.i.embedder.EclipseLogger - Copying 0 resource
2025-09-29 17:39:56,969 [Worker-199: Building] WARN  o.e.m.c.i.embedder.EclipseLogger - Using platform encoding (MS949 actually) to copy filtered resources, i.e. build is platform dependent!
2025-09-29 17:39:56,969 [Worker-199: Building] INFO  o.e.m.c.i.embedder.EclipseLogger - Copying 0 resource
2025-09-29 17:40:07,422 [Worker-199: Building] WARN  o.e.m.c.i.embedder.EclipseLogger - Using platform encoding (MS949 actually) to copy filtered resources, i.e. build is platform dependent!
2025-09-29 17:40:07,423 [Worker-199: Building] INFO  o.e.m.c.i.embedder.EclipseLogger - Copying 0 resource
2025-09-29 17:40:07,424 [Worker-199: Building] WARN  o.e.m.c.i.embedder.EclipseLogger - Using platform encoding (MS949 actually) to copy filtered resources, i.e. build is platform dependent!
2025-09-29 17:40:07,424 [Worker-199: Building] INFO  o.e.m.c.i.embedder.EclipseLogger - Copying 0 resource
2025-09-29 17:40:14,319 [Worker-196: Building] WARN  o.e.m.c.i.embedder.EclipseLogger - Using platform encoding (MS949 actually) to copy filtered resources, i.e. build is platform dependent!
2025-09-29 17:40:14,320 [Worker-196: Building] INFO  o.e.m.c.i.embedder.EclipseLogger - Copying 0 resource
2025-09-29 17:40:14,320 [Worker-196: Building] WARN  o.e.m.c.i.embedder.EclipseLogger - Using platform encoding (MS949 actually) to copy filtered resources, i.e. build is platform dependent!
2025-09-29 17:40:14,321 [Worker-196: Building] INFO  o.e.m.c.i.embedder.EclipseLogger - Copying 0 resource
2025-09-29 17:40:19,144 [Worker-205: Building] WARN  o.e.m.c.i.embedder.EclipseLogger - Using platform encoding (MS949 actually) to copy filtered resources, i.e. build is platform dependent!
2025-09-29 17:40:19,145 [Worker-205: Building] INFO  o.e.m.c.i.embedder.EclipseLogger - Copying 0 resource
2025-09-29 17:40:19,145 [Worker-205: Building] WARN  o.e.m.c.i.embedder.EclipseLogger - Using platform encoding (MS949 actually) to copy filtered resources, i.e. build is platform dependent!
2025-09-29 17:40:19,146 [Worker-205: Building] INFO  o.e.m.c.i.embedder.EclipseLogger - Copying 0 resource
2025-09-29 17:40:25,270 [Worker-199: Building] WARN  o.e.m.c.i.embedder.EclipseLogger - Using platform encoding (MS949 actually) to copy filtered resources, i.e. build is platform dependent!
2025-09-29 17:40:25,271 [Worker-199: Building] INFO  o.e.m.c.i.embedder.EclipseLogger - Copying 0 resource
2025-09-29 17:40:25,271 [Worker-199: Building] WARN  o.e.m.c.i.embedder.EclipseLogger - Using platform encoding (MS949 actually) to copy filtered resources, i.e. build is platform dependent!
2025-09-29 17:40:25,271 [Worker-199: Building] INFO  o.e.m.c.i.embedder.EclipseLogger - Copying 0 resource
2025-09-29 17:41:16,849 [Worker-199: Building] WARN  o.e.m.c.i.embedder.EclipseLogger - Using platform encoding (MS949 actually) to copy filtered resources, i.e. build is platform dependent!
2025-09-29 17:41:16,850 [Worker-199: Building] INFO  o.e.m.c.i.embedder.EclipseLogger - Copying 0 resource
2025-09-29 17:41:16,850 [Worker-199: Building] WARN  o.e.m.c.i.embedder.EclipseLogger - Using platform encoding (MS949 actually) to copy filtered resources, i.e. build is platform dependent!
2025-09-29 17:41:16,851 [Worker-199: Building] INFO  o.e.m.c.i.embedder.EclipseLogger - Copying 0 resource
2025-09-29 17:41:43,240 [Worker-200: Building] WARN  o.e.m.c.i.embedder.EclipseLogger - Using platform encoding (MS949 actually) to copy filtered resources, i.e. build is platform dependent!
2025-09-29 17:41:43,241 [Worker-200: Building] INFO  o.e.m.c.i.embedder.EclipseLogger - Copying 8 resources
2025-09-29 17:41:43,242 [Worker-200: Building] WARN  o.e.m.c.i.embedder.EclipseLogger - Using platform encoding (MS949 actually) to copy filtered resources, i.e. build is platform dependent!
2025-09-29 17:41:43,242 [Worker-200: Building] INFO  o.e.m.c.i.embedder.EclipseLogger - Copying 0 resource
2025-09-29 17:42:06,356 [Worker-196: Building] WARN  o.e.m.c.i.embedder.EclipseLogger - Using platform encoding (MS949 actually) to copy filtered resources, i.e. build is platform dependent!
2025-09-29 17:42:06,357 [Worker-196: Building] INFO  o.e.m.c.i.embedder.EclipseLogger - Copying 8 resources
2025-09-29 17:42:06,358 [Worker-196: Building] WARN  o.e.m.c.i.embedder.EclipseLogger - Using platform encoding (MS949 actually) to copy filtered resources, i.e. build is platform dependent!
2025-09-29 17:42:06,358 [Worker-196: Building] INFO  o.e.m.c.i.embedder.EclipseLogger - Copying 0 resource
2025-09-29 17:42:07,663 [Worker-207: Building] WARN  o.e.m.c.i.embedder.EclipseLogger - Using platform encoding (MS949 actually) to copy filtered resources, i.e. build is platform dependent!
2025-09-29 17:42:07,666 [Worker-207: Building] INFO  o.e.m.c.i.embedder.EclipseLogger - Copying 8 resources
2025-09-29 17:42:07,666 [Worker-207: Building] WARN  o.e.m.c.i.embedder.EclipseLogger - Using platform encoding (MS949 actually) to copy filtered resources, i.e. build is platform dependent!
2025-09-29 17:42:07,666 [Worker-207: Building] INFO  o.e.m.c.i.embedder.EclipseLogger - Copying 0 resource
2025-09-29 17:42:44,725 [Worker-203: Building] WARN  o.e.m.c.i.embedder.EclipseLogger - Using platform encoding (MS949 actually) to copy filtered resources, i.e. build is platform dependent!
2025-09-29 17:42:44,726 [Worker-203: Building] INFO  o.e.m.c.i.embedder.EclipseLogger - Copying 8 resources
2025-09-29 17:42:44,727 [Worker-203: Building] WARN  o.e.m.c.i.embedder.EclipseLogger - Using platform encoding (MS949 actually) to copy filtered resources, i.e. build is platform dependent!
2025-09-29 17:42:44,727 [Worker-203: Building] INFO  o.e.m.c.i.embedder.EclipseLogger - Copying 0 resource
2025-09-29 17:43:02,838 [Worker-205: Building] WARN  o.e.m.c.i.embedder.EclipseLogger - Using platform encoding (MS949 actually) to copy filtered resources, i.e. build is platform dependent!
2025-09-29 17:43:02,839 [Worker-205: Building] INFO  o.e.m.c.i.embedder.EclipseLogger - Copying 0 resource
2025-09-29 17:43:02,839 [Worker-205: Building] WARN  o.e.m.c.i.embedder.EclipseLogger - Using platform encoding (MS949 actually) to copy filtered resources, i.e. build is platform dependent!
2025-09-29 17:43:02,839 [Worker-205: Building] INFO  o.e.m.c.i.embedder.EclipseLogger - Copying 0 resource
2025-09-29 17:44:49,615 [Worker-196: Building] WARN  o.e.m.c.i.embedder.EclipseLogger - Using platform encoding (MS949 actually) to copy filtered resources, i.e. build is platform dependent!
2025-09-29 17:44:49,615 [Worker-196: Building] INFO  o.e.m.c.i.embedder.EclipseLogger - Copying 0 resource
2025-09-29 17:44:49,616 [Worker-196: Building] WARN  o.e.m.c.i.embedder.EclipseLogger - Using platform encoding (MS949 actually) to copy filtered resources, i.e. build is platform dependent!
2025-09-29 17:44:49,616 [Worker-196: Building] INFO  o.e.m.c.i.embedder.EclipseLogger - Copying 0 resource
2025-09-29 17:44:52,315 [Worker-199: Building] WARN  o.e.m.c.i.embedder.EclipseLogger - Using platform encoding (MS949 actually) to copy filtered resources, i.e. build is platform dependent!
2025-09-29 17:44:52,316 [Worker-199: Building] INFO  o.e.m.c.i.embedder.EclipseLogger - Copying 0 resource
2025-09-29 17:44:52,316 [Worker-199: Building] WARN  o.e.m.c.i.embedder.EclipseLogger - Using platform encoding (MS949 actually) to copy filtered resources, i.e. build is platform dependent!
2025-09-29 17:44:52,316 [Worker-199: Building] INFO  o.e.m.c.i.embedder.EclipseLogger - Copying 0 resource
2025-09-29 17:45:08,872 [Worker-206: Building] WARN  o.e.m.c.i.embedder.EclipseLogger - Using platform encoding (MS949 actually) to copy filtered resources, i.e. build is platform dependent!
2025-09-29 17:45:08,872 [Worker-206: Building] INFO  o.e.m.c.i.embedder.EclipseLogger - Copying 0 resource
2025-09-29 17:45:08,873 [Worker-206: Building] WARN  o.e.m.c.i.embedder.EclipseLogger - Using platform encoding (MS949 actually) to copy filtered resources, i.e. build is platform dependent!
2025-09-29 17:45:08,873 [Worker-206: Building] INFO  o.e.m.c.i.embedder.EclipseLogger - Copying 0 resource
2025-09-29 17:45:36,703 [Worker-209: Building] WARN  o.e.m.c.i.embedder.EclipseLogger - Using platform encoding (MS949 actually) to copy filtered resources, i.e. build is platform dependent!
2025-09-29 17:45:36,704 [Worker-209: Building] INFO  o.e.m.c.i.embedder.EclipseLogger - Copying 0 resource
2025-09-29 17:45:36,704 [Worker-209: Building] WARN  o.e.m.c.i.embedder.EclipseLogger - Using platform encoding (MS949 actually) to copy filtered resources, i.e. build is platform dependent!
2025-09-29 17:45:36,704 [Worker-209: Building] INFO  o.e.m.c.i.embedder.EclipseLogger - Copying 0 resource
2025-09-29 17:46:04,200 [Worker-206: Building] WARN  o.e.m.c.i.embedder.EclipseLogger - Using platform encoding (MS949 actually) to copy filtered resources, i.e. build is platform dependent!
2025-09-29 17:46:04,202 [Worker-206: Building] INFO  o.e.m.c.i.embedder.EclipseLogger - Copying 0 resource
2025-09-29 17:46:04,202 [Worker-206: Building] WARN  o.e.m.c.i.embedder.EclipseLogger - Using platform encoding (MS949 actually) to copy filtered resources, i.e. build is platform dependent!
2025-09-29 17:46:04,203 [Worker-206: Building] INFO  o.e.m.c.i.embedder.EclipseLogger - Copying 0 resource
2025-09-29 17:46:40,094 [Worker-206: Building] WARN  o.e.m.c.i.embedder.EclipseLogger - Using platform encoding (MS949 actually) to copy filtered resources, i.e. build is platform dependent!
2025-09-29 17:46:40,094 [Worker-206: Building] INFO  o.e.m.c.i.embedder.EclipseLogger - Copying 0 resource
2025-09-29 17:46:40,095 [Worker-206: Building] WARN  o.e.m.c.i.embedder.EclipseLogger - Using platform encoding (MS949 actually) to copy filtered resources, i.e. build is platform dependent!
2025-09-29 17:46:40,095 [Worker-206: Building] INFO  o.e.m.c.i.embedder.EclipseLogger - Copying 0 resource
2025-09-29 17:46:47,028 [Worker-196: Building] WARN  o.e.m.c.i.embedder.EclipseLogger - Using platform encoding (MS949 actually) to copy filtered resources, i.e. build is platform dependent!
2025-09-29 17:46:47,029 [Worker-196: Building] INFO  o.e.m.c.i.embedder.EclipseLogger - Copying 0 resource
2025-09-29 17:46:47,029 [Worker-196: Building] WARN  o.e.m.c.i.embedder.EclipseLogger - Using platform encoding (MS949 actually) to copy filtered resources, i.e. build is platform dependent!
2025-09-29 17:46:47,030 [Worker-196: Building] INFO  o.e.m.c.i.embedder.EclipseLogger - Copying 0 resource
2025-09-29 17:46:51,140 [Worker-206: Building] WARN  o.e.m.c.i.embedder.EclipseLogger - Using platform encoding (MS949 actually) to copy filtered resources, i.e. build is platform dependent!
2025-09-29 17:46:51,140 [Worker-206: Building] INFO  o.e.m.c.i.embedder.EclipseLogger - Copying 0 resource
2025-09-29 17:46:51,141 [Worker-206: Building] WARN  o.e.m.c.i.embedder.EclipseLogger - Using platform encoding (MS949 actually) to copy filtered resources, i.e. build is platform dependent!
2025-09-29 17:46:51,141 [Worker-206: Building] INFO  o.e.m.c.i.embedder.EclipseLogger - Copying 0 resource
2025-09-29 17:47:53,700 [Worker-196: Building] WARN  o.e.m.c.i.embedder.EclipseLogger - Using platform encoding (MS949 actually) to copy filtered resources, i.e. build is platform dependent!
2025-09-29 17:47:53,700 [Worker-196: Building] INFO  o.e.m.c.i.embedder.EclipseLogger - Copying 0 resource
2025-09-29 17:47:53,701 [Worker-196: Building] WARN  o.e.m.c.i.embedder.EclipseLogger - Using platform encoding (MS949 actually) to copy filtered resources, i.e. build is platform dependent!
2025-09-29 17:47:53,701 [Worker-196: Building] INFO  o.e.m.c.i.embedder.EclipseLogger - Copying 0 resource
2025-09-29 17:47:58,036 [Worker-209: Building] WARN  o.e.m.c.i.embedder.EclipseLogger - Using platform encoding (MS949 actually) to copy filtered resources, i.e. build is platform dependent!
2025-09-29 17:47:58,037 [Worker-209: Building] INFO  o.e.m.c.i.embedder.EclipseLogger - Copying 0 resource
2025-09-29 17:47:58,037 [Worker-209: Building] WARN  o.e.m.c.i.embedder.EclipseLogger - Using platform encoding (MS949 actually) to copy filtered resources, i.e. build is platform dependent!
2025-09-29 17:47:58,037 [Worker-209: Building] INFO  o.e.m.c.i.embedder.EclipseLogger - Copying 0 resource
2025-09-29 17:48:16,285 [Worker-210: Building] WARN  o.e.m.c.i.embedder.EclipseLogger - Using platform encoding (MS949 actually) to copy filtered resources, i.e. build is platform dependent!
2025-09-29 17:48:16,285 [Worker-210: Building] INFO  o.e.m.c.i.embedder.EclipseLogger - Copying 0 resource
2025-09-29 17:48:16,286 [Worker-210: Building] WARN  o.e.m.c.i.embedder.EclipseLogger - Using platform encoding (MS949 actually) to copy filtered resources, i.e. build is platform dependent!
2025-09-29 17:48:16,286 [Worker-210: Building] INFO  o.e.m.c.i.embedder.EclipseLogger - Copying 0 resource
2025-09-29 17:48:35,857 [Worker-199: Building] WARN  o.e.m.c.i.embedder.EclipseLogger - Using platform encoding (MS949 actually) to copy filtered resources, i.e. build is platform dependent!
2025-09-29 17:48:35,858 [Worker-199: Building] INFO  o.e.m.c.i.embedder.EclipseLogger - Copying 0 resource
2025-09-29 17:48:35,859 [Worker-199: Building] WARN  o.e.m.c.i.embedder.EclipseLogger - Using platform encoding (MS949 actually) to copy filtered resources, i.e. build is platform dependent!
2025-09-29 17:48:35,861 [Worker-199: Building] INFO  o.e.m.c.i.embedder.EclipseLogger - Copying 0 resource
2025-09-29 17:48:43,375 [Worker-196: Building] WARN  o.e.m.c.i.embedder.EclipseLogger - Using platform encoding (MS949 actually) to copy filtered resources, i.e. build is platform dependent!
2025-09-29 17:48:43,375 [Worker-196: Building] INFO  o.e.m.c.i.embedder.EclipseLogger - Copying 0 resource
2025-09-29 17:48:43,376 [Worker-196: Building] WARN  o.e.m.c.i.embedder.EclipseLogger - Using platform encoding (MS949 actually) to copy filtered resources, i.e. build is platform dependent!
2025-09-29 17:48:43,376 [Worker-196: Building] INFO  o.e.m.c.i.embedder.EclipseLogger - Copying 0 resource
2025-09-29 17:48:49,278 [Worker-209: Building] WARN  o.e.m.c.i.embedder.EclipseLogger - Using platform encoding (MS949 actually) to copy filtered resources, i.e. build is platform dependent!
2025-09-29 17:48:49,278 [Worker-209: Building] INFO  o.e.m.c.i.embedder.EclipseLogger - Copying 0 resource
2025-09-29 17:48:49,279 [Worker-209: Building] WARN  o.e.m.c.i.embedder.EclipseLogger - Using platform encoding (MS949 actually) to copy filtered resources, i.e. build is platform dependent!
2025-09-29 17:48:49,279 [Worker-209: Building] INFO  o.e.m.c.i.embedder.EclipseLogger - Copying 0 resource
2025-09-29 17:49:05,803 [Worker-196: Building] WARN  o.e.m.c.i.embedder.EclipseLogger - Using platform encoding (MS949 actually) to copy filtered resources, i.e. build is platform dependent!
2025-09-29 17:49:05,804 [Worker-196: Building] INFO  o.e.m.c.i.embedder.EclipseLogger - Copying 0 resource
2025-09-29 17:49:05,804 [Worker-196: Building] WARN  o.e.m.c.i.embedder.EclipseLogger - Using platform encoding (MS949 actually) to copy filtered resources, i.e. build is platform dependent!
2025-09-29 17:49:05,805 [Worker-196: Building] INFO  o.e.m.c.i.embedder.EclipseLogger - Copying 0 resource
2025-09-29 17:49:31,688 [Worker-199: Building] WARN  o.e.m.c.i.embedder.EclipseLogger - Using platform encoding (MS949 actually) to copy filtered resources, i.e. build is platform dependent!
2025-09-29 17:49:31,688 [Worker-199: Building] INFO  o.e.m.c.i.embedder.EclipseLogger - Copying 0 resource
2025-09-29 17:49:31,689 [Worker-199: Building] WARN  o.e.m.c.i.embedder.EclipseLogger - Using platform encoding (MS949 actually) to copy filtered resources, i.e. build is platform dependent!
2025-09-29 17:49:31,689 [Worker-199: Building] INFO  o.e.m.c.i.embedder.EclipseLogger - Copying 0 resource
2025-09-29 17:49:47,749 [Worker-209: Building] WARN  o.e.m.c.i.embedder.EclipseLogger - Using platform encoding (MS949 actually) to copy filtered resources, i.e. build is platform dependent!
2025-09-29 17:49:47,749 [Worker-209: Building] INFO  o.e.m.c.i.embedder.EclipseLogger - Copying 0 resource
2025-09-29 17:49:47,750 [Worker-209: Building] WARN  o.e.m.c.i.embedder.EclipseLogger - Using platform encoding (MS949 actually) to copy filtered resources, i.e. build is platform dependent!
2025-09-29 17:49:47,750 [Worker-209: Building] INFO  o.e.m.c.i.embedder.EclipseLogger - Copying 0 resource
2025-09-29 17:50:48,306 [Worker-209: Building] WARN  o.e.m.c.i.embedder.EclipseLogger - Using platform encoding (MS949 actually) to copy filtered resources, i.e. build is platform dependent!
2025-09-29 17:50:48,307 [Worker-209: Building] INFO  o.e.m.c.i.embedder.EclipseLogger - Copying 0 resource
2025-09-29 17:50:48,307 [Worker-209: Building] WARN  o.e.m.c.i.embedder.EclipseLogger - Using platform encoding (MS949 actually) to copy filtered resources, i.e. build is platform dependent!
2025-09-29 17:50:48,308 [Worker-209: Building] INFO  o.e.m.c.i.embedder.EclipseLogger - Copying 0 resource
2025-09-30 08:56:45,582 [Worker-473: Building] WARN  o.e.m.c.i.embedder.EclipseLogger - Using platform encoding (MS949 actually) to copy filtered resources, i.e. build is platform dependent!
2025-09-30 08:56:45,583 [Worker-473: Building] INFO  o.e.m.c.i.embedder.EclipseLogger - Copying 0 resource
2025-09-30 08:56:45,583 [Worker-473: Building] WARN  o.e.m.c.i.embedder.EclipseLogger - Using platform encoding (MS949 actually) to copy filtered resources, i.e. build is platform dependent!
2025-09-30 08:56:45,584 [Worker-473: Building] INFO  o.e.m.c.i.embedder.EclipseLogger - Copying 0 resource
2025-09-30 08:58:18,377 [Worker-476: Building] WARN  o.e.m.c.i.embedder.EclipseLogger - Using platform encoding (MS949 actually) to copy filtered resources, i.e. build is platform dependent!
2025-09-30 08:58:18,378 [Worker-476: Building] INFO  o.e.m.c.i.embedder.EclipseLogger - Copying 0 resource
2025-09-30 08:58:18,378 [Worker-476: Building] WARN  o.e.m.c.i.embedder.EclipseLogger - Using platform encoding (MS949 actually) to copy filtered resources, i.e. build is platform dependent!
2025-09-30 08:58:18,378 [Worker-476: Building] INFO  o.e.m.c.i.embedder.EclipseLogger - Copying 0 resource
2025-09-30 08:58:32,495 [Worker-472: Building] WARN  o.e.m.c.i.embedder.EclipseLogger - Using platform encoding (MS949 actually) to copy filtered resources, i.e. build is platform dependent!
2025-09-30 08:58:32,496 [Worker-472: Building] INFO  o.e.m.c.i.embedder.EclipseLogger - Copying 0 resource
2025-09-30 08:58:32,496 [Worker-472: Building] WARN  o.e.m.c.i.embedder.EclipseLogger - Using platform encoding (MS949 actually) to copy filtered resources, i.e. build is platform dependent!
2025-09-30 08:58:32,497 [Worker-472: Building] INFO  o.e.m.c.i.embedder.EclipseLogger - Copying 0 resource
2025-09-30 09:01:12,803 [Worker-190: Building] WARN  o.e.m.c.i.embedder.EclipseLogger - Using platform encoding (MS949 actually) to copy filtered resources, i.e. build is platform dependent!
2025-09-30 09:01:12,804 [Worker-190: Building] INFO  o.e.m.c.i.embedder.EclipseLogger - Copying 8 resources
2025-09-30 09:01:12,804 [Worker-190: Building] WARN  o.e.m.c.i.embedder.EclipseLogger - Using platform encoding (MS949 actually) to copy filtered resources, i.e. build is platform dependent!
2025-09-30 09:01:12,805 [Worker-190: Building] INFO  o.e.m.c.i.embedder.EclipseLogger - Copying 0 resource
2025-09-30 09:01:37,028 [Worker-473: Building] WARN  o.e.m.c.i.embedder.EclipseLogger - Using platform encoding (MS949 actually) to copy filtered resources, i.e. build is platform dependent!
2025-09-30 09:01:37,029 [Worker-473: Building] INFO  o.e.m.c.i.embedder.EclipseLogger - Copying 8 resources
2025-09-30 09:01:37,030 [Worker-473: Building] WARN  o.e.m.c.i.embedder.EclipseLogger - Using platform encoding (MS949 actually) to copy filtered resources, i.e. build is platform dependent!
2025-09-30 09:01:37,030 [Worker-473: Building] INFO  o.e.m.c.i.embedder.EclipseLogger - Copying 0 resource
2025-09-30 09:01:38,261 [Worker-480: Building] WARN  o.e.m.c.i.embedder.EclipseLogger - Using platform encoding (MS949 actually) to copy filtered resources, i.e. build is platform dependent!
2025-09-30 09:01:38,262 [Worker-480: Building] INFO  o.e.m.c.i.embedder.EclipseLogger - Copying 8 resources
2025-09-30 09:01:38,263 [Worker-480: Building] WARN  o.e.m.c.i.embedder.EclipseLogger - Using platform encoding (MS949 actually) to copy filtered resources, i.e. build is platform dependent!
2025-09-30 09:01:38,264 [Worker-480: Building] INFO  o.e.m.c.i.embedder.EclipseLogger - Copying 0 resource
2025-09-30 09:01:40,914 [Worker-472: Building] WARN  o.e.m.c.i.embedder.EclipseLogger - Using platform encoding (MS949 actually) to copy filtered resources, i.e. build is platform dependent!
2025-09-30 09:01:40,915 [Worker-472: Building] INFO  o.e.m.c.i.embedder.EclipseLogger - Copying 8 resources
2025-09-30 09:01:40,916 [Worker-472: Building] WARN  o.e.m.c.i.embedder.EclipseLogger - Using platform encoding (MS949 actually) to copy filtered resources, i.e. build is platform dependent!
2025-09-30 09:01:40,916 [Worker-472: Building] INFO  o.e.m.c.i.embedder.EclipseLogger - Copying 0 resource
2025-09-30 09:02:13,639 [Worker-472: Building] WARN  o.e.m.c.i.embedder.EclipseLogger - Using platform encoding (MS949 actually) to copy filtered resources, i.e. build is platform dependent!
2025-09-30 09:02:13,641 [Worker-472: Building] INFO  o.e.m.c.i.embedder.EclipseLogger - Copying 8 resources
2025-09-30 09:02:13,641 [Worker-472: Building] WARN  o.e.m.c.i.embedder.EclipseLogger - Using platform encoding (MS949 actually) to copy filtered resources, i.e. build is platform dependent!
2025-09-30 09:02:13,641 [Worker-472: Building] INFO  o.e.m.c.i.embedder.EclipseLogger - Copying 0 resource
2025-09-30 09:02:47,866 [Worker-477: Building] WARN  o.e.m.c.i.embedder.EclipseLogger - Using platform encoding (MS949 actually) to copy filtered resources, i.e. build is platform dependent!
2025-09-30 09:02:47,868 [Worker-477: Building] INFO  o.e.m.c.i.embedder.EclipseLogger - Copying 8 resources
2025-09-30 09:02:47,868 [Worker-477: Building] WARN  o.e.m.c.i.embedder.EclipseLogger - Using platform encoding (MS949 actually) to copy filtered resources, i.e. build is platform dependent!
2025-09-30 09:02:47,869 [Worker-477: Building] INFO  o.e.m.c.i.embedder.EclipseLogger - Copying 0 resource
2025-09-30 09:03:01,258 [Worker-190: Building] WARN  o.e.m.c.i.embedder.EclipseLogger - Using platform encoding (MS949 actually) to copy filtered resources, i.e. build is platform dependent!
2025-09-30 09:03:01,259 [Worker-190: Building] INFO  o.e.m.c.i.embedder.EclipseLogger - Copying 8 resources
2025-09-30 09:03:01,260 [Worker-190: Building] WARN  o.e.m.c.i.embedder.EclipseLogger - Using platform encoding (MS949 actually) to copy filtered resources, i.e. build is platform dependent!
2025-09-30 09:03:01,260 [Worker-190: Building] INFO  o.e.m.c.i.embedder.EclipseLogger - Copying 0 resource
2025-09-30 09:03:23,148 [Worker-190: Building] WARN  o.e.m.c.i.embedder.EclipseLogger - Using platform encoding (MS949 actually) to copy filtered resources, i.e. build is platform dependent!
2025-09-30 09:03:23,149 [Worker-190: Building] INFO  o.e.m.c.i.embedder.EclipseLogger - Copying 8 resources
2025-09-30 09:03:23,150 [Worker-190: Building] WARN  o.e.m.c.i.embedder.EclipseLogger - Using platform encoding (MS949 actually) to copy filtered resources, i.e. build is platform dependent!
2025-09-30 09:03:23,150 [Worker-190: Building] INFO  o.e.m.c.i.embedder.EclipseLogger - Copying 0 resource
2025-09-30 09:04:31,305 [Worker-190: Building] WARN  o.e.m.c.i.embedder.EclipseLogger - Using platform encoding (MS949 actually) to copy filtered resources, i.e. build is platform dependent!
2025-09-30 09:04:31,306 [Worker-190: Building] INFO  o.e.m.c.i.embedder.EclipseLogger - Copying 8 resources
2025-09-30 09:04:31,307 [Worker-190: Building] WARN  o.e.m.c.i.embedder.EclipseLogger - Using platform encoding (MS949 actually) to copy filtered resources, i.e. build is platform dependent!
2025-09-30 09:04:31,307 [Worker-190: Building] INFO  o.e.m.c.i.embedder.EclipseLogger - Copying 0 resource
2025-09-30 09:04:38,802 [Worker-477: Building] WARN  o.e.m.c.i.embedder.EclipseLogger - Using platform encoding (MS949 actually) to copy filtered resources, i.e. build is platform dependent!
2025-09-30 09:04:38,803 [Worker-477: Building] INFO  o.e.m.c.i.embedder.EclipseLogger - Copying 8 resources
2025-09-30 09:04:38,803 [Worker-477: Building] WARN  o.e.m.c.i.embedder.EclipseLogger - Using platform encoding (MS949 actually) to copy filtered resources, i.e. build is platform dependent!
2025-09-30 09:04:38,804 [Worker-477: Building] INFO  o.e.m.c.i.embedder.EclipseLogger - Copying 0 resource
2025-09-30 09:06:31,479 [Worker-476: Building] WARN  o.e.m.c.i.embedder.EclipseLogger - Using platform encoding (MS949 actually) to copy filtered resources, i.e. build is platform dependent!
2025-09-30 09:06:31,480 [Worker-476: Building] INFO  o.e.m.c.i.embedder.EclipseLogger - Copying 8 resources
2025-09-30 09:06:31,480 [Worker-476: Building] WARN  o.e.m.c.i.embedder.EclipseLogger - Using platform encoding (MS949 actually) to copy filtered resources, i.e. build is platform dependent!
2025-09-30 09:06:31,480 [Worker-476: Building] INFO  o.e.m.c.i.embedder.EclipseLogger - Copying 0 resource
2025-09-30 09:07:33,944 [Worker-478: Building] WARN  o.e.m.c.i.embedder.EclipseLogger - Using platform encoding (MS949 actually) to copy filtered resources, i.e. build is platform dependent!
2025-09-30 09:07:33,945 [Worker-478: Building] INFO  o.e.m.c.i.embedder.EclipseLogger - Copying 0 resource
2025-09-30 09:07:33,945 [Worker-478: Building] WARN  o.e.m.c.i.embedder.EclipseLogger - Using platform encoding (MS949 actually) to copy filtered resources, i.e. build is platform dependent!
2025-09-30 09:07:33,946 [Worker-478: Building] INFO  o.e.m.c.i.embedder.EclipseLogger - Copying 0 resource
2025-09-30 09:10:07,599 [Worker-487: Building] WARN  o.e.m.c.i.embedder.EclipseLogger - Using platform encoding (MS949 actually) to copy filtered resources, i.e. build is platform dependent!
2025-09-30 09:10:07,600 [Worker-487: Building] INFO  o.e.m.c.i.embedder.EclipseLogger - Copying 8 resources
2025-09-30 09:10:07,601 [Worker-487: Building] WARN  o.e.m.c.i.embedder.EclipseLogger - Using platform encoding (MS949 actually) to copy filtered resources, i.e. build is platform dependent!
2025-09-30 09:10:07,601 [Worker-487: Building] INFO  o.e.m.c.i.embedder.EclipseLogger - Copying 0 resource
2025-09-30 09:10:19,044 [Worker-487: Building] WARN  o.e.m.c.i.embedder.EclipseLogger - Using platform encoding (MS949 actually) to copy filtered resources, i.e. build is platform dependent!
2025-09-30 09:10:19,046 [Worker-487: Building] INFO  o.e.m.c.i.embedder.EclipseLogger - Copying 8 resources
2025-09-30 09:10:19,047 [Worker-487: Building] WARN  o.e.m.c.i.embedder.EclipseLogger - Using platform encoding (MS949 actually) to copy filtered resources, i.e. build is platform dependent!
2025-09-30 09:10:19,048 [Worker-487: Building] INFO  o.e.m.c.i.embedder.EclipseLogger - Copying 0 resource
2025-09-30 09:10:56,578 [Worker-487: Building] WARN  o.e.m.c.i.embedder.EclipseLogger - Using platform encoding (MS949 actually) to copy filtered resources, i.e. build is platform dependent!
2025-09-30 09:10:56,579 [Worker-487: Building] INFO  o.e.m.c.i.embedder.EclipseLogger - Copying 8 resources
2025-09-30 09:10:56,580 [Worker-487: Building] WARN  o.e.m.c.i.embedder.EclipseLogger - Using platform encoding (MS949 actually) to copy filtered resources, i.e. build is platform dependent!
2025-09-30 09:10:56,580 [Worker-487: Building] INFO  o.e.m.c.i.embedder.EclipseLogger - Copying 0 resource
2025-09-30 09:11:00,073 [Worker-488: Building] WARN  o.e.m.c.i.embedder.EclipseLogger - Using platform encoding (MS949 actually) to copy filtered resources, i.e. build is platform dependent!
2025-09-30 09:11:00,074 [Worker-488: Building] INFO  o.e.m.c.i.embedder.EclipseLogger - Copying 8 resources
2025-09-30 09:11:00,075 [Worker-488: Building] WARN  o.e.m.c.i.embedder.EclipseLogger - Using platform encoding (MS949 actually) to copy filtered resources, i.e. build is platform dependent!
2025-09-30 09:11:00,075 [Worker-488: Building] INFO  o.e.m.c.i.embedder.EclipseLogger - Copying 0 resource
2025-09-30 09:13:24,706 [Worker-489: Building] WARN  o.e.m.c.i.embedder.EclipseLogger - Using platform encoding (MS949 actually) to copy filtered resources, i.e. build is platform dependent!
2025-09-30 09:13:24,706 [Worker-489: Building] INFO  o.e.m.c.i.embedder.EclipseLogger - Copying 0 resource
2025-09-30 09:13:24,707 [Worker-489: Building] WARN  o.e.m.c.i.embedder.EclipseLogger - Using platform encoding (MS949 actually) to copy filtered resources, i.e. build is platform dependent!
2025-09-30 09:13:24,707 [Worker-489: Building] INFO  o.e.m.c.i.embedder.EclipseLogger - Copying 0 resource
2025-09-30 09:13:33,323 [Worker-490: Building] WARN  o.e.m.c.i.embedder.EclipseLogger - Using platform encoding (MS949 actually) to copy filtered resources, i.e. build is platform dependent!
2025-09-30 09:13:33,324 [Worker-490: Building] INFO  o.e.m.c.i.embedder.EclipseLogger - Copying 8 resources
2025-09-30 09:13:33,325 [Worker-490: Building] WARN  o.e.m.c.i.embedder.EclipseLogger - Using platform encoding (MS949 actually) to copy filtered resources, i.e. build is platform dependent!
2025-09-30 09:13:33,325 [Worker-490: Building] INFO  o.e.m.c.i.embedder.EclipseLogger - Copying 0 resource
2025-09-30 09:14:22,839 [Worker-491: Building] WARN  o.e.m.c.i.embedder.EclipseLogger - Using platform encoding (MS949 actually) to copy filtered resources, i.e. build is platform dependent!
2025-09-30 09:14:22,840 [Worker-491: Building] INFO  o.e.m.c.i.embedder.EclipseLogger - Copying 0 resource
2025-09-30 09:14:22,840 [Worker-491: Building] WARN  o.e.m.c.i.embedder.EclipseLogger - Using platform encoding (MS949 actually) to copy filtered resources, i.e. build is platform dependent!
2025-09-30 09:14:22,841 [Worker-491: Building] INFO  o.e.m.c.i.embedder.EclipseLogger - Copying 0 resource
2025-09-30 09:14:26,725 [Worker-491: Building] WARN  o.e.m.c.i.embedder.EclipseLogger - Using platform encoding (MS949 actually) to copy filtered resources, i.e. build is platform dependent!
2025-09-30 09:14:26,726 [Worker-491: Building] INFO  o.e.m.c.i.embedder.EclipseLogger - Copying 0 resource
2025-09-30 09:14:26,726 [Worker-491: Building] WARN  o.e.m.c.i.embedder.EclipseLogger - Using platform encoding (MS949 actually) to copy filtered resources, i.e. build is platform dependent!
2025-09-30 09:14:26,727 [Worker-491: Building] INFO  o.e.m.c.i.embedder.EclipseLogger - Copying 0 resource
2025-09-30 09:14:45,985 [Worker-488: Building] WARN  o.e.m.c.i.embedder.EclipseLogger - Using platform encoding (MS949 actually) to copy filtered resources, i.e. build is platform dependent!
2025-09-30 09:14:45,985 [Worker-488: Building] INFO  o.e.m.c.i.embedder.EclipseLogger - Copying 0 resource
2025-09-30 09:14:45,986 [Worker-488: Building] WARN  o.e.m.c.i.embedder.EclipseLogger - Using platform encoding (MS949 actually) to copy filtered resources, i.e. build is platform dependent!
2025-09-30 09:14:45,986 [Worker-488: Building] INFO  o.e.m.c.i.embedder.EclipseLogger - Copying 0 resource
2025-09-30 09:15:28,243 [Worker-478: Building] WARN  o.e.m.c.i.embedder.EclipseLogger - Using platform encoding (MS949 actually) to copy filtered resources, i.e. build is platform dependent!
2025-09-30 09:15:28,243 [Worker-478: Building] INFO  o.e.m.c.i.embedder.EclipseLogger - Copying 0 resource
2025-09-30 09:15:28,244 [Worker-478: Building] WARN  o.e.m.c.i.embedder.EclipseLogger - Using platform encoding (MS949 actually) to copy filtered resources, i.e. build is platform dependent!
2025-09-30 09:15:28,244 [Worker-478: Building] INFO  o.e.m.c.i.embedder.EclipseLogger - Copying 0 resource
2025-09-30 09:15:48,815 [Worker-478: Building] WARN  o.e.m.c.i.embedder.EclipseLogger - Using platform encoding (MS949 actually) to copy filtered resources, i.e. build is platform dependent!
2025-09-30 09:15:48,816 [Worker-478: Building] INFO  o.e.m.c.i.embedder.EclipseLogger - Copying 0 resource
2025-09-30 09:15:48,816 [Worker-478: Building] WARN  o.e.m.c.i.embedder.EclipseLogger - Using platform encoding (MS949 actually) to copy filtered resources, i.e. build is platform dependent!
2025-09-30 09:15:48,816 [Worker-478: Building] INFO  o.e.m.c.i.embedder.EclipseLogger - Copying 0 resource
2025-09-30 09:16:31,439 [Worker-491: Building] WARN  o.e.m.c.i.embedder.EclipseLogger - Using platform encoding (MS949 actually) to copy filtered resources, i.e. build is platform dependent!
2025-09-30 09:16:31,439 [Worker-491: Building] INFO  o.e.m.c.i.embedder.EclipseLogger - Copying 0 resource
2025-09-30 09:16:31,440 [Worker-491: Building] WARN  o.e.m.c.i.embedder.EclipseLogger - Using platform encoding (MS949 actually) to copy filtered resources, i.e. build is platform dependent!
2025-09-30 09:16:31,440 [Worker-491: Building] INFO  o.e.m.c.i.embedder.EclipseLogger - Copying 0 resource
2025-09-30 09:16:34,077 [Worker-488: Building] WARN  o.e.m.c.i.embedder.EclipseLogger - Using platform encoding (MS949 actually) to copy filtered resources, i.e. build is platform dependent!
2025-09-30 09:16:34,077 [Worker-488: Building] INFO  o.e.m.c.i.embedder.EclipseLogger - Copying 0 resource
2025-09-30 09:16:34,078 [Worker-488: Building] WARN  o.e.m.c.i.embedder.EclipseLogger - Using platform encoding (MS949 actually) to copy filtered resources, i.e. build is platform dependent!
2025-09-30 09:16:34,078 [Worker-488: Building] INFO  o.e.m.c.i.embedder.EclipseLogger - Copying 0 resource
2025-09-30 09:17:26,031 [Worker-490: Building] WARN  o.e.m.c.i.embedder.EclipseLogger - Using platform encoding (MS949 actually) to copy filtered resources, i.e. build is platform dependent!
2025-09-30 09:17:26,032 [Worker-490: Building] INFO  o.e.m.c.i.embedder.EclipseLogger - Copying 8 resources
2025-09-30 09:17:26,033 [Worker-490: Building] WARN  o.e.m.c.i.embedder.EclipseLogger - Using platform encoding (MS949 actually) to copy filtered resources, i.e. build is platform dependent!
2025-09-30 09:17:26,033 [Worker-490: Building] INFO  o.e.m.c.i.embedder.EclipseLogger - Copying 0 resource
2025-09-30 09:17:38,285 [Worker-490: Building] WARN  o.e.m.c.i.embedder.EclipseLogger - Using platform encoding (MS949 actually) to copy filtered resources, i.e. build is platform dependent!
2025-09-30 09:17:38,286 [Worker-490: Building] INFO  o.e.m.c.i.embedder.EclipseLogger - Copying 8 resources
2025-09-30 09:17:38,287 [Worker-490: Building] WARN  o.e.m.c.i.embedder.EclipseLogger - Using platform encoding (MS949 actually) to copy filtered resources, i.e. build is platform dependent!
2025-09-30 09:17:38,288 [Worker-490: Building] INFO  o.e.m.c.i.embedder.EclipseLogger - Copying 0 resource
2025-09-30 09:17:40,317 [Worker-490: Building] WARN  o.e.m.c.i.embedder.EclipseLogger - Using platform encoding (MS949 actually) to copy filtered resources, i.e. build is platform dependent!
2025-09-30 09:17:40,318 [Worker-490: Building] INFO  o.e.m.c.i.embedder.EclipseLogger - Copying 8 resources
2025-09-30 09:17:40,319 [Worker-490: Building] WARN  o.e.m.c.i.embedder.EclipseLogger - Using platform encoding (MS949 actually) to copy filtered resources, i.e. build is platform dependent!
2025-09-30 09:17:40,319 [Worker-490: Building] INFO  o.e.m.c.i.embedder.EclipseLogger - Copying 0 resource
2025-09-30 09:17:43,866 [Worker-490: Building] WARN  o.e.m.c.i.embedder.EclipseLogger - Using platform encoding (MS949 actually) to copy filtered resources, i.e. build is platform dependent!
2025-09-30 09:17:43,867 [Worker-490: Building] INFO  o.e.m.c.i.embedder.EclipseLogger - Copying 8 resources
2025-09-30 09:17:43,868 [Worker-490: Building] WARN  o.e.m.c.i.embedder.EclipseLogger - Using platform encoding (MS949 actually) to copy filtered resources, i.e. build is platform dependent!
2025-09-30 09:17:43,868 [Worker-490: Building] INFO  o.e.m.c.i.embedder.EclipseLogger - Copying 0 resource
2025-09-30 09:18:34,799 [Worker-478: Building] WARN  o.e.m.c.i.embedder.EclipseLogger - Using platform encoding (MS949 actually) to copy filtered resources, i.e. build is platform dependent!
2025-09-30 09:18:34,801 [Worker-478: Building] INFO  o.e.m.c.i.embedder.EclipseLogger - Copying 8 resources
2025-09-30 09:18:34,801 [Worker-478: Building] WARN  o.e.m.c.i.embedder.EclipseLogger - Using platform encoding (MS949 actually) to copy filtered resources, i.e. build is platform dependent!
2025-09-30 09:18:34,802 [Worker-478: Building] INFO  o.e.m.c.i.embedder.EclipseLogger - Copying 0 resource
2025-09-30 09:19:10,894 [Worker-489: Building] WARN  o.e.m.c.i.embedder.EclipseLogger - Using platform encoding (MS949 actually) to copy filtered resources, i.e. build is platform dependent!
2025-09-30 09:19:10,895 [Worker-489: Building] INFO  o.e.m.c.i.embedder.EclipseLogger - Copying 0 resource
2025-09-30 09:19:10,895 [Worker-489: Building] WARN  o.e.m.c.i.embedder.EclipseLogger - Using platform encoding (MS949 actually) to copy filtered resources, i.e. build is platform dependent!
2025-09-30 09:19:10,896 [Worker-489: Building] INFO  o.e.m.c.i.embedder.EclipseLogger - Copying 0 resource
2025-09-30 09:19:17,912 [Worker-478: Building] WARN  o.e.m.c.i.embedder.EclipseLogger - Using platform encoding (MS949 actually) to copy filtered resources, i.e. build is platform dependent!
2025-09-30 09:19:17,912 [Worker-478: Building] INFO  o.e.m.c.i.embedder.EclipseLogger - Copying 0 resource
2025-09-30 09:19:17,912 [Worker-478: Building] WARN  o.e.m.c.i.embedder.EclipseLogger - Using platform encoding (MS949 actually) to copy filtered resources, i.e. build is platform dependent!
2025-09-30 09:19:17,913 [Worker-478: Building] INFO  o.e.m.c.i.embedder.EclipseLogger - Copying 0 resource
2025-09-30 09:19:47,214 [Worker-489: Building] WARN  o.e.m.c.i.embedder.EclipseLogger - Using platform encoding (MS949 actually) to copy filtered resources, i.e. build is platform dependent!
2025-09-30 09:19:47,216 [Worker-489: Building] INFO  o.e.m.c.i.embedder.EclipseLogger - Copying 8 resources
2025-09-30 09:19:47,217 [Worker-489: Building] WARN  o.e.m.c.i.embedder.EclipseLogger - Using platform encoding (MS949 actually) to copy filtered resources, i.e. build is platform dependent!
2025-09-30 09:19:47,217 [Worker-489: Building] INFO  o.e.m.c.i.embedder.EclipseLogger - Copying 0 resource
2025-09-30 09:19:51,052 [Worker-492: Building] WARN  o.e.m.c.i.embedder.EclipseLogger - Using platform encoding (MS949 actually) to copy filtered resources, i.e. build is platform dependent!
2025-09-30 09:19:51,053 [Worker-492: Building] INFO  o.e.m.c.i.embedder.EclipseLogger - Copying 8 resources
2025-09-30 09:19:51,054 [Worker-492: Building] WARN  o.e.m.c.i.embedder.EclipseLogger - Using platform encoding (MS949 actually) to copy filtered resources, i.e. build is platform dependent!
2025-09-30 09:19:51,054 [Worker-492: Building] INFO  o.e.m.c.i.embedder.EclipseLogger - Copying 0 resource
2025-09-30 09:19:54,032 [Worker-489: Building] WARN  o.e.m.c.i.embedder.EclipseLogger - Using platform encoding (MS949 actually) to copy filtered resources, i.e. build is platform dependent!
2025-09-30 09:19:54,033 [Worker-489: Building] INFO  o.e.m.c.i.embedder.EclipseLogger - Copying 8 resources
2025-09-30 09:19:54,034 [Worker-489: Building] WARN  o.e.m.c.i.embedder.EclipseLogger - Using platform encoding (MS949 actually) to copy filtered resources, i.e. build is platform dependent!
2025-09-30 09:19:54,034 [Worker-489: Building] INFO  o.e.m.c.i.embedder.EclipseLogger - Copying 0 resource
2025-09-30 09:20:34,571 [Worker-478: Building] WARN  o.e.m.c.i.embedder.EclipseLogger - Using platform encoding (MS949 actually) to copy filtered resources, i.e. build is platform dependent!
2025-09-30 09:20:34,572 [Worker-478: Building] INFO  o.e.m.c.i.embedder.EclipseLogger - Copying 8 resources
2025-09-30 09:20:34,573 [Worker-478: Building] WARN  o.e.m.c.i.embedder.EclipseLogger - Using platform encoding (MS949 actually) to copy filtered resources, i.e. build is platform dependent!
2025-09-30 09:20:34,573 [Worker-478: Building] INFO  o.e.m.c.i.embedder.EclipseLogger - Copying 0 resource
2025-09-30 09:21:29,261 [Worker-489: Building] WARN  o.e.m.c.i.embedder.EclipseLogger - Using platform encoding (MS949 actually) to copy filtered resources, i.e. build is platform dependent!
2025-09-30 09:21:29,263 [Worker-489: Building] INFO  o.e.m.c.i.embedder.EclipseLogger - Copying 8 resources
2025-09-30 09:21:29,264 [Worker-489: Building] WARN  o.e.m.c.i.embedder.EclipseLogger - Using platform encoding (MS949 actually) to copy filtered resources, i.e. build is platform dependent!
2025-09-30 09:21:29,265 [Worker-489: Building] INFO  o.e.m.c.i.embedder.EclipseLogger - Copying 0 resource
2025-09-30 09:22:31,919 [Worker-490: Building] WARN  o.e.m.c.i.embedder.EclipseLogger - Using platform encoding (MS949 actually) to copy filtered resources, i.e. build is platform dependent!
2025-09-30 09:22:31,920 [Worker-490: Building] INFO  o.e.m.c.i.embedder.EclipseLogger - Copying 1 resource
2025-09-30 09:22:31,921 [Worker-490: Building] WARN  o.e.m.c.i.embedder.EclipseLogger - Using platform encoding (MS949 actually) to copy filtered resources, i.e. build is platform dependent!
2025-09-30 09:22:31,921 [Worker-490: Building] INFO  o.e.m.c.i.embedder.EclipseLogger - Copying 0 resource
2025-09-30 09:23:33,035 [Worker-491: Building] WARN  o.e.m.c.i.embedder.EclipseLogger - Using platform encoding (MS949 actually) to copy filtered resources, i.e. build is platform dependent!
2025-09-30 09:23:33,037 [Worker-491: Building] INFO  o.e.m.c.i.embedder.EclipseLogger - Copying 8 resources
2025-09-30 09:23:33,037 [Worker-491: Building] WARN  o.e.m.c.i.embedder.EclipseLogger - Using platform encoding (MS949 actually) to copy filtered resources, i.e. build is platform dependent!
2025-09-30 09:23:33,038 [Worker-491: Building] INFO  o.e.m.c.i.embedder.EclipseLogger - Copying 0 resource
2025-09-30 09:23:42,961 [Worker-478: Building] WARN  o.e.m.c.i.embedder.EclipseLogger - Using platform encoding (MS949 actually) to copy filtered resources, i.e. build is platform dependent!
2025-09-30 09:23:42,961 [Worker-478: Building] INFO  o.e.m.c.i.embedder.EclipseLogger - Copying 0 resource
2025-09-30 09:23:42,962 [Worker-478: Building] WARN  o.e.m.c.i.embedder.EclipseLogger - Using platform encoding (MS949 actually) to copy filtered resources, i.e. build is platform dependent!
2025-09-30 09:23:42,962 [Worker-478: Building] INFO  o.e.m.c.i.embedder.EclipseLogger - Copying 0 resource
2025-09-30 09:24:28,616 [Worker-490: Building] WARN  o.e.m.c.i.embedder.EclipseLogger - Using platform encoding (MS949 actually) to copy filtered resources, i.e. build is platform dependent!
2025-09-30 09:24:28,617 [Worker-490: Building] INFO  o.e.m.c.i.embedder.EclipseLogger - Copying 0 resource
2025-09-30 09:24:28,617 [Worker-490: Building] WARN  o.e.m.c.i.embedder.EclipseLogger - Using platform encoding (MS949 actually) to copy filtered resources, i.e. build is platform dependent!
2025-09-30 09:24:28,617 [Worker-490: Building] INFO  o.e.m.c.i.embedder.EclipseLogger - Copying 0 resource
2025-09-30 09:24:57,461 [Worker-490: Building] WARN  o.e.m.c.i.embedder.EclipseLogger - Using platform encoding (MS949 actually) to copy filtered resources, i.e. build is platform dependent!
2025-09-30 09:24:57,461 [Worker-490: Building] INFO  o.e.m.c.i.embedder.EclipseLogger - Copying 0 resource
2025-09-30 09:24:57,462 [Worker-490: Building] WARN  o.e.m.c.i.embedder.EclipseLogger - Using platform encoding (MS949 actually) to copy filtered resources, i.e. build is platform dependent!
2025-09-30 09:24:57,462 [Worker-490: Building] INFO  o.e.m.c.i.embedder.EclipseLogger - Copying 0 resource
2025-09-30 09:25:23,750 [Worker-489: Building] WARN  o.e.m.c.i.embedder.EclipseLogger - Using platform encoding (MS949 actually) to copy filtered resources, i.e. build is platform dependent!
2025-09-30 09:25:23,750 [Worker-489: Building] INFO  o.e.m.c.i.embedder.EclipseLogger - Copying 0 resource
2025-09-30 09:25:23,751 [Worker-489: Building] WARN  o.e.m.c.i.embedder.EclipseLogger - Using platform encoding (MS949 actually) to copy filtered resources, i.e. build is platform dependent!
2025-09-30 09:25:23,751 [Worker-489: Building] INFO  o.e.m.c.i.embedder.EclipseLogger - Copying 0 resource
2025-09-30 09:25:36,027 [Worker-491: Building] WARN  o.e.m.c.i.embedder.EclipseLogger - Using platform encoding (MS949 actually) to copy filtered resources, i.e. build is platform dependent!
2025-09-30 09:25:36,028 [Worker-491: Building] INFO  o.e.m.c.i.embedder.EclipseLogger - Copying 0 resource
2025-09-30 09:25:36,028 [Worker-491: Building] WARN  o.e.m.c.i.embedder.EclipseLogger - Using platform encoding (MS949 actually) to copy filtered resources, i.e. build is platform dependent!
2025-09-30 09:25:36,029 [Worker-491: Building] INFO  o.e.m.c.i.embedder.EclipseLogger - Copying 0 resource
2025-09-30 09:25:39,080 [Worker-490: Building] WARN  o.e.m.c.i.embedder.EclipseLogger - Using platform encoding (MS949 actually) to copy filtered resources, i.e. build is platform dependent!
2025-09-30 09:25:39,081 [Worker-490: Building] INFO  o.e.m.c.i.embedder.EclipseLogger - Copying 0 resource
2025-09-30 09:25:39,081 [Worker-490: Building] WARN  o.e.m.c.i.embedder.EclipseLogger - Using platform encoding (MS949 actually) to copy filtered resources, i.e. build is platform dependent!
2025-09-30 09:25:39,082 [Worker-490: Building] INFO  o.e.m.c.i.embedder.EclipseLogger - Copying 0 resource
2025-09-30 09:28:11,629 [Worker-478: Building workspace] INFO  o.e.m.c.i.l.LifecycleMappingFactory - Using org.maven.ide.eclipse.wtp.WarLifecycleMapping lifecycle mapping for MavenProject: com.kh:member:1.0.0-BUILD-SNAPSHOT @ C:\12_Spring\work\Ex0930_db\pom.xml.
2025-09-30 09:28:11,758 [Worker-478: Building workspace] WARN  o.e.m.c.i.embedder.EclipseLogger - Using platform encoding (MS949 actually) to copy filtered resources, i.e. build is platform dependent!
2025-09-30 09:28:11,758 [Worker-478: Building workspace] INFO  o.e.m.c.i.embedder.EclipseLogger - Copying 1 resource
2025-09-30 09:28:11,760 [Worker-478: Building workspace] WARN  o.e.m.c.i.embedder.EclipseLogger - Using platform encoding (MS949 actually) to copy filtered resources, i.e. build is platform dependent!
2025-09-30 09:28:11,760 [Worker-478: Building workspace] INFO  o.e.m.c.i.embedder.EclipseLogger - Copying 1 resource
2025-09-30 09:28:12,009 [Worker-497: Building] WARN  o.e.m.c.i.embedder.EclipseLogger - Using platform encoding (MS949 actually) to copy filtered resources, i.e. build is platform dependent!
2025-09-30 09:28:12,010 [Worker-497: Building] INFO  o.e.m.c.i.embedder.EclipseLogger - Copying 1 resource
2025-09-30 09:28:12,011 [Worker-497: Building] WARN  o.e.m.c.i.embedder.EclipseLogger - Using platform encoding (MS949 actually) to copy filtered resources, i.e. build is platform dependent!
2025-09-30 09:28:12,012 [Worker-497: Building] INFO  o.e.m.c.i.embedder.EclipseLogger - Copying 1 resource
2025-09-30 09:29:48,737 [Worker-478: Building] WARN  o.e.m.c.i.embedder.EclipseLogger - Using platform encoding (MS949 actually) to copy filtered resources, i.e. build is platform dependent!
2025-09-30 09:29:48,738 [Worker-478: Building] INFO  o.e.m.c.i.embedder.EclipseLogger - Copying 3 resources
2025-09-30 09:29:48,740 [Worker-478: Building] WARN  o.e.m.c.i.embedder.EclipseLogger - Using platform encoding (MS949 actually) to copy filtered resources, i.e. build is platform dependent!
2025-09-30 09:29:48,741 [Worker-478: Building] INFO  o.e.m.c.i.embedder.EclipseLogger - Copying 0 resource
2025-09-30 09:29:54,253 [Worker-495: Building] WARN  o.e.m.c.i.embedder.EclipseLogger - Using platform encoding (MS949 actually) to copy filtered resources, i.e. build is platform dependent!
2025-09-30 09:29:54,254 [Worker-495: Building] INFO  o.e.m.c.i.embedder.EclipseLogger - Copying 4 resources
2025-09-30 09:29:54,255 [Worker-495: Building] WARN  o.e.m.c.i.embedder.EclipseLogger - Using platform encoding (MS949 actually) to copy filtered resources, i.e. build is platform dependent!
2025-09-30 09:29:54,256 [Worker-495: Building] INFO  o.e.m.c.i.embedder.EclipseLogger - Copying 0 resource
2025-09-30 09:29:56,439 [Worker-498: Building] WARN  o.e.m.c.i.embedder.EclipseLogger - Using platform encoding (MS949 actually) to copy filtered resources, i.e. build is platform dependent!
2025-09-30 09:29:56,440 [Worker-498: Building] INFO  o.e.m.c.i.embedder.EclipseLogger - Copying 7 resources
2025-09-30 09:29:56,442 [Worker-498: Building] WARN  o.e.m.c.i.embedder.EclipseLogger - Using platform encoding (MS949 actually) to copy filtered resources, i.e. build is platform dependent!
2025-09-30 09:29:56,443 [Worker-498: Building] INFO  o.e.m.c.i.embedder.EclipseLogger - Copying 0 resource
2025-09-30 09:29:58,599 [Worker-491: Building] WARN  o.e.m.c.i.embedder.EclipseLogger - Using platform encoding (MS949 actually) to copy filtered resources, i.e. build is platform dependent!
2025-09-30 09:29:58,600 [Worker-491: Building] INFO  o.e.m.c.i.embedder.EclipseLogger - Copying 8 resources
2025-09-30 09:29:58,602 [Worker-491: Building] WARN  o.e.m.c.i.embedder.EclipseLogger - Using platform encoding (MS949 actually) to copy filtered resources, i.e. build is platform dependent!
2025-09-30 09:29:58,602 [Worker-491: Building] INFO  o.e.m.c.i.embedder.EclipseLogger - Copying 0 resource
2025-09-30 09:30:45,537 [Worker-478: Building] WARN  o.e.m.c.i.embedder.EclipseLogger - Using platform encoding (MS949 actually) to copy filtered resources, i.e. build is platform dependent!
2025-09-30 09:30:45,538 [Worker-478: Building] INFO  o.e.m.c.i.embedder.EclipseLogger - Copying 1 resource
2025-09-30 09:30:45,539 [Worker-478: Building] WARN  o.e.m.c.i.embedder.EclipseLogger - Using platform encoding (MS949 actually) to copy filtered resources, i.e. build is platform dependent!
2025-09-30 09:30:45,539 [Worker-478: Building] INFO  o.e.m.c.i.embedder.EclipseLogger - Copying 0 resource
2025-09-30 09:31:01,061 [Worker-499: Building] WARN  o.e.m.c.i.embedder.EclipseLogger - Using platform encoding (MS949 actually) to copy filtered resources, i.e. build is platform dependent!
2025-09-30 09:31:01,061 [Worker-499: Building] INFO  o.e.m.c.i.embedder.EclipseLogger - Copying 1 resource
2025-09-30 09:31:01,062 [Worker-499: Building] WARN  o.e.m.c.i.embedder.EclipseLogger - Using platform encoding (MS949 actually) to copy filtered resources, i.e. build is platform dependent!
2025-09-30 09:31:01,063 [Worker-499: Building] INFO  o.e.m.c.i.embedder.EclipseLogger - Copying 0 resource
2025-09-30 09:32:12,916 [Worker-499: Building] WARN  o.e.m.c.i.embedder.EclipseLogger - Using platform encoding (MS949 actually) to copy filtered resources, i.e. build is platform dependent!
2025-09-30 09:32:12,916 [Worker-499: Building] INFO  o.e.m.c.i.embedder.EclipseLogger - Copying 1 resource
2025-09-30 09:32:12,917 [Worker-499: Building] WARN  o.e.m.c.i.embedder.EclipseLogger - Using platform encoding (MS949 actually) to copy filtered resources, i.e. build is platform dependent!
2025-09-30 09:32:12,918 [Worker-499: Building] INFO  o.e.m.c.i.embedder.EclipseLogger - Copying 0 resource
2025-09-30 09:33:31,050 [Worker-497: Building] WARN  o.e.m.c.i.embedder.EclipseLogger - Using platform encoding (MS949 actually) to copy filtered resources, i.e. build is platform dependent!
2025-09-30 09:33:31,050 [Worker-497: Building] INFO  o.e.m.c.i.embedder.EclipseLogger - Copying 1 resource
2025-09-30 09:33:31,051 [Worker-497: Building] WARN  o.e.m.c.i.embedder.EclipseLogger - Using platform encoding (MS949 actually) to copy filtered resources, i.e. build is platform dependent!
2025-09-30 09:33:31,052 [Worker-497: Building] INFO  o.e.m.c.i.embedder.EclipseLogger - Copying 0 resource
2025-09-30 09:33:33,658 [Worker-498: Building] WARN  o.e.m.c.i.embedder.EclipseLogger - Using platform encoding (MS949 actually) to copy filtered resources, i.e. build is platform dependent!
2025-09-30 09:33:33,658 [Worker-498: Building] INFO  o.e.m.c.i.embedder.EclipseLogger - Copying 1 resource
2025-09-30 09:33:33,659 [Worker-498: Building] WARN  o.e.m.c.i.embedder.EclipseLogger - Using platform encoding (MS949 actually) to copy filtered resources, i.e. build is platform dependent!
2025-09-30 09:33:33,660 [Worker-498: Building] INFO  o.e.m.c.i.embedder.EclipseLogger - Copying 0 resource
2025-09-30 09:34:20,547 [Worker-478: Building] WARN  o.e.m.c.i.embedder.EclipseLogger - Using platform encoding (MS949 actually) to copy filtered resources, i.e. build is platform dependent!
2025-09-30 09:34:20,547 [Worker-478: Building] INFO  o.e.m.c.i.embedder.EclipseLogger - Copying 1 resource
2025-09-30 09:34:20,548 [Worker-478: Building] WARN  o.e.m.c.i.embedder.EclipseLogger - Using platform encoding (MS949 actually) to copy filtered resources, i.e. build is platform dependent!
2025-09-30 09:34:20,549 [Worker-478: Building] INFO  o.e.m.c.i.embedder.EclipseLogger - Copying 0 resource
2025-09-30 09:34:37,685 [Worker-478: Building] WARN  o.e.m.c.i.embedder.EclipseLogger - Using platform encoding (MS949 actually) to copy filtered resources, i.e. build is platform dependent!
2025-09-30 09:34:37,685 [Worker-478: Building] INFO  o.e.m.c.i.embedder.EclipseLogger - Copying 1 resource
2025-09-30 09:34:37,687 [Worker-478: Building] WARN  o.e.m.c.i.embedder.EclipseLogger - Using platform encoding (MS949 actually) to copy filtered resources, i.e. build is platform dependent!
2025-09-30 09:34:37,687 [Worker-478: Building] INFO  o.e.m.c.i.embedder.EclipseLogger - Copying 0 resource
2025-09-30 09:35:27,052 [Worker-495: Building] WARN  o.e.m.c.i.embedder.EclipseLogger - Using platform encoding (MS949 actually) to copy filtered resources, i.e. build is platform dependent!
2025-09-30 09:35:27,052 [Worker-495: Building] INFO  o.e.m.c.i.embedder.EclipseLogger - Copying 0 resource
2025-09-30 09:35:27,053 [Worker-495: Building] WARN  o.e.m.c.i.embedder.EclipseLogger - Using platform encoding (MS949 actually) to copy filtered resources, i.e. build is platform dependent!
2025-09-30 09:35:27,053 [Worker-495: Building] INFO  o.e.m.c.i.embedder.EclipseLogger - Copying 0 resource
2025-09-30 09:37:43,327 [Worker-494: Building] INFO  o.e.m.c.i.l.LifecycleMappingFactory - Using org.maven.ide.eclipse.wtp.WarLifecycleMapping lifecycle mapping for MavenProject: com.kh:db:1.0.0-BUILD-SNAPSHOT @ C:\12_Spring\work\Ex0930_db\pom.xml.
2025-09-30 09:37:43,449 [Worker-494: Building] WARN  o.e.m.c.i.embedder.EclipseLogger - Using platform encoding (MS949 actually) to copy filtered resources, i.e. build is platform dependent!
2025-09-30 09:37:43,450 [Worker-494: Building] INFO  o.e.m.c.i.embedder.EclipseLogger - Copying 0 resource
2025-09-30 09:37:43,450 [Worker-494: Building] WARN  o.e.m.c.i.embedder.EclipseLogger - Using platform encoding (MS949 actually) to copy filtered resources, i.e. build is platform dependent!
2025-09-30 09:37:43,451 [Worker-494: Building] INFO  o.e.m.c.i.embedder.EclipseLogger - Copying 0 resource
2025-09-30 09:37:43,451 [Worker-494: Building] INFO  o.e.m.w.i.f.ResourceFilteringBuildParticipant - Changed resources require a complete clean of filtered resources of Ex0930_db
2025-09-30 09:37:43,451 [Worker-494: Building] INFO  o.e.m.w.i.f.ResourceFilteringBuildParticipant - Executing resource filtering for Ex0930_db
2025-09-30 09:37:43,456 [Worker-494: Building] WARN  o.e.m.c.i.embedder.EclipseLogger - Using platform encoding (MS949 actually) to copy filtered resources, i.e. build is platform dependent!
2025-09-30 09:37:44,681 [Worker-502: Building] WARN  o.e.m.c.i.embedder.EclipseLogger - Using platform encoding (MS949 actually) to copy filtered resources, i.e. build is platform dependent!
2025-09-30 09:37:44,682 [Worker-502: Building] INFO  o.e.m.c.i.embedder.EclipseLogger - Copying 8 resources
2025-09-30 09:37:44,689 [Worker-502: Building] WARN  o.e.m.c.i.embedder.EclipseLogger - Using platform encoding (MS949 actually) to copy filtered resources, i.e. build is platform dependent!
2025-09-30 09:37:44,689 [Worker-502: Building] INFO  o.e.m.c.i.embedder.EclipseLogger - Copying 1 resource
2025-09-30 09:39:59,382 [Worker-503: Building] INFO  o.e.m.c.i.l.LifecycleMappingFactory - Using org.maven.ide.eclipse.wtp.WarLifecycleMapping lifecycle mapping for MavenProject: com.kh:member:1.0.0-BUILD-SNAPSHOT @ C:\12_Spring\work\Ex0930_db\pom.xml.
2025-09-30 09:39:59,507 [Worker-503: Building] WARN  o.e.m.c.i.embedder.EclipseLogger - Using platform encoding (MS949 actually) to copy filtered resources, i.e. build is platform dependent!
2025-09-30 09:39:59,507 [Worker-503: Building] INFO  o.e.m.c.i.embedder.EclipseLogger - Copying 0 resource
2025-09-30 09:39:59,508 [Worker-503: Building] WARN  o.e.m.c.i.embedder.EclipseLogger - Using platform encoding (MS949 actually) to copy filtered resources, i.e. build is platform dependent!
2025-09-30 09:39:59,508 [Worker-503: Building] INFO  o.e.m.c.i.embedder.EclipseLogger - Copying 0 resource
2025-09-30 09:39:59,508 [Worker-503: Building] INFO  o.e.m.w.i.f.ResourceFilteringBuildParticipant - Changed resources require a complete clean of filtered resources of Ex0930_db
2025-09-30 09:39:59,508 [Worker-503: Building] INFO  o.e.m.w.i.f.ResourceFilteringBuildParticipant - Executing resource filtering for Ex0930_db
2025-09-30 09:39:59,509 [Worker-503: Building] WARN  o.e.m.c.i.embedder.EclipseLogger - Using platform encoding (MS949 actually) to copy filtered resources, i.e. build is platform dependent!
2025-09-30 09:40:31,377 [Worker-503: Building] INFO  o.e.m.c.i.l.LifecycleMappingFactory - Using org.maven.ide.eclipse.wtp.WarLifecycleMapping lifecycle mapping for MavenProject: com.kh:member:1.0.0-BUILD-SNAPSHOT @ C:\12_Spring\work\Ex0930_db\pom.xml.
2025-09-30 09:40:31,485 [Worker-503: Building] WARN  o.e.m.c.i.embedder.EclipseLogger - Using platform encoding (MS949 actually) to copy filtered resources, i.e. build is platform dependent!
2025-09-30 09:40:31,485 [Worker-503: Building] INFO  o.e.m.c.i.embedder.EclipseLogger - Copying 0 resource
2025-09-30 09:40:31,486 [Worker-503: Building] WARN  o.e.m.c.i.embedder.EclipseLogger - Using platform encoding (MS949 actually) to copy filtered resources, i.e. build is platform dependent!
2025-09-30 09:40:31,486 [Worker-503: Building] INFO  o.e.m.c.i.embedder.EclipseLogger - Copying 0 resource
2025-09-30 09:40:31,486 [Worker-503: Building] INFO  o.e.m.w.i.f.ResourceFilteringBuildParticipant - Changed resources require a complete clean of filtered resources of Ex0930_db
2025-09-30 09:40:31,486 [Worker-503: Building] INFO  o.e.m.w.i.f.ResourceFilteringBuildParticipant - Executing resource filtering for Ex0930_db
2025-09-30 09:40:31,488 [Worker-503: Building] WARN  o.e.m.c.i.embedder.EclipseLogger - Using platform encoding (MS949 actually) to copy filtered resources, i.e. build is platform dependent!
2025-09-30 09:42:58,499 [Worker-504: Building] WARN  o.e.m.c.i.embedder.EclipseLogger - Using platform encoding (MS949 actually) to copy filtered resources, i.e. build is platform dependent!
2025-09-30 09:42:58,500 [Worker-504: Building] INFO  o.e.m.c.i.embedder.EclipseLogger - Copying 8 resources
2025-09-30 09:42:58,501 [Worker-504: Building] WARN  o.e.m.c.i.embedder.EclipseLogger - Using platform encoding (MS949 actually) to copy filtered resources, i.e. build is platform dependent!
2025-09-30 09:42:58,501 [Worker-504: Building] INFO  o.e.m.c.i.embedder.EclipseLogger - Copying 0 resource
2025-09-30 09:43:30,859 [Worker-505: Building] WARN  o.e.m.c.i.embedder.EclipseLogger - Using platform encoding (MS949 actually) to copy filtered resources, i.e. build is platform dependent!
2025-09-30 09:43:30,860 [Worker-505: Building] INFO  o.e.m.c.i.embedder.EclipseLogger - Copying 8 resources
2025-09-30 09:43:30,861 [Worker-505: Building] WARN  o.e.m.c.i.embedder.EclipseLogger - Using platform encoding (MS949 actually) to copy filtered resources, i.e. build is platform dependent!
2025-09-30 09:43:30,861 [Worker-505: Building] INFO  o.e.m.c.i.embedder.EclipseLogger - Copying 0 resource
2025-09-30 09:43:40,281 [Worker-504: Building] WARN  o.e.m.c.i.embedder.EclipseLogger - Using platform encoding (MS949 actually) to copy filtered resources, i.e. build is platform dependent!
2025-09-30 09:43:40,282 [Worker-504: Building] INFO  o.e.m.c.i.embedder.EclipseLogger - Copying 8 resources
2025-09-30 09:43:40,283 [Worker-504: Building] WARN  o.e.m.c.i.embedder.EclipseLogger - Using platform encoding (MS949 actually) to copy filtered resources, i.e. build is platform dependent!
2025-09-30 09:43:40,283 [Worker-504: Building] INFO  o.e.m.c.i.embedder.EclipseLogger - Copying 0 resource
2025-09-30 09:43:43,986 [Worker-498: Building] WARN  o.e.m.c.i.embedder.EclipseLogger - Using platform encoding (MS949 actually) to copy filtered resources, i.e. build is platform dependent!
2025-09-30 09:43:43,988 [Worker-498: Building] INFO  o.e.m.c.i.embedder.EclipseLogger - Copying 8 resources
2025-09-30 09:43:43,988 [Worker-498: Building] WARN  o.e.m.c.i.embedder.EclipseLogger - Using platform encoding (MS949 actually) to copy filtered resources, i.e. build is platform dependent!
2025-09-30 09:43:43,988 [Worker-498: Building] INFO  o.e.m.c.i.embedder.EclipseLogger - Copying 0 resource
2025-09-30 09:43:57,116 [Worker-506: Building] WARN  o.e.m.c.i.embedder.EclipseLogger - Using platform encoding (MS949 actually) to copy filtered resources, i.e. build is platform dependent!
2025-09-30 09:43:57,117 [Worker-506: Building] INFO  o.e.m.c.i.embedder.EclipseLogger - Copying 8 resources
2025-09-30 09:43:57,118 [Worker-506: Building] WARN  o.e.m.c.i.embedder.EclipseLogger - Using platform encoding (MS949 actually) to copy filtered resources, i.e. build is platform dependent!
2025-09-30 09:43:57,119 [Worker-506: Building] INFO  o.e.m.c.i.embedder.EclipseLogger - Copying 0 resource
2025-09-30 09:44:33,333 [Worker-507: Building] WARN  o.e.m.c.i.embedder.EclipseLogger - Using platform encoding (MS949 actually) to copy filtered resources, i.e. build is platform dependent!
2025-09-30 09:44:33,334 [Worker-507: Building] INFO  o.e.m.c.i.embedder.EclipseLogger - Copying 8 resources
2025-09-30 09:44:33,335 [Worker-507: Building] WARN  o.e.m.c.i.embedder.EclipseLogger - Using platform encoding (MS949 actually) to copy filtered resources, i.e. build is platform dependent!
2025-09-30 09:44:33,335 [Worker-507: Building] INFO  o.e.m.c.i.embedder.EclipseLogger - Copying 0 resource
2025-09-30 09:45:30,530 [Worker-505: Building] WARN  o.e.m.c.i.embedder.EclipseLogger - Using platform encoding (MS949 actually) to copy filtered resources, i.e. build is platform dependent!
2025-09-30 09:45:30,532 [Worker-505: Building] INFO  o.e.m.c.i.embedder.EclipseLogger - Copying 8 resources
2025-09-30 09:45:30,532 [Worker-505: Building] WARN  o.e.m.c.i.embedder.EclipseLogger - Using platform encoding (MS949 actually) to copy filtered resources, i.e. build is platform dependent!
2025-09-30 09:45:30,533 [Worker-505: Building] INFO  o.e.m.c.i.embedder.EclipseLogger - Copying 0 resource
2025-09-30 09:45:34,348 [Worker-504: Building] WARN  o.e.m.c.i.embedder.EclipseLogger - Using platform encoding (MS949 actually) to copy filtered resources, i.e. build is platform dependent!
2025-09-30 09:45:34,350 [Worker-504: Building] INFO  o.e.m.c.i.embedder.EclipseLogger - Copying 8 resources
2025-09-30 09:45:34,350 [Worker-504: Building] WARN  o.e.m.c.i.embedder.EclipseLogger - Using platform encoding (MS949 actually) to copy filtered resources, i.e. build is platform dependent!
2025-09-30 09:45:34,351 [Worker-504: Building] INFO  o.e.m.c.i.embedder.EclipseLogger - Copying 0 resource
2025-09-30 09:45:35,544 [Worker-507: Building] WARN  o.e.m.c.i.embedder.EclipseLogger - Using platform encoding (MS949 actually) to copy filtered resources, i.e. build is platform dependent!
2025-09-30 09:45:35,545 [Worker-507: Building] INFO  o.e.m.c.i.embedder.EclipseLogger - Copying 8 resources
2025-09-30 09:45:35,545 [Worker-507: Building] WARN  o.e.m.c.i.embedder.EclipseLogger - Using platform encoding (MS949 actually) to copy filtered resources, i.e. build is platform dependent!
2025-09-30 09:45:35,545 [Worker-507: Building] INFO  o.e.m.c.i.embedder.EclipseLogger - Copying 0 resource
2025-09-30 09:46:26,497 [Worker-507: Building] WARN  o.e.m.c.i.embedder.EclipseLogger - Using platform encoding (MS949 actually) to copy filtered resources, i.e. build is platform dependent!
2025-09-30 09:46:26,498 [Worker-507: Building] INFO  o.e.m.c.i.embedder.EclipseLogger - Copying 1 resource
2025-09-30 09:46:26,499 [Worker-507: Building] WARN  o.e.m.c.i.embedder.EclipseLogger - Using platform encoding (MS949 actually) to copy filtered resources, i.e. build is platform dependent!
2025-09-30 09:46:26,499 [Worker-507: Building] INFO  o.e.m.c.i.embedder.EclipseLogger - Copying 0 resource
2025-09-30 09:46:37,360 [Worker-507: Building] WARN  o.e.m.c.i.embedder.EclipseLogger - Using platform encoding (MS949 actually) to copy filtered resources, i.e. build is platform dependent!
2025-09-30 09:46:37,361 [Worker-507: Building] INFO  o.e.m.c.i.embedder.EclipseLogger - Copying 1 resource
2025-09-30 09:46:37,362 [Worker-507: Building] WARN  o.e.m.c.i.embedder.EclipseLogger - Using platform encoding (MS949 actually) to copy filtered resources, i.e. build is platform dependent!
2025-09-30 09:46:37,362 [Worker-507: Building] INFO  o.e.m.c.i.embedder.EclipseLogger - Copying 0 resource
2025-09-30 09:47:11,929 [Worker-507: Building] WARN  o.e.m.c.i.embedder.EclipseLogger - Using platform encoding (MS949 actually) to copy filtered resources, i.e. build is platform dependent!
2025-09-30 09:47:11,930 [Worker-507: Building] INFO  o.e.m.c.i.embedder.EclipseLogger - Copying 1 resource
2025-09-30 09:47:11,931 [Worker-507: Building] WARN  o.e.m.c.i.embedder.EclipseLogger - Using platform encoding (MS949 actually) to copy filtered resources, i.e. build is platform dependent!
2025-09-30 09:47:11,932 [Worker-507: Building] INFO  o.e.m.c.i.embedder.EclipseLogger - Copying 0 resource
2025-09-30 09:47:20,055 [Worker-498: Building] WARN  o.e.m.c.i.embedder.EclipseLogger - Using platform encoding (MS949 actually) to copy filtered resources, i.e. build is platform dependent!
2025-09-30 09:47:20,056 [Worker-498: Building] INFO  o.e.m.c.i.embedder.EclipseLogger - Copying 1 resource
2025-09-30 09:47:20,068 [Worker-498: Building] WARN  o.e.m.c.i.embedder.EclipseLogger - Using platform encoding (MS949 actually) to copy filtered resources, i.e. build is platform dependent!
2025-09-30 09:47:20,069 [Worker-498: Building] INFO  o.e.m.c.i.embedder.EclipseLogger - Copying 0 resource
2025-09-30 09:47:24,675 [Worker-506: Building] WARN  o.e.m.c.i.embedder.EclipseLogger - Using platform encoding (MS949 actually) to copy filtered resources, i.e. build is platform dependent!
2025-09-30 09:47:24,676 [Worker-506: Building] INFO  o.e.m.c.i.embedder.EclipseLogger - Copying 1 resource
2025-09-30 09:47:24,677 [Worker-506: Building] WARN  o.e.m.c.i.embedder.EclipseLogger - Using platform encoding (MS949 actually) to copy filtered resources, i.e. build is platform dependent!
2025-09-30 09:47:24,678 [Worker-506: Building] INFO  o.e.m.c.i.embedder.EclipseLogger - Copying 0 resource
2025-09-30 09:50:41,337 [Worker-505: Building] WARN  o.e.m.c.i.embedder.EclipseLogger - Using platform encoding (MS949 actually) to copy filtered resources, i.e. build is platform dependent!
2025-09-30 09:50:41,338 [Worker-505: Building] INFO  o.e.m.c.i.embedder.EclipseLogger - Copying 8 resources
2025-09-30 09:50:41,339 [Worker-505: Building] WARN  o.e.m.c.i.embedder.EclipseLogger - Using platform encoding (MS949 actually) to copy filtered resources, i.e. build is platform dependent!
2025-09-30 09:50:41,339 [Worker-505: Building] INFO  o.e.m.c.i.embedder.EclipseLogger - Copying 0 resource
2025-09-30 09:51:18,372 [Worker-505: Building] WARN  o.e.m.c.i.embedder.EclipseLogger - Using platform encoding (MS949 actually) to copy filtered resources, i.e. build is platform dependent!
2025-09-30 09:51:18,373 [Worker-505: Building] INFO  o.e.m.c.i.embedder.EclipseLogger - Copying 8 resources
2025-09-30 09:51:18,374 [Worker-505: Building] WARN  o.e.m.c.i.embedder.EclipseLogger - Using platform encoding (MS949 actually) to copy filtered resources, i.e. build is platform dependent!
2025-09-30 09:51:18,375 [Worker-505: Building] INFO  o.e.m.c.i.embedder.EclipseLogger - Copying 0 resource
2025-09-30 09:51:36,858 [Worker-508: Building] WARN  o.e.m.c.i.embedder.EclipseLogger - Using platform encoding (MS949 actually) to copy filtered resources, i.e. build is platform dependent!
2025-09-30 09:51:36,859 [Worker-508: Building] INFO  o.e.m.c.i.embedder.EclipseLogger - Copying 8 resources
2025-09-30 09:51:36,860 [Worker-508: Building] WARN  o.e.m.c.i.embedder.EclipseLogger - Using platform encoding (MS949 actually) to copy filtered resources, i.e. build is platform dependent!
2025-09-30 09:51:36,860 [Worker-508: Building] INFO  o.e.m.c.i.embedder.EclipseLogger - Copying 0 resource
2025-09-30 09:51:39,592 [Worker-505: Building] WARN  o.e.m.c.i.embedder.EclipseLogger - Using platform encoding (MS949 actually) to copy filtered resources, i.e. build is platform dependent!
2025-09-30 09:51:39,593 [Worker-505: Building] INFO  o.e.m.c.i.embedder.EclipseLogger - Copying 8 resources
2025-09-30 09:51:39,594 [Worker-505: Building] WARN  o.e.m.c.i.embedder.EclipseLogger - Using platform encoding (MS949 actually) to copy filtered resources, i.e. build is platform dependent!
2025-09-30 09:51:39,594 [Worker-505: Building] INFO  o.e.m.c.i.embedder.EclipseLogger - Copying 0 resource
2025-09-30 09:52:57,470 [Worker-505: Building] WARN  o.e.m.c.i.embedder.EclipseLogger - Using platform encoding (MS949 actually) to copy filtered resources, i.e. build is platform dependent!
2025-09-30 09:52:57,471 [Worker-505: Building] INFO  o.e.m.c.i.embedder.EclipseLogger - Copying 8 resources
2025-09-30 09:52:57,472 [Worker-505: Building] WARN  o.e.m.c.i.embedder.EclipseLogger - Using platform encoding (MS949 actually) to copy filtered resources, i.e. build is platform dependent!
2025-09-30 09:52:57,472 [Worker-505: Building] INFO  o.e.m.c.i.embedder.EclipseLogger - Copying 0 resource
2025-09-30 09:53:15,249 [Worker-510: Building] WARN  o.e.m.c.i.embedder.EclipseLogger - Using platform encoding (MS949 actually) to copy filtered resources, i.e. build is platform dependent!
2025-09-30 09:53:15,250 [Worker-510: Building] INFO  o.e.m.c.i.embedder.EclipseLogger - Copying 8 resources
2025-09-30 09:53:15,251 [Worker-510: Building] WARN  o.e.m.c.i.embedder.EclipseLogger - Using platform encoding (MS949 actually) to copy filtered resources, i.e. build is platform dependent!
2025-09-30 09:53:15,251 [Worker-510: Building] INFO  o.e.m.c.i.embedder.EclipseLogger - Copying 0 resource
2025-09-30 09:53:23,790 [Worker-511: Building] WARN  o.e.m.c.i.embedder.EclipseLogger - Using platform encoding (MS949 actually) to copy filtered resources, i.e. build is platform dependent!
2025-09-30 09:53:23,792 [Worker-511: Building] INFO  o.e.m.c.i.embedder.EclipseLogger - Copying 8 resources
2025-09-30 09:53:23,792 [Worker-511: Building] WARN  o.e.m.c.i.embedder.EclipseLogger - Using platform encoding (MS949 actually) to copy filtered resources, i.e. build is platform dependent!
2025-09-30 09:53:23,793 [Worker-511: Building] INFO  o.e.m.c.i.embedder.EclipseLogger - Copying 0 resource
2025-09-30 09:53:26,059 [Worker-509: Building] WARN  o.e.m.c.i.embedder.EclipseLogger - Using platform encoding (MS949 actually) to copy filtered resources, i.e. build is platform dependent!
2025-09-30 09:53:26,060 [Worker-509: Building] INFO  o.e.m.c.i.embedder.EclipseLogger - Copying 8 resources
2025-09-30 09:53:26,061 [Worker-509: Building] WARN  o.e.m.c.i.embedder.EclipseLogger - Using platform encoding (MS949 actually) to copy filtered resources, i.e. build is platform dependent!
2025-09-30 09:53:26,061 [Worker-509: Building] INFO  o.e.m.c.i.embedder.EclipseLogger - Copying 0 resource
2025-09-30 09:53:44,796 [Worker-508: Building] WARN  o.e.m.c.i.embedder.EclipseLogger - Using platform encoding (MS949 actually) to copy filtered resources, i.e. build is platform dependent!
2025-09-30 09:53:44,796 [Worker-508: Building] INFO  o.e.m.c.i.embedder.EclipseLogger - Copying 0 resource
2025-09-30 09:53:44,797 [Worker-508: Building] WARN  o.e.m.c.i.embedder.EclipseLogger - Using platform encoding (MS949 actually) to copy filtered resources, i.e. build is platform dependent!
2025-09-30 09:53:44,797 [Worker-508: Building] INFO  o.e.m.c.i.embedder.EclipseLogger - Copying 0 resource
2025-09-30 09:54:32,435 [Worker-511: Building] WARN  o.e.m.c.i.embedder.EclipseLogger - Using platform encoding (MS949 actually) to copy filtered resources, i.e. build is platform dependent!
2025-09-30 09:54:32,436 [Worker-511: Building] INFO  o.e.m.c.i.embedder.EclipseLogger - Copying 0 resource
2025-09-30 09:54:32,436 [Worker-511: Building] WARN  o.e.m.c.i.embedder.EclipseLogger - Using platform encoding (MS949 actually) to copy filtered resources, i.e. build is platform dependent!
2025-09-30 09:54:32,437 [Worker-511: Building] INFO  o.e.m.c.i.embedder.EclipseLogger - Copying 0 resource
2025-09-30 09:54:50,116 [Worker-505: Building] WARN  o.e.m.c.i.embedder.EclipseLogger - Using platform encoding (MS949 actually) to copy filtered resources, i.e. build is platform dependent!
2025-09-30 09:54:50,116 [Worker-505: Building] INFO  o.e.m.c.i.embedder.EclipseLogger - Copying 0 resource
2025-09-30 09:54:50,117 [Worker-505: Building] WARN  o.e.m.c.i.embedder.EclipseLogger - Using platform encoding (MS949 actually) to copy filtered resources, i.e. build is platform dependent!
2025-09-30 09:54:50,117 [Worker-505: Building] INFO  o.e.m.c.i.embedder.EclipseLogger - Copying 0 resource
2025-09-30 09:55:20,270 [Worker-509: Building] WARN  o.e.m.c.i.embedder.EclipseLogger - Using platform encoding (MS949 actually) to copy filtered resources, i.e. build is platform dependent!
2025-09-30 09:55:20,270 [Worker-509: Building] INFO  o.e.m.c.i.embedder.EclipseLogger - Copying 0 resource
2025-09-30 09:55:20,271 [Worker-509: Building] WARN  o.e.m.c.i.embedder.EclipseLogger - Using platform encoding (MS949 actually) to copy filtered resources, i.e. build is platform dependent!
2025-09-30 09:55:20,271 [Worker-509: Building] INFO  o.e.m.c.i.embedder.EclipseLogger - Copying 0 resource
2025-09-30 09:55:42,262 [Worker-509: Building] WARN  o.e.m.c.i.embedder.EclipseLogger - Using platform encoding (MS949 actually) to copy filtered resources, i.e. build is platform dependent!
2025-09-30 09:55:42,263 [Worker-509: Building] INFO  o.e.m.c.i.embedder.EclipseLogger - Copying 0 resource
2025-09-30 09:55:42,264 [Worker-509: Building] WARN  o.e.m.c.i.embedder.EclipseLogger - Using platform encoding (MS949 actually) to copy filtered resources, i.e. build is platform dependent!
2025-09-30 09:55:42,264 [Worker-509: Building] INFO  o.e.m.c.i.embedder.EclipseLogger - Copying 0 resource
2025-09-30 09:55:48,026 [Worker-511: Building] WARN  o.e.m.c.i.embedder.EclipseLogger - Using platform encoding (MS949 actually) to copy filtered resources, i.e. build is platform dependent!
2025-09-30 09:55:48,027 [Worker-511: Building] INFO  o.e.m.c.i.embedder.EclipseLogger - Copying 0 resource
2025-09-30 09:55:48,027 [Worker-511: Building] WARN  o.e.m.c.i.embedder.EclipseLogger - Using platform encoding (MS949 actually) to copy filtered resources, i.e. build is platform dependent!
2025-09-30 09:55:48,028 [Worker-511: Building] INFO  o.e.m.c.i.embedder.EclipseLogger - Copying 0 resource
2025-09-30 09:56:06,781 [Worker-505: Building] WARN  o.e.m.c.i.embedder.EclipseLogger - Using platform encoding (MS949 actually) to copy filtered resources, i.e. build is platform dependent!
2025-09-30 09:56:06,781 [Worker-505: Building] INFO  o.e.m.c.i.embedder.EclipseLogger - Copying 0 resource
2025-09-30 09:56:06,782 [Worker-505: Building] WARN  o.e.m.c.i.embedder.EclipseLogger - Using platform encoding (MS949 actually) to copy filtered resources, i.e. build is platform dependent!
2025-09-30 09:56:06,782 [Worker-505: Building] INFO  o.e.m.c.i.embedder.EclipseLogger - Copying 0 resource
2025-09-30 09:56:38,054 [Worker-508: Building] WARN  o.e.m.c.i.embedder.EclipseLogger - Using platform encoding (MS949 actually) to copy filtered resources, i.e. build is platform dependent!
2025-09-30 09:56:38,054 [Worker-508: Building] INFO  o.e.m.c.i.embedder.EclipseLogger - Copying 0 resource
2025-09-30 09:56:38,055 [Worker-508: Building] WARN  o.e.m.c.i.embedder.EclipseLogger - Using platform encoding (MS949 actually) to copy filtered resources, i.e. build is platform dependent!
2025-09-30 09:56:38,055 [Worker-508: Building] INFO  o.e.m.c.i.embedder.EclipseLogger - Copying 0 resource
2025-09-30 09:57:06,690 [Worker-510: Building] WARN  o.e.m.c.i.embedder.EclipseLogger - Using platform encoding (MS949 actually) to copy filtered resources, i.e. build is platform dependent!
2025-09-30 09:57:06,690 [Worker-510: Building] INFO  o.e.m.c.i.embedder.EclipseLogger - Copying 0 resource
2025-09-30 09:57:06,691 [Worker-510: Building] WARN  o.e.m.c.i.embedder.EclipseLogger - Using platform encoding (MS949 actually) to copy filtered resources, i.e. build is platform dependent!
2025-09-30 09:57:06,691 [Worker-510: Building] INFO  o.e.m.c.i.embedder.EclipseLogger - Copying 0 resource
2025-09-30 09:57:12,158 [Worker-511: Building] WARN  o.e.m.c.i.embedder.EclipseLogger - Using platform encoding (MS949 actually) to copy filtered resources, i.e. build is platform dependent!
2025-09-30 09:57:12,158 [Worker-511: Building] INFO  o.e.m.c.i.embedder.EclipseLogger - Copying 0 resource
2025-09-30 09:57:12,158 [Worker-511: Building] WARN  o.e.m.c.i.embedder.EclipseLogger - Using platform encoding (MS949 actually) to copy filtered resources, i.e. build is platform dependent!
2025-09-30 09:57:12,159 [Worker-511: Building] INFO  o.e.m.c.i.embedder.EclipseLogger - Copying 0 resource
2025-09-30 09:57:13,496 [Worker-510: Building] WARN  o.e.m.c.i.embedder.EclipseLogger - Using platform encoding (MS949 actually) to copy filtered resources, i.e. build is platform dependent!
2025-09-30 09:57:13,497 [Worker-510: Building] INFO  o.e.m.c.i.embedder.EclipseLogger - Copying 0 resource
2025-09-30 09:57:13,497 [Worker-510: Building] WARN  o.e.m.c.i.embedder.EclipseLogger - Using platform encoding (MS949 actually) to copy filtered resources, i.e. build is platform dependent!
2025-09-30 09:57:13,498 [Worker-510: Building] INFO  o.e.m.c.i.embedder.EclipseLogger - Copying 0 resource
2025-09-30 09:58:10,746 [Worker-509: Building] WARN  o.e.m.c.i.embedder.EclipseLogger - Using platform encoding (MS949 actually) to copy filtered resources, i.e. build is platform dependent!
2025-09-30 09:58:10,747 [Worker-509: Building] INFO  o.e.m.c.i.embedder.EclipseLogger - Copying 1 resource
2025-09-30 09:58:10,748 [Worker-509: Building] WARN  o.e.m.c.i.embedder.EclipseLogger - Using platform encoding (MS949 actually) to copy filtered resources, i.e. build is platform dependent!
2025-09-30 09:58:10,748 [Worker-509: Building] INFO  o.e.m.c.i.embedder.EclipseLogger - Copying 0 resource
2025-09-30 09:58:16,057 [Worker-510: Building] WARN  o.e.m.c.i.embedder.EclipseLogger - Using platform encoding (MS949 actually) to copy filtered resources, i.e. build is platform dependent!
2025-09-30 09:58:16,058 [Worker-510: Building] INFO  o.e.m.c.i.embedder.EclipseLogger - Copying 1 resource
2025-09-30 09:58:16,059 [Worker-510: Building] WARN  o.e.m.c.i.embedder.EclipseLogger - Using platform encoding (MS949 actually) to copy filtered resources, i.e. build is platform dependent!
2025-09-30 09:58:16,059 [Worker-510: Building] INFO  o.e.m.c.i.embedder.EclipseLogger - Copying 0 resource
2025-09-30 09:58:21,851 [Worker-508: Building] WARN  o.e.m.c.i.embedder.EclipseLogger - Using platform encoding (MS949 actually) to copy filtered resources, i.e. build is platform dependent!
2025-09-30 09:58:21,852 [Worker-508: Building] INFO  o.e.m.c.i.embedder.EclipseLogger - Copying 1 resource
2025-09-30 09:58:21,853 [Worker-508: Building] WARN  o.e.m.c.i.embedder.EclipseLogger - Using platform encoding (MS949 actually) to copy filtered resources, i.e. build is platform dependent!
2025-09-30 09:58:21,853 [Worker-508: Building] INFO  o.e.m.c.i.embedder.EclipseLogger - Copying 0 resource
2025-09-30 09:58:45,428 [Worker-511: Building] WARN  o.e.m.c.i.embedder.EclipseLogger - Using platform encoding (MS949 actually) to copy filtered resources, i.e. build is platform dependent!
2025-09-30 09:58:45,429 [Worker-511: Building] INFO  o.e.m.c.i.embedder.EclipseLogger - Copying 8 resources
2025-09-30 09:58:45,429 [Worker-511: Building] WARN  o.e.m.c.i.embedder.EclipseLogger - Using platform encoding (MS949 actually) to copy filtered resources, i.e. build is platform dependent!
2025-09-30 09:58:45,430 [Worker-511: Building] INFO  o.e.m.c.i.embedder.EclipseLogger - Copying 0 resource
2025-09-30 10:01:26,151 [Worker-510: Building] WARN  o.e.m.c.i.embedder.EclipseLogger - Using platform encoding (MS949 actually) to copy filtered resources, i.e. build is platform dependent!
2025-09-30 10:01:26,152 [Worker-510: Building] INFO  o.e.m.c.i.embedder.EclipseLogger - Copying 0 resource
2025-09-30 10:01:26,152 [Worker-510: Building] WARN  o.e.m.c.i.embedder.EclipseLogger - Using platform encoding (MS949 actually) to copy filtered resources, i.e. build is platform dependent!
2025-09-30 10:01:26,152 [Worker-510: Building] INFO  o.e.m.c.i.embedder.EclipseLogger - Copying 0 resource
2025-09-30 10:01:58,449 [Worker-516: Building] WARN  o.e.m.c.i.embedder.EclipseLogger - Using platform encoding (MS949 actually) to copy filtered resources, i.e. build is platform dependent!
2025-09-30 10:01:58,449 [Worker-516: Building] INFO  o.e.m.c.i.embedder.EclipseLogger - Copying 0 resource
2025-09-30 10:01:58,450 [Worker-516: Building] WARN  o.e.m.c.i.embedder.EclipseLogger - Using platform encoding (MS949 actually) to copy filtered resources, i.e. build is platform dependent!
2025-09-30 10:01:58,450 [Worker-516: Building] INFO  o.e.m.c.i.embedder.EclipseLogger - Copying 0 resource
2025-09-30 10:02:00,764 [Worker-500: Building] WARN  o.e.m.c.i.embedder.EclipseLogger - Using platform encoding (MS949 actually) to copy filtered resources, i.e. build is platform dependent!
2025-09-30 10:02:00,765 [Worker-500: Building] INFO  o.e.m.c.i.embedder.EclipseLogger - Copying 0 resource
2025-09-30 10:02:00,765 [Worker-500: Building] WARN  o.e.m.c.i.embedder.EclipseLogger - Using platform encoding (MS949 actually) to copy filtered resources, i.e. build is platform dependent!
2025-09-30 10:02:00,765 [Worker-500: Building] INFO  o.e.m.c.i.embedder.EclipseLogger - Copying 0 resource
2025-09-30 10:02:36,049 [Worker-510: Building] WARN  o.e.m.c.i.embedder.EclipseLogger - Using platform encoding (MS949 actually) to copy filtered resources, i.e. build is platform dependent!
2025-09-30 10:02:36,049 [Worker-510: Building] INFO  o.e.m.c.i.embedder.EclipseLogger - Copying 0 resource
2025-09-30 10:02:36,050 [Worker-510: Building] WARN  o.e.m.c.i.embedder.EclipseLogger - Using platform encoding (MS949 actually) to copy filtered resources, i.e. build is platform dependent!
2025-09-30 10:02:36,050 [Worker-510: Building] INFO  o.e.m.c.i.embedder.EclipseLogger - Copying 0 resource
2025-09-30 10:02:40,891 [Worker-500: Building] WARN  o.e.m.c.i.embedder.EclipseLogger - Using platform encoding (MS949 actually) to copy filtered resources, i.e. build is platform dependent!
2025-09-30 10:02:40,892 [Worker-500: Building] INFO  o.e.m.c.i.embedder.EclipseLogger - Copying 0 resource
2025-09-30 10:02:40,892 [Worker-500: Building] WARN  o.e.m.c.i.embedder.EclipseLogger - Using platform encoding (MS949 actually) to copy filtered resources, i.e. build is platform dependent!
2025-09-30 10:02:40,892 [Worker-500: Building] INFO  o.e.m.c.i.embedder.EclipseLogger - Copying 0 resource
2025-09-30 10:02:45,529 [Worker-500: Building] WARN  o.e.m.c.i.embedder.EclipseLogger - Using platform encoding (MS949 actually) to copy filtered resources, i.e. build is platform dependent!
2025-09-30 10:02:45,530 [Worker-500: Building] INFO  o.e.m.c.i.embedder.EclipseLogger - Copying 0 resource
2025-09-30 10:02:45,530 [Worker-500: Building] WARN  o.e.m.c.i.embedder.EclipseLogger - Using platform encoding (MS949 actually) to copy filtered resources, i.e. build is platform dependent!
2025-09-30 10:02:45,530 [Worker-500: Building] INFO  o.e.m.c.i.embedder.EclipseLogger - Copying 0 resource
2025-09-30 10:02:51,470 [Worker-516: Building] WARN  o.e.m.c.i.embedder.EclipseLogger - Using platform encoding (MS949 actually) to copy filtered resources, i.e. build is platform dependent!
2025-09-30 10:02:51,471 [Worker-516: Building] INFO  o.e.m.c.i.embedder.EclipseLogger - Copying 0 resource
2025-09-30 10:02:51,471 [Worker-516: Building] WARN  o.e.m.c.i.embedder.EclipseLogger - Using platform encoding (MS949 actually) to copy filtered resources, i.e. build is platform dependent!
2025-09-30 10:02:51,471 [Worker-516: Building] INFO  o.e.m.c.i.embedder.EclipseLogger - Copying 0 resource
2025-09-30 10:04:08,187 [Worker-500: Building] WARN  o.e.m.c.i.embedder.EclipseLogger - Using platform encoding (MS949 actually) to copy filtered resources, i.e. build is platform dependent!
2025-09-30 10:04:08,188 [Worker-500: Building] INFO  o.e.m.c.i.embedder.EclipseLogger - Copying 0 resource
2025-09-30 10:04:08,188 [Worker-500: Building] WARN  o.e.m.c.i.embedder.EclipseLogger - Using platform encoding (MS949 actually) to copy filtered resources, i.e. build is platform dependent!
2025-09-30 10:04:08,188 [Worker-500: Building] INFO  o.e.m.c.i.embedder.EclipseLogger - Copying 0 resource
2025-09-30 10:04:38,170 [Worker-500: Building] WARN  o.e.m.c.i.embedder.EclipseLogger - Using platform encoding (MS949 actually) to copy filtered resources, i.e. build is platform dependent!
2025-09-30 10:04:38,171 [Worker-500: Building] INFO  o.e.m.c.i.embedder.EclipseLogger - Copying 0 resource
2025-09-30 10:04:38,171 [Worker-500: Building] WARN  o.e.m.c.i.embedder.EclipseLogger - Using platform encoding (MS949 actually) to copy filtered resources, i.e. build is platform dependent!
2025-09-30 10:04:38,171 [Worker-500: Building] INFO  o.e.m.c.i.embedder.EclipseLogger - Copying 0 resource
2025-09-30 10:04:43,648 [Worker-518: Building] WARN  o.e.m.c.i.embedder.EclipseLogger - Using platform encoding (MS949 actually) to copy filtered resources, i.e. build is platform dependent!
2025-09-30 10:04:43,648 [Worker-518: Building] INFO  o.e.m.c.i.embedder.EclipseLogger - Copying 0 resource
2025-09-30 10:04:43,648 [Worker-518: Building] WARN  o.e.m.c.i.embedder.EclipseLogger - Using platform encoding (MS949 actually) to copy filtered resources, i.e. build is platform dependent!
2025-09-30 10:04:43,649 [Worker-518: Building] INFO  o.e.m.c.i.embedder.EclipseLogger - Copying 0 resource
2025-09-30 10:05:01,525 [Worker-500: Building] WARN  o.e.m.c.i.embedder.EclipseLogger - Using platform encoding (MS949 actually) to copy filtered resources, i.e. build is platform dependent!
2025-09-30 10:05:01,526 [Worker-500: Building] INFO  o.e.m.c.i.embedder.EclipseLogger - Copying 0 resource
2025-09-30 10:05:01,526 [Worker-500: Building] WARN  o.e.m.c.i.embedder.EclipseLogger - Using platform encoding (MS949 actually) to copy filtered resources, i.e. build is platform dependent!
2025-09-30 10:05:01,527 [Worker-500: Building] INFO  o.e.m.c.i.embedder.EclipseLogger - Copying 0 resource
2025-09-30 10:05:07,202 [Worker-518: Building] WARN  o.e.m.c.i.embedder.EclipseLogger - Using platform encoding (MS949 actually) to copy filtered resources, i.e. build is platform dependent!
2025-09-30 10:05:07,203 [Worker-518: Building] INFO  o.e.m.c.i.embedder.EclipseLogger - Copying 0 resource
2025-09-30 10:05:07,203 [Worker-518: Building] WARN  o.e.m.c.i.embedder.EclipseLogger - Using platform encoding (MS949 actually) to copy filtered resources, i.e. build is platform dependent!
2025-09-30 10:05:07,204 [Worker-518: Building] INFO  o.e.m.c.i.embedder.EclipseLogger - Copying 0 resource
2025-09-30 10:06:52,535 [Worker-518: Building] WARN  o.e.m.c.i.embedder.EclipseLogger - Using platform encoding (MS949 actually) to copy filtered resources, i.e. build is platform dependent!
2025-09-30 10:06:52,536 [Worker-518: Building] INFO  o.e.m.c.i.embedder.EclipseLogger - Copying 8 resources
2025-09-30 10:06:52,536 [Worker-518: Building] WARN  o.e.m.c.i.embedder.EclipseLogger - Using platform encoding (MS949 actually) to copy filtered resources, i.e. build is platform dependent!
2025-09-30 10:06:52,537 [Worker-518: Building] INFO  o.e.m.c.i.embedder.EclipseLogger - Copying 0 resource
2025-09-30 10:07:09,921 [Worker-500: Building] WARN  o.e.m.c.i.embedder.EclipseLogger - Using platform encoding (MS949 actually) to copy filtered resources, i.e. build is platform dependent!
2025-09-30 10:07:09,921 [Worker-500: Building] INFO  o.e.m.c.i.embedder.EclipseLogger - Copying 1 resource
2025-09-30 10:07:09,923 [Worker-500: Building] WARN  o.e.m.c.i.embedder.EclipseLogger - Using platform encoding (MS949 actually) to copy filtered resources, i.e. build is platform dependent!
2025-09-30 10:07:09,923 [Worker-500: Building] INFO  o.e.m.c.i.embedder.EclipseLogger - Copying 0 resource
2025-09-30 10:08:43,418 [Worker-500: Building] WARN  o.e.m.c.i.embedder.EclipseLogger - Using platform encoding (MS949 actually) to copy filtered resources, i.e. build is platform dependent!
2025-09-30 10:08:43,418 [Worker-500: Building] INFO  o.e.m.c.i.embedder.EclipseLogger - Copying 1 resource
2025-09-30 10:08:43,419 [Worker-500: Building] WARN  o.e.m.c.i.embedder.EclipseLogger - Using platform encoding (MS949 actually) to copy filtered resources, i.e. build is platform dependent!
2025-09-30 10:08:43,420 [Worker-500: Building] INFO  o.e.m.c.i.embedder.EclipseLogger - Copying 0 resource
2025-09-30 10:08:52,144 [Worker-517: Building] WARN  o.e.m.c.i.embedder.EclipseLogger - Using platform encoding (MS949 actually) to copy filtered resources, i.e. build is platform dependent!
2025-09-30 10:08:52,144 [Worker-517: Building] INFO  o.e.m.c.i.embedder.EclipseLogger - Copying 1 resource
2025-09-30 10:08:52,145 [Worker-517: Building] WARN  o.e.m.c.i.embedder.EclipseLogger - Using platform encoding (MS949 actually) to copy filtered resources, i.e. build is platform dependent!
2025-09-30 10:08:52,146 [Worker-517: Building] INFO  o.e.m.c.i.embedder.EclipseLogger - Copying 0 resource
2025-09-30 10:11:08,576 [Worker-516: Building] WARN  o.e.m.c.i.embedder.EclipseLogger - Using platform encoding (MS949 actually) to copy filtered resources, i.e. build is platform dependent!
2025-09-30 10:11:08,577 [Worker-516: Building] INFO  o.e.m.c.i.embedder.EclipseLogger - Copying 0 resource
2025-09-30 10:11:08,577 [Worker-516: Building] WARN  o.e.m.c.i.embedder.EclipseLogger - Using platform encoding (MS949 actually) to copy filtered resources, i.e. build is platform dependent!
2025-09-30 10:11:08,577 [Worker-516: Building] INFO  o.e.m.c.i.embedder.EclipseLogger - Copying 0 resource
2025-09-30 10:11:12,136 [Worker-519: Building] WARN  o.e.m.c.i.embedder.EclipseLogger - Using platform encoding (MS949 actually) to copy filtered resources, i.e. build is platform dependent!
2025-09-30 10:11:12,137 [Worker-519: Building] INFO  o.e.m.c.i.embedder.EclipseLogger - Copying 0 resource
2025-09-30 10:11:12,137 [Worker-519: Building] WARN  o.e.m.c.i.embedder.EclipseLogger - Using platform encoding (MS949 actually) to copy filtered resources, i.e. build is platform dependent!
2025-09-30 10:11:12,138 [Worker-519: Building] INFO  o.e.m.c.i.embedder.EclipseLogger - Copying 0 resource
2025-09-30 10:11:23,685 [Worker-519: Building] WARN  o.e.m.c.i.embedder.EclipseLogger - Using platform encoding (MS949 actually) to copy filtered resources, i.e. build is platform dependent!
2025-09-30 10:11:23,686 [Worker-519: Building] INFO  o.e.m.c.i.embedder.EclipseLogger - Copying 0 resource
2025-09-30 10:11:23,686 [Worker-519: Building] WARN  o.e.m.c.i.embedder.EclipseLogger - Using platform encoding (MS949 actually) to copy filtered resources, i.e. build is platform dependent!
2025-09-30 10:11:23,686 [Worker-519: Building] INFO  o.e.m.c.i.embedder.EclipseLogger - Copying 0 resource
2025-09-30 10:11:40,112 [Worker-500: Building] WARN  o.e.m.c.i.embedder.EclipseLogger - Using platform encoding (MS949 actually) to copy filtered resources, i.e. build is platform dependent!
2025-09-30 10:11:40,112 [Worker-500: Building] INFO  o.e.m.c.i.embedder.EclipseLogger - Copying 0 resource
2025-09-30 10:11:40,113 [Worker-500: Building] WARN  o.e.m.c.i.embedder.EclipseLogger - Using platform encoding (MS949 actually) to copy filtered resources, i.e. build is platform dependent!
2025-09-30 10:11:40,113 [Worker-500: Building] INFO  o.e.m.c.i.embedder.EclipseLogger - Copying 0 resource
2025-09-30 10:11:51,896 [Worker-516: Building] WARN  o.e.m.c.i.embedder.EclipseLogger - Using platform encoding (MS949 actually) to copy filtered resources, i.e. build is platform dependent!
2025-09-30 10:11:51,897 [Worker-516: Building] INFO  o.e.m.c.i.embedder.EclipseLogger - Copying 0 resource
2025-09-30 10:11:51,897 [Worker-516: Building] WARN  o.e.m.c.i.embedder.EclipseLogger - Using platform encoding (MS949 actually) to copy filtered resources, i.e. build is platform dependent!
2025-09-30 10:11:51,898 [Worker-516: Building] INFO  o.e.m.c.i.embedder.EclipseLogger - Copying 0 resource
2025-09-30 10:12:11,559 [Worker-500: Building] WARN  o.e.m.c.i.embedder.EclipseLogger - Using platform encoding (MS949 actually) to copy filtered resources, i.e. build is platform dependent!
2025-09-30 10:12:11,560 [Worker-500: Building] INFO  o.e.m.c.i.embedder.EclipseLogger - Copying 8 resources
2025-09-30 10:12:11,561 [Worker-500: Building] WARN  o.e.m.c.i.embedder.EclipseLogger - Using platform encoding (MS949 actually) to copy filtered resources, i.e. build is platform dependent!
2025-09-30 10:12:11,561 [Worker-500: Building] INFO  o.e.m.c.i.embedder.EclipseLogger - Copying 0 resource
2025-09-30 10:12:14,690 [Worker-516: Building] WARN  o.e.m.c.i.embedder.EclipseLogger - Using platform encoding (MS949 actually) to copy filtered resources, i.e. build is platform dependent!
2025-09-30 10:12:14,691 [Worker-516: Building] INFO  o.e.m.c.i.embedder.EclipseLogger - Copying 8 resources
2025-09-30 10:12:14,691 [Worker-516: Building] WARN  o.e.m.c.i.embedder.EclipseLogger - Using platform encoding (MS949 actually) to copy filtered resources, i.e. build is platform dependent!
2025-09-30 10:12:14,692 [Worker-516: Building] INFO  o.e.m.c.i.embedder.EclipseLogger - Copying 0 resource
2025-09-30 10:12:21,399 [Worker-500: Building] WARN  o.e.m.c.i.embedder.EclipseLogger - Using platform encoding (MS949 actually) to copy filtered resources, i.e. build is platform dependent!
2025-09-30 10:12:21,400 [Worker-500: Building] INFO  o.e.m.c.i.embedder.EclipseLogger - Copying 8 resources
2025-09-30 10:12:21,401 [Worker-500: Building] WARN  o.e.m.c.i.embedder.EclipseLogger - Using platform encoding (MS949 actually) to copy filtered resources, i.e. build is platform dependent!
2025-09-30 10:12:21,401 [Worker-500: Building] INFO  o.e.m.c.i.embedder.EclipseLogger - Copying 0 resource
2025-09-30 10:12:29,192 [Worker-517: Building] WARN  o.e.m.c.i.embedder.EclipseLogger - Using platform encoding (MS949 actually) to copy filtered resources, i.e. build is platform dependent!
2025-09-30 10:12:29,193 [Worker-517: Building] INFO  o.e.m.c.i.embedder.EclipseLogger - Copying 8 resources
2025-09-30 10:12:29,194 [Worker-517: Building] WARN  o.e.m.c.i.embedder.EclipseLogger - Using platform encoding (MS949 actually) to copy filtered resources, i.e. build is platform dependent!
2025-09-30 10:12:29,194 [Worker-517: Building] INFO  o.e.m.c.i.embedder.EclipseLogger - Copying 0 resource
2025-09-30 10:12:48,127 [Worker-516: Building] WARN  o.e.m.c.i.embedder.EclipseLogger - Using platform encoding (MS949 actually) to copy filtered resources, i.e. build is platform dependent!
2025-09-30 10:12:48,128 [Worker-516: Building] INFO  o.e.m.c.i.embedder.EclipseLogger - Copying 8 resources
2025-09-30 10:12:48,129 [Worker-516: Building] WARN  o.e.m.c.i.embedder.EclipseLogger - Using platform encoding (MS949 actually) to copy filtered resources, i.e. build is platform dependent!
2025-09-30 10:12:48,129 [Worker-516: Building] INFO  o.e.m.c.i.embedder.EclipseLogger - Copying 0 resource
2025-09-30 10:13:27,944 [Worker-516: Building] WARN  o.e.m.c.i.embedder.EclipseLogger - Using platform encoding (MS949 actually) to copy filtered resources, i.e. build is platform dependent!
2025-09-30 10:13:27,945 [Worker-516: Building] INFO  o.e.m.c.i.embedder.EclipseLogger - Copying 8 resources
2025-09-30 10:13:27,946 [Worker-516: Building] WARN  o.e.m.c.i.embedder.EclipseLogger - Using platform encoding (MS949 actually) to copy filtered resources, i.e. build is platform dependent!
2025-09-30 10:13:27,946 [Worker-516: Building] INFO  o.e.m.c.i.embedder.EclipseLogger - Copying 0 resource
2025-09-30 10:13:34,746 [Worker-521: Building] WARN  o.e.m.c.i.embedder.EclipseLogger - Using platform encoding (MS949 actually) to copy filtered resources, i.e. build is platform dependent!
2025-09-30 10:13:34,747 [Worker-521: Building] INFO  o.e.m.c.i.embedder.EclipseLogger - Copying 8 resources
2025-09-30 10:13:34,748 [Worker-521: Building] WARN  o.e.m.c.i.embedder.EclipseLogger - Using platform encoding (MS949 actually) to copy filtered resources, i.e. build is platform dependent!
2025-09-30 10:13:34,749 [Worker-521: Building] INFO  o.e.m.c.i.embedder.EclipseLogger - Copying 0 resource
2025-09-30 10:14:12,919 [Worker-517: Building] WARN  o.e.m.c.i.embedder.EclipseLogger - Using platform encoding (MS949 actually) to copy filtered resources, i.e. build is platform dependent!
2025-09-30 10:14:12,919 [Worker-517: Building] INFO  o.e.m.c.i.embedder.EclipseLogger - Copying 1 resource
2025-09-30 10:14:12,920 [Worker-517: Building] WARN  o.e.m.c.i.embedder.EclipseLogger - Using platform encoding (MS949 actually) to copy filtered resources, i.e. build is platform dependent!
2025-09-30 10:14:12,921 [Worker-517: Building] INFO  o.e.m.c.i.embedder.EclipseLogger - Copying 0 resource
2025-09-30 10:14:29,366 [Worker-517: Building] WARN  o.e.m.c.i.embedder.EclipseLogger - Using platform encoding (MS949 actually) to copy filtered resources, i.e. build is platform dependent!
2025-09-30 10:14:29,366 [Worker-517: Building] INFO  o.e.m.c.i.embedder.EclipseLogger - Copying 1 resource
2025-09-30 10:14:29,367 [Worker-517: Building] WARN  o.e.m.c.i.embedder.EclipseLogger - Using platform encoding (MS949 actually) to copy filtered resources, i.e. build is platform dependent!
2025-09-30 10:14:29,368 [Worker-517: Building] INFO  o.e.m.c.i.embedder.EclipseLogger - Copying 0 resource
2025-09-30 10:14:32,182 [Worker-520: Building] WARN  o.e.m.c.i.embedder.EclipseLogger - Using platform encoding (MS949 actually) to copy filtered resources, i.e. build is platform dependent!
2025-09-30 10:14:32,183 [Worker-520: Building] INFO  o.e.m.c.i.embedder.EclipseLogger - Copying 1 resource
2025-09-30 10:14:32,184 [Worker-520: Building] WARN  o.e.m.c.i.embedder.EclipseLogger - Using platform encoding (MS949 actually) to copy filtered resources, i.e. build is platform dependent!
2025-09-30 10:14:32,185 [Worker-520: Building] INFO  o.e.m.c.i.embedder.EclipseLogger - Copying 0 resource
2025-09-30 10:14:51,107 [Worker-519: Building] WARN  o.e.m.c.i.embedder.EclipseLogger - Using platform encoding (MS949 actually) to copy filtered resources, i.e. build is platform dependent!
2025-09-30 10:14:51,108 [Worker-519: Building] INFO  o.e.m.c.i.embedder.EclipseLogger - Copying 8 resources
2025-09-30 10:14:51,108 [Worker-519: Building] WARN  o.e.m.c.i.embedder.EclipseLogger - Using platform encoding (MS949 actually) to copy filtered resources, i.e. build is platform dependent!
2025-09-30 10:14:51,109 [Worker-519: Building] INFO  o.e.m.c.i.embedder.EclipseLogger - Copying 0 resource
2025-09-30 10:15:28,091 [Worker-520: Building] WARN  o.e.m.c.i.embedder.EclipseLogger - Using platform encoding (MS949 actually) to copy filtered resources, i.e. build is platform dependent!
2025-09-30 10:15:28,092 [Worker-520: Building] INFO  o.e.m.c.i.embedder.EclipseLogger - Copying 8 resources
2025-09-30 10:15:28,092 [Worker-520: Building] WARN  o.e.m.c.i.embedder.EclipseLogger - Using platform encoding (MS949 actually) to copy filtered resources, i.e. build is platform dependent!
2025-09-30 10:15:28,093 [Worker-520: Building] INFO  o.e.m.c.i.embedder.EclipseLogger - Copying 0 resource
2025-09-30 10:15:57,009 [Worker-520: Building] WARN  o.e.m.c.i.embedder.EclipseLogger - Using platform encoding (MS949 actually) to copy filtered resources, i.e. build is platform dependent!
2025-09-30 10:15:57,010 [Worker-520: Building] INFO  o.e.m.c.i.embedder.EclipseLogger - Copying 8 resources
2025-09-30 10:15:57,011 [Worker-520: Building] WARN  o.e.m.c.i.embedder.EclipseLogger - Using platform encoding (MS949 actually) to copy filtered resources, i.e. build is platform dependent!
2025-09-30 10:15:57,011 [Worker-520: Building] INFO  o.e.m.c.i.embedder.EclipseLogger - Copying 0 resource
2025-09-30 10:17:13,459 [Worker-520: Building] WARN  o.e.m.c.i.embedder.EclipseLogger - Using platform encoding (MS949 actually) to copy filtered resources, i.e. build is platform dependent!
2025-09-30 10:17:13,459 [Worker-520: Building] INFO  o.e.m.c.i.embedder.EclipseLogger - Copying 1 resource
2025-09-30 10:17:13,460 [Worker-520: Building] WARN  o.e.m.c.i.embedder.EclipseLogger - Using platform encoding (MS949 actually) to copy filtered resources, i.e. build is platform dependent!
2025-09-30 10:17:13,461 [Worker-520: Building] INFO  o.e.m.c.i.embedder.EclipseLogger - Copying 0 resource
2025-09-30 10:17:16,814 [Worker-516: Building] WARN  o.e.m.c.i.embedder.EclipseLogger - Using platform encoding (MS949 actually) to copy filtered resources, i.e. build is platform dependent!
2025-09-30 10:17:16,815 [Worker-516: Building] INFO  o.e.m.c.i.embedder.EclipseLogger - Copying 1 resource
2025-09-30 10:17:16,816 [Worker-516: Building] WARN  o.e.m.c.i.embedder.EclipseLogger - Using platform encoding (MS949 actually) to copy filtered resources, i.e. build is platform dependent!
2025-09-30 10:17:16,817 [Worker-516: Building] INFO  o.e.m.c.i.embedder.EclipseLogger - Copying 0 resource
2025-09-30 10:17:29,871 [Worker-519: Building] WARN  o.e.m.c.i.embedder.EclipseLogger - Using platform encoding (MS949 actually) to copy filtered resources, i.e. build is platform dependent!
2025-09-30 10:17:29,871 [Worker-519: Building] INFO  o.e.m.c.i.embedder.EclipseLogger - Copying 1 resource
2025-09-30 10:17:29,872 [Worker-519: Building] WARN  o.e.m.c.i.embedder.EclipseLogger - Using platform encoding (MS949 actually) to copy filtered resources, i.e. build is platform dependent!
2025-09-30 10:17:29,872 [Worker-519: Building] INFO  o.e.m.c.i.embedder.EclipseLogger - Copying 0 resource
2025-09-30 10:19:02,493 [Worker-522: Building] WARN  o.e.m.c.i.embedder.EclipseLogger - Using platform encoding (MS949 actually) to copy filtered resources, i.e. build is platform dependent!
2025-09-30 10:19:02,494 [Worker-522: Building] INFO  o.e.m.c.i.embedder.EclipseLogger - Copying 1 resource
2025-09-30 10:19:02,495 [Worker-522: Building] WARN  o.e.m.c.i.embedder.EclipseLogger - Using platform encoding (MS949 actually) to copy filtered resources, i.e. build is platform dependent!
2025-09-30 10:19:02,495 [Worker-522: Building] INFO  o.e.m.c.i.embedder.EclipseLogger - Copying 0 resource
2025-09-30 10:19:19,614 [Worker-500: Building] WARN  o.e.m.c.i.embedder.EclipseLogger - Using platform encoding (MS949 actually) to copy filtered resources, i.e. build is platform dependent!
2025-09-30 10:19:19,614 [Worker-500: Building] INFO  o.e.m.c.i.embedder.EclipseLogger - Copying 1 resource
2025-09-30 10:19:19,615 [Worker-500: Building] WARN  o.e.m.c.i.embedder.EclipseLogger - Using platform encoding (MS949 actually) to copy filtered resources, i.e. build is platform dependent!
2025-09-30 10:19:19,616 [Worker-500: Building] INFO  o.e.m.c.i.embedder.EclipseLogger - Copying 0 resource
2025-09-30 10:20:03,520 [Worker-525: Building] WARN  o.e.m.c.i.embedder.EclipseLogger - Using platform encoding (MS949 actually) to copy filtered resources, i.e. build is platform dependent!
2025-09-30 10:20:03,521 [Worker-525: Building] INFO  o.e.m.c.i.embedder.EclipseLogger - Copying 8 resources
2025-09-30 10:20:03,522 [Worker-525: Building] WARN  o.e.m.c.i.embedder.EclipseLogger - Using platform encoding (MS949 actually) to copy filtered resources, i.e. build is platform dependent!
2025-09-30 10:20:03,522 [Worker-525: Building] INFO  o.e.m.c.i.embedder.EclipseLogger - Copying 0 resource
2025-09-30 10:20:59,930 [Worker-524: Building] WARN  o.e.m.c.i.embedder.EclipseLogger - Using platform encoding (MS949 actually) to copy filtered resources, i.e. build is platform dependent!
2025-09-30 10:20:59,932 [Worker-524: Building] INFO  o.e.m.c.i.embedder.EclipseLogger - Copying 8 resources
2025-09-30 10:20:59,932 [Worker-524: Building] WARN  o.e.m.c.i.embedder.EclipseLogger - Using platform encoding (MS949 actually) to copy filtered resources, i.e. build is platform dependent!
2025-09-30 10:20:59,933 [Worker-524: Building] INFO  o.e.m.c.i.embedder.EclipseLogger - Copying 0 resource
2025-09-30 10:21:04,912 [Worker-525: Building] WARN  o.e.m.c.i.embedder.EclipseLogger - Using platform encoding (MS949 actually) to copy filtered resources, i.e. build is platform dependent!
2025-09-30 10:21:04,913 [Worker-525: Building] INFO  o.e.m.c.i.embedder.EclipseLogger - Copying 8 resources
2025-09-30 10:21:04,914 [Worker-525: Building] WARN  o.e.m.c.i.embedder.EclipseLogger - Using platform encoding (MS949 actually) to copy filtered resources, i.e. build is platform dependent!
2025-09-30 10:21:04,914 [Worker-525: Building] INFO  o.e.m.c.i.embedder.EclipseLogger - Copying 0 resource
2025-09-30 10:21:28,874 [Worker-527: Building] WARN  o.e.m.c.i.embedder.EclipseLogger - Using platform encoding (MS949 actually) to copy filtered resources, i.e. build is platform dependent!
2025-09-30 10:21:28,875 [Worker-527: Building] INFO  o.e.m.c.i.embedder.EclipseLogger - Copying 8 resources
2025-09-30 10:21:28,876 [Worker-527: Building] WARN  o.e.m.c.i.embedder.EclipseLogger - Using platform encoding (MS949 actually) to copy filtered resources, i.e. build is platform dependent!
2025-09-30 10:21:28,876 [Worker-527: Building] INFO  o.e.m.c.i.embedder.EclipseLogger - Copying 0 resource
2025-09-30 10:21:41,316 [Worker-525: Building] WARN  o.e.m.c.i.embedder.EclipseLogger - Using platform encoding (MS949 actually) to copy filtered resources, i.e. build is platform dependent!
2025-09-30 10:21:41,317 [Worker-525: Building] INFO  o.e.m.c.i.embedder.EclipseLogger - Copying 8 resources
2025-09-30 10:21:41,318 [Worker-525: Building] WARN  o.e.m.c.i.embedder.EclipseLogger - Using platform encoding (MS949 actually) to copy filtered resources, i.e. build is platform dependent!
2025-09-30 10:21:41,318 [Worker-525: Building] INFO  o.e.m.c.i.embedder.EclipseLogger - Copying 0 resource
2025-09-30 10:21:52,815 [Worker-525: Building] WARN  o.e.m.c.i.embedder.EclipseLogger - Using platform encoding (MS949 actually) to copy filtered resources, i.e. build is platform dependent!
2025-09-30 10:21:52,817 [Worker-525: Building] INFO  o.e.m.c.i.embedder.EclipseLogger - Copying 8 resources
2025-09-30 10:21:52,817 [Worker-525: Building] WARN  o.e.m.c.i.embedder.EclipseLogger - Using platform encoding (MS949 actually) to copy filtered resources, i.e. build is platform dependent!
2025-09-30 10:21:52,818 [Worker-525: Building] INFO  o.e.m.c.i.embedder.EclipseLogger - Copying 0 resource
2025-09-30 10:21:58,296 [Worker-520: Building] WARN  o.e.m.c.i.embedder.EclipseLogger - Using platform encoding (MS949 actually) to copy filtered resources, i.e. build is platform dependent!
2025-09-30 10:21:58,298 [Worker-520: Building] INFO  o.e.m.c.i.embedder.EclipseLogger - Copying 8 resources
2025-09-30 10:21:58,299 [Worker-520: Building] WARN  o.e.m.c.i.embedder.EclipseLogger - Using platform encoding (MS949 actually) to copy filtered resources, i.e. build is platform dependent!
2025-09-30 10:21:58,299 [Worker-520: Building] INFO  o.e.m.c.i.embedder.EclipseLogger - Copying 0 resource
2025-09-30 10:22:07,675 [Worker-522: Building] WARN  o.e.m.c.i.embedder.EclipseLogger - Using platform encoding (MS949 actually) to copy filtered resources, i.e. build is platform dependent!
2025-09-30 10:22:07,676 [Worker-522: Building] INFO  o.e.m.c.i.embedder.EclipseLogger - Copying 8 resources
2025-09-30 10:22:07,677 [Worker-522: Building] WARN  o.e.m.c.i.embedder.EclipseLogger - Using platform encoding (MS949 actually) to copy filtered resources, i.e. build is platform dependent!
2025-09-30 10:22:07,677 [Worker-522: Building] INFO  o.e.m.c.i.embedder.EclipseLogger - Copying 0 resource
2025-09-30 10:22:17,310 [Worker-525: Building] WARN  o.e.m.c.i.embedder.EclipseLogger - Using platform encoding (MS949 actually) to copy filtered resources, i.e. build is platform dependent!
2025-09-30 10:22:17,311 [Worker-525: Building] INFO  o.e.m.c.i.embedder.EclipseLogger - Copying 8 resources
2025-09-30 10:22:17,312 [Worker-525: Building] WARN  o.e.m.c.i.embedder.EclipseLogger - Using platform encoding (MS949 actually) to copy filtered resources, i.e. build is platform dependent!
2025-09-30 10:22:17,312 [Worker-525: Building] INFO  o.e.m.c.i.embedder.EclipseLogger - Copying 0 resource
2025-09-30 10:22:19,335 [Worker-527: Building] WARN  o.e.m.c.i.embedder.EclipseLogger - Using platform encoding (MS949 actually) to copy filtered resources, i.e. build is platform dependent!
2025-09-30 10:22:19,336 [Worker-527: Building] INFO  o.e.m.c.i.embedder.EclipseLogger - Copying 8 resources
2025-09-30 10:22:19,337 [Worker-527: Building] WARN  o.e.m.c.i.embedder.EclipseLogger - Using platform encoding (MS949 actually) to copy filtered resources, i.e. build is platform dependent!
2025-09-30 10:22:19,337 [Worker-527: Building] INFO  o.e.m.c.i.embedder.EclipseLogger - Copying 0 resource
2025-09-30 10:22:24,965 [Worker-520: Building] WARN  o.e.m.c.i.embedder.EclipseLogger - Using platform encoding (MS949 actually) to copy filtered resources, i.e. build is platform dependent!
2025-09-30 10:22:24,966 [Worker-520: Building] INFO  o.e.m.c.i.embedder.EclipseLogger - Copying 8 resources
2025-09-30 10:22:24,967 [Worker-520: Building] WARN  o.e.m.c.i.embedder.EclipseLogger - Using platform encoding (MS949 actually) to copy filtered resources, i.e. build is platform dependent!
2025-09-30 10:22:24,967 [Worker-520: Building] INFO  o.e.m.c.i.embedder.EclipseLogger - Copying 0 resource
2025-09-30 10:22:30,562 [Worker-520: Building] WARN  o.e.m.c.i.embedder.EclipseLogger - Using platform encoding (MS949 actually) to copy filtered resources, i.e. build is platform dependent!
2025-09-30 10:22:30,563 [Worker-520: Building] INFO  o.e.m.c.i.embedder.EclipseLogger - Copying 8 resources
2025-09-30 10:22:30,564 [Worker-520: Building] WARN  o.e.m.c.i.embedder.EclipseLogger - Using platform encoding (MS949 actually) to copy filtered resources, i.e. build is platform dependent!
2025-09-30 10:22:30,564 [Worker-520: Building] INFO  o.e.m.c.i.embedder.EclipseLogger - Copying 0 resource
2025-09-30 10:22:34,451 [Worker-523: Building] WARN  o.e.m.c.i.embedder.EclipseLogger - Using platform encoding (MS949 actually) to copy filtered resources, i.e. build is platform dependent!
2025-09-30 10:22:34,452 [Worker-523: Building] INFO  o.e.m.c.i.embedder.EclipseLogger - Copying 8 resources
2025-09-30 10:22:34,453 [Worker-523: Building] WARN  o.e.m.c.i.embedder.EclipseLogger - Using platform encoding (MS949 actually) to copy filtered resources, i.e. build is platform dependent!
2025-09-30 10:22:34,453 [Worker-523: Building] INFO  o.e.m.c.i.embedder.EclipseLogger - Copying 0 resource
2025-09-30 10:22:37,891 [Worker-523: Building] WARN  o.e.m.c.i.embedder.EclipseLogger - Using platform encoding (MS949 actually) to copy filtered resources, i.e. build is platform dependent!
2025-09-30 10:22:37,892 [Worker-523: Building] INFO  o.e.m.c.i.embedder.EclipseLogger - Copying 8 resources
2025-09-30 10:22:37,893 [Worker-523: Building] WARN  o.e.m.c.i.embedder.EclipseLogger - Using platform encoding (MS949 actually) to copy filtered resources, i.e. build is platform dependent!
2025-09-30 10:22:37,893 [Worker-523: Building] INFO  o.e.m.c.i.embedder.EclipseLogger - Copying 0 resource
2025-09-30 10:23:29,708 [Worker-528: Building] WARN  o.e.m.c.i.embedder.EclipseLogger - Using platform encoding (MS949 actually) to copy filtered resources, i.e. build is platform dependent!
2025-09-30 10:23:29,709 [Worker-528: Building] INFO  o.e.m.c.i.embedder.EclipseLogger - Copying 8 resources
2025-09-30 10:23:29,710 [Worker-528: Building] WARN  o.e.m.c.i.embedder.EclipseLogger - Using platform encoding (MS949 actually) to copy filtered resources, i.e. build is platform dependent!
2025-09-30 10:23:29,710 [Worker-528: Building] INFO  o.e.m.c.i.embedder.EclipseLogger - Copying 0 resource
2025-09-30 10:23:36,737 [Worker-524: Building] WARN  o.e.m.c.i.embedder.EclipseLogger - Using platform encoding (MS949 actually) to copy filtered resources, i.e. build is platform dependent!
2025-09-30 10:23:36,738 [Worker-524: Building] INFO  o.e.m.c.i.embedder.EclipseLogger - Copying 0 resource
2025-09-30 10:23:36,738 [Worker-524: Building] WARN  o.e.m.c.i.embedder.EclipseLogger - Using platform encoding (MS949 actually) to copy filtered resources, i.e. build is platform dependent!
2025-09-30 10:23:36,738 [Worker-524: Building] INFO  o.e.m.c.i.embedder.EclipseLogger - Copying 0 resource
2025-09-30 10:23:54,986 [Worker-528: Building] WARN  o.e.m.c.i.embedder.EclipseLogger - Using platform encoding (MS949 actually) to copy filtered resources, i.e. build is platform dependent!
2025-09-30 10:23:54,988 [Worker-528: Building] INFO  o.e.m.c.i.embedder.EclipseLogger - Copying 8 resources
2025-09-30 10:23:54,988 [Worker-528: Building] WARN  o.e.m.c.i.embedder.EclipseLogger - Using platform encoding (MS949 actually) to copy filtered resources, i.e. build is platform dependent!
2025-09-30 10:23:54,988 [Worker-528: Building] INFO  o.e.m.c.i.embedder.EclipseLogger - Copying 0 resource
2025-09-30 10:23:57,892 [Worker-525: Building] WARN  o.e.m.c.i.embedder.EclipseLogger - Using platform encoding (MS949 actually) to copy filtered resources, i.e. build is platform dependent!
2025-09-30 10:23:57,893 [Worker-525: Building] INFO  o.e.m.c.i.embedder.EclipseLogger - Copying 8 resources
2025-09-30 10:23:57,894 [Worker-525: Building] WARN  o.e.m.c.i.embedder.EclipseLogger - Using platform encoding (MS949 actually) to copy filtered resources, i.e. build is platform dependent!
2025-09-30 10:23:57,894 [Worker-525: Building] INFO  o.e.m.c.i.embedder.EclipseLogger - Copying 0 resource
2025-09-30 10:23:59,924 [Worker-524: Building] WARN  o.e.m.c.i.embedder.EclipseLogger - Using platform encoding (MS949 actually) to copy filtered resources, i.e. build is platform dependent!
2025-09-30 10:23:59,926 [Worker-524: Building] INFO  o.e.m.c.i.embedder.EclipseLogger - Copying 8 resources
2025-09-30 10:23:59,926 [Worker-524: Building] WARN  o.e.m.c.i.embedder.EclipseLogger - Using platform encoding (MS949 actually) to copy filtered resources, i.e. build is platform dependent!
2025-09-30 10:23:59,927 [Worker-524: Building] INFO  o.e.m.c.i.embedder.EclipseLogger - Copying 0 resource
2025-09-30 10:24:03,036 [Worker-528: Building] WARN  o.e.m.c.i.embedder.EclipseLogger - Using platform encoding (MS949 actually) to copy filtered resources, i.e. build is platform dependent!
2025-09-30 10:24:03,037 [Worker-528: Building] INFO  o.e.m.c.i.embedder.EclipseLogger - Copying 8 resources
2025-09-30 10:24:03,038 [Worker-528: Building] WARN  o.e.m.c.i.embedder.EclipseLogger - Using platform encoding (MS949 actually) to copy filtered resources, i.e. build is platform dependent!
2025-09-30 10:24:03,038 [Worker-528: Building] INFO  o.e.m.c.i.embedder.EclipseLogger - Copying 0 resource
2025-09-30 10:24:10,469 [Worker-520: Building] WARN  o.e.m.c.i.embedder.EclipseLogger - Using platform encoding (MS949 actually) to copy filtered resources, i.e. build is platform dependent!
2025-09-30 10:24:10,470 [Worker-520: Building] INFO  o.e.m.c.i.embedder.EclipseLogger - Copying 8 resources
2025-09-30 10:24:10,471 [Worker-520: Building] WARN  o.e.m.c.i.embedder.EclipseLogger - Using platform encoding (MS949 actually) to copy filtered resources, i.e. build is platform dependent!
2025-09-30 10:24:10,471 [Worker-520: Building] INFO  o.e.m.c.i.embedder.EclipseLogger - Copying 0 resource
2025-09-30 10:24:15,273 [Worker-522: Building] WARN  o.e.m.c.i.embedder.EclipseLogger - Using platform encoding (MS949 actually) to copy filtered resources, i.e. build is platform dependent!
2025-09-30 10:24:15,274 [Worker-522: Building] INFO  o.e.m.c.i.embedder.EclipseLogger - Copying 8 resources
2025-09-30 10:24:15,275 [Worker-522: Building] WARN  o.e.m.c.i.embedder.EclipseLogger - Using platform encoding (MS949 actually) to copy filtered resources, i.e. build is platform dependent!
2025-09-30 10:24:15,276 [Worker-522: Building] INFO  o.e.m.c.i.embedder.EclipseLogger - Copying 0 resource
2025-09-30 10:24:18,450 [Worker-512: Building] WARN  o.e.m.c.i.embedder.EclipseLogger - Using platform encoding (MS949 actually) to copy filtered resources, i.e. build is platform dependent!
2025-09-30 10:24:18,452 [Worker-512: Building] INFO  o.e.m.c.i.embedder.EclipseLogger - Copying 8 resources
2025-09-30 10:24:18,453 [Worker-512: Building] WARN  o.e.m.c.i.embedder.EclipseLogger - Using platform encoding (MS949 actually) to copy filtered resources, i.e. build is platform dependent!
2025-09-30 10:24:18,453 [Worker-512: Building] INFO  o.e.m.c.i.embedder.EclipseLogger - Copying 0 resource
2025-09-30 10:25:10,428 [Worker-522: Building] WARN  o.e.m.c.i.embedder.EclipseLogger - Using platform encoding (MS949 actually) to copy filtered resources, i.e. build is platform dependent!
2025-09-30 10:25:10,430 [Worker-522: Building] INFO  o.e.m.c.i.embedder.EclipseLogger - Copying 8 resources
2025-09-30 10:25:10,430 [Worker-522: Building] WARN  o.e.m.c.i.embedder.EclipseLogger - Using platform encoding (MS949 actually) to copy filtered resources, i.e. build is platform dependent!
2025-09-30 10:25:10,431 [Worker-522: Building] INFO  o.e.m.c.i.embedder.EclipseLogger - Copying 0 resource
2025-09-30 10:25:14,512 [Worker-528: Building] WARN  o.e.m.c.i.embedder.EclipseLogger - Using platform encoding (MS949 actually) to copy filtered resources, i.e. build is platform dependent!
2025-09-30 10:25:14,514 [Worker-528: Building] INFO  o.e.m.c.i.embedder.EclipseLogger - Copying 8 resources
2025-09-30 10:25:14,514 [Worker-528: Building] WARN  o.e.m.c.i.embedder.EclipseLogger - Using platform encoding (MS949 actually) to copy filtered resources, i.e. build is platform dependent!
2025-09-30 10:25:14,514 [Worker-528: Building] INFO  o.e.m.c.i.embedder.EclipseLogger - Copying 0 resource
2025-09-30 10:25:23,958 [Worker-527: Building] WARN  o.e.m.c.i.embedder.EclipseLogger - Using platform encoding (MS949 actually) to copy filtered resources, i.e. build is platform dependent!
2025-09-30 10:25:23,959 [Worker-527: Building] INFO  o.e.m.c.i.embedder.EclipseLogger - Copying 8 resources
2025-09-30 10:25:23,960 [Worker-527: Building] WARN  o.e.m.c.i.embedder.EclipseLogger - Using platform encoding (MS949 actually) to copy filtered resources, i.e. build is platform dependent!
2025-09-30 10:25:23,960 [Worker-527: Building] INFO  o.e.m.c.i.embedder.EclipseLogger - Copying 0 resource
2025-09-30 10:25:27,935 [Worker-522: Building] WARN  o.e.m.c.i.embedder.EclipseLogger - Using platform encoding (MS949 actually) to copy filtered resources, i.e. build is platform dependent!
2025-09-30 10:25:27,936 [Worker-522: Building] INFO  o.e.m.c.i.embedder.EclipseLogger - Copying 8 resources
2025-09-30 10:25:27,936 [Worker-522: Building] WARN  o.e.m.c.i.embedder.EclipseLogger - Using platform encoding (MS949 actually) to copy filtered resources, i.e. build is platform dependent!
2025-09-30 10:25:27,937 [Worker-522: Building] INFO  o.e.m.c.i.embedder.EclipseLogger - Copying 0 resource
2025-09-30 10:25:36,211 [Worker-528: Building] WARN  o.e.m.c.i.embedder.EclipseLogger - Using platform encoding (MS949 actually) to copy filtered resources, i.e. build is platform dependent!
2025-09-30 10:25:36,212 [Worker-528: Building] INFO  o.e.m.c.i.embedder.EclipseLogger - Copying 8 resources
2025-09-30 10:25:36,213 [Worker-528: Building] WARN  o.e.m.c.i.embedder.EclipseLogger - Using platform encoding (MS949 actually) to copy filtered resources, i.e. build is platform dependent!
2025-09-30 10:25:36,214 [Worker-528: Building] INFO  o.e.m.c.i.embedder.EclipseLogger - Copying 0 resource
2025-09-30 10:25:57,213 [Worker-524: Building] WARN  o.e.m.c.i.embedder.EclipseLogger - Using platform encoding (MS949 actually) to copy filtered resources, i.e. build is platform dependent!
2025-09-30 10:25:57,214 [Worker-524: Building] INFO  o.e.m.c.i.embedder.EclipseLogger - Copying 1 resource
2025-09-30 10:25:57,215 [Worker-524: Building] WARN  o.e.m.c.i.embedder.EclipseLogger - Using platform encoding (MS949 actually) to copy filtered resources, i.e. build is platform dependent!
2025-09-30 10:25:57,215 [Worker-524: Building] INFO  o.e.m.c.i.embedder.EclipseLogger - Copying 0 resource
2025-09-30 10:26:24,044 [Worker-523: Building] WARN  o.e.m.c.i.embedder.EclipseLogger - Using platform encoding (MS949 actually) to copy filtered resources, i.e. build is platform dependent!
2025-09-30 10:26:24,045 [Worker-523: Building] INFO  o.e.m.c.i.embedder.EclipseLogger - Copying 1 resource
2025-09-30 10:26:24,046 [Worker-523: Building] WARN  o.e.m.c.i.embedder.EclipseLogger - Using platform encoding (MS949 actually) to copy filtered resources, i.e. build is platform dependent!
2025-09-30 10:26:24,046 [Worker-523: Building] INFO  o.e.m.c.i.embedder.EclipseLogger - Copying 0 resource
2025-09-30 10:26:37,705 [Worker-527: Building] WARN  o.e.m.c.i.embedder.EclipseLogger - Using platform encoding (MS949 actually) to copy filtered resources, i.e. build is platform dependent!
2025-09-30 10:26:37,705 [Worker-527: Building] INFO  o.e.m.c.i.embedder.EclipseLogger - Copying 1 resource
2025-09-30 10:26:37,706 [Worker-527: Building] WARN  o.e.m.c.i.embedder.EclipseLogger - Using platform encoding (MS949 actually) to copy filtered resources, i.e. build is platform dependent!
2025-09-30 10:26:37,707 [Worker-527: Building] INFO  o.e.m.c.i.embedder.EclipseLogger - Copying 0 resource
2025-09-30 10:27:04,254 [Worker-525: Building] WARN  o.e.m.c.i.embedder.EclipseLogger - Using platform encoding (MS949 actually) to copy filtered resources, i.e. build is platform dependent!
2025-09-30 10:27:04,255 [Worker-525: Building] INFO  o.e.m.c.i.embedder.EclipseLogger - Copying 1 resource
2025-09-30 10:27:04,256 [Worker-525: Building] WARN  o.e.m.c.i.embedder.EclipseLogger - Using platform encoding (MS949 actually) to copy filtered resources, i.e. build is platform dependent!
2025-09-30 10:27:04,256 [Worker-525: Building] INFO  o.e.m.c.i.embedder.EclipseLogger - Copying 0 resource
2025-09-30 10:28:52,257 [Worker-524: Building] WARN  o.e.m.c.i.embedder.EclipseLogger - Using platform encoding (MS949 actually) to copy filtered resources, i.e. build is platform dependent!
2025-09-30 10:28:52,258 [Worker-524: Building] INFO  o.e.m.c.i.embedder.EclipseLogger - Copying 1 resource
2025-09-30 10:28:52,259 [Worker-524: Building] WARN  o.e.m.c.i.embedder.EclipseLogger - Using platform encoding (MS949 actually) to copy filtered resources, i.e. build is platform dependent!
2025-09-30 10:28:52,259 [Worker-524: Building] INFO  o.e.m.c.i.embedder.EclipseLogger - Copying 0 resource
2025-09-30 10:28:56,394 [Worker-527: Building] WARN  o.e.m.c.i.embedder.EclipseLogger - Using platform encoding (MS949 actually) to copy filtered resources, i.e. build is platform dependent!
2025-09-30 10:28:56,396 [Worker-527: Building] INFO  o.e.m.c.i.embedder.EclipseLogger - Copying 1 resource
2025-09-30 10:28:56,399 [Worker-527: Building] WARN  o.e.m.c.i.embedder.EclipseLogger - Using platform encoding (MS949 actually) to copy filtered resources, i.e. build is platform dependent!
2025-09-30 10:28:56,400 [Worker-527: Building] INFO  o.e.m.c.i.embedder.EclipseLogger - Copying 0 resource
2025-09-30 10:29:15,217 [Worker-524: Building] WARN  o.e.m.c.i.embedder.EclipseLogger - Using platform encoding (MS949 actually) to copy filtered resources, i.e. build is platform dependent!
2025-09-30 10:29:15,218 [Worker-524: Building] INFO  o.e.m.c.i.embedder.EclipseLogger - Copying 1 resource
2025-09-30 10:29:15,219 [Worker-524: Building] WARN  o.e.m.c.i.embedder.EclipseLogger - Using platform encoding (MS949 actually) to copy filtered resources, i.e. build is platform dependent!
2025-09-30 10:29:15,219 [Worker-524: Building] INFO  o.e.m.c.i.embedder.EclipseLogger - Copying 0 resource
2025-09-30 10:31:00,456 [Worker-526: Building] WARN  o.e.m.c.i.embedder.EclipseLogger - Using platform encoding (MS949 actually) to copy filtered resources, i.e. build is platform dependent!
2025-09-30 10:31:00,457 [Worker-526: Building] INFO  o.e.m.c.i.embedder.EclipseLogger - Copying 0 resource
2025-09-30 10:31:00,457 [Worker-526: Building] WARN  o.e.m.c.i.embedder.EclipseLogger - Using platform encoding (MS949 actually) to copy filtered resources, i.e. build is platform dependent!
2025-09-30 10:31:00,457 [Worker-526: Building] INFO  o.e.m.c.i.embedder.EclipseLogger - Copying 0 resource
2025-09-30 10:31:41,017 [Worker-527: Building] WARN  o.e.m.c.i.embedder.EclipseLogger - Using platform encoding (MS949 actually) to copy filtered resources, i.e. build is platform dependent!
2025-09-30 10:31:41,018 [Worker-527: Building] INFO  o.e.m.c.i.embedder.EclipseLogger - Copying 0 resource
2025-09-30 10:31:41,019 [Worker-527: Building] WARN  o.e.m.c.i.embedder.EclipseLogger - Using platform encoding (MS949 actually) to copy filtered resources, i.e. build is platform dependent!
2025-09-30 10:31:41,020 [Worker-527: Building] INFO  o.e.m.c.i.embedder.EclipseLogger - Copying 0 resource
2025-09-30 10:31:50,947 [Worker-527: Building] WARN  o.e.m.c.i.embedder.EclipseLogger - Using platform encoding (MS949 actually) to copy filtered resources, i.e. build is platform dependent!
2025-09-30 10:31:50,948 [Worker-527: Building] INFO  o.e.m.c.i.embedder.EclipseLogger - Copying 0 resource
2025-09-30 10:31:50,948 [Worker-527: Building] WARN  o.e.m.c.i.embedder.EclipseLogger - Using platform encoding (MS949 actually) to copy filtered resources, i.e. build is platform dependent!
2025-09-30 10:31:50,948 [Worker-527: Building] INFO  o.e.m.c.i.embedder.EclipseLogger - Copying 0 resource
2025-09-30 10:32:05,922 [Worker-524: Building] WARN  o.e.m.c.i.embedder.EclipseLogger - Using platform encoding (MS949 actually) to copy filtered resources, i.e. build is platform dependent!
2025-09-30 10:32:05,923 [Worker-524: Building] INFO  o.e.m.c.i.embedder.EclipseLogger - Copying 0 resource
2025-09-30 10:32:05,923 [Worker-524: Building] WARN  o.e.m.c.i.embedder.EclipseLogger - Using platform encoding (MS949 actually) to copy filtered resources, i.e. build is platform dependent!
2025-09-30 10:32:05,923 [Worker-524: Building] INFO  o.e.m.c.i.embedder.EclipseLogger - Copying 0 resource
2025-09-30 10:32:17,168 [Worker-529: Building] WARN  o.e.m.c.i.embedder.EclipseLogger - Using platform encoding (MS949 actually) to copy filtered resources, i.e. build is platform dependent!
2025-09-30 10:32:17,169 [Worker-529: Building] INFO  o.e.m.c.i.embedder.EclipseLogger - Copying 0 resource
2025-09-30 10:32:17,169 [Worker-529: Building] WARN  o.e.m.c.i.embedder.EclipseLogger - Using platform encoding (MS949 actually) to copy filtered resources, i.e. build is platform dependent!
2025-09-30 10:32:17,170 [Worker-529: Building] INFO  o.e.m.c.i.embedder.EclipseLogger - Copying 0 resource
2025-09-30 10:32:24,317 [Worker-522: Building] WARN  o.e.m.c.i.embedder.EclipseLogger - Using platform encoding (MS949 actually) to copy filtered resources, i.e. build is platform dependent!
2025-09-30 10:32:24,318 [Worker-522: Building] INFO  o.e.m.c.i.embedder.EclipseLogger - Copying 0 resource
2025-09-30 10:32:24,318 [Worker-522: Building] WARN  o.e.m.c.i.embedder.EclipseLogger - Using platform encoding (MS949 actually) to copy filtered resources, i.e. build is platform dependent!
2025-09-30 10:32:24,318 [Worker-522: Building] INFO  o.e.m.c.i.embedder.EclipseLogger - Copying 0 resource
2025-09-30 10:32:29,788 [Worker-529: Building] WARN  o.e.m.c.i.embedder.EclipseLogger - Using platform encoding (MS949 actually) to copy filtered resources, i.e. build is platform dependent!
2025-09-30 10:32:29,789 [Worker-529: Building] INFO  o.e.m.c.i.embedder.EclipseLogger - Copying 0 resource
2025-09-30 10:32:29,789 [Worker-529: Building] WARN  o.e.m.c.i.embedder.EclipseLogger - Using platform encoding (MS949 actually) to copy filtered resources, i.e. build is platform dependent!
2025-09-30 10:32:29,790 [Worker-529: Building] INFO  o.e.m.c.i.embedder.EclipseLogger - Copying 0 resource
2025-09-30 10:32:58,596 [Worker-526: Building] WARN  o.e.m.c.i.embedder.EclipseLogger - Using platform encoding (MS949 actually) to copy filtered resources, i.e. build is platform dependent!
2025-09-30 10:32:58,597 [Worker-526: Building] INFO  o.e.m.c.i.embedder.EclipseLogger - Copying 0 resource
2025-09-30 10:32:58,597 [Worker-526: Building] WARN  o.e.m.c.i.embedder.EclipseLogger - Using platform encoding (MS949 actually) to copy filtered resources, i.e. build is platform dependent!
2025-09-30 10:32:58,597 [Worker-526: Building] INFO  o.e.m.c.i.embedder.EclipseLogger - Copying 0 resource
2025-09-30 10:33:01,946 [Worker-522: Building] WARN  o.e.m.c.i.embedder.EclipseLogger - Using platform encoding (MS949 actually) to copy filtered resources, i.e. build is platform dependent!
2025-09-30 10:33:01,947 [Worker-522: Building] INFO  o.e.m.c.i.embedder.EclipseLogger - Copying 0 resource
2025-09-30 10:33:01,947 [Worker-522: Building] WARN  o.e.m.c.i.embedder.EclipseLogger - Using platform encoding (MS949 actually) to copy filtered resources, i.e. build is platform dependent!
2025-09-30 10:33:01,948 [Worker-522: Building] INFO  o.e.m.c.i.embedder.EclipseLogger - Copying 0 resource
2025-09-30 10:33:19,889 [Worker-522: Building] WARN  o.e.m.c.i.embedder.EclipseLogger - Using platform encoding (MS949 actually) to copy filtered resources, i.e. build is platform dependent!
2025-09-30 10:33:19,890 [Worker-522: Building] INFO  o.e.m.c.i.embedder.EclipseLogger - Copying 0 resource
2025-09-30 10:33:19,890 [Worker-522: Building] WARN  o.e.m.c.i.embedder.EclipseLogger - Using platform encoding (MS949 actually) to copy filtered resources, i.e. build is platform dependent!
2025-09-30 10:33:19,891 [Worker-522: Building] INFO  o.e.m.c.i.embedder.EclipseLogger - Copying 0 resource
2025-09-30 10:33:49,366 [Worker-529: Building] WARN  o.e.m.c.i.embedder.EclipseLogger - Using platform encoding (MS949 actually) to copy filtered resources, i.e. build is platform dependent!
2025-09-30 10:33:49,366 [Worker-529: Building] INFO  o.e.m.c.i.embedder.EclipseLogger - Copying 0 resource
2025-09-30 10:33:49,367 [Worker-529: Building] WARN  o.e.m.c.i.embedder.EclipseLogger - Using platform encoding (MS949 actually) to copy filtered resources, i.e. build is platform dependent!
2025-09-30 10:33:49,367 [Worker-529: Building] INFO  o.e.m.c.i.embedder.EclipseLogger - Copying 0 resource
2025-09-30 10:34:21,280 [Worker-522: Building] WARN  o.e.m.c.i.embedder.EclipseLogger - Using platform encoding (MS949 actually) to copy filtered resources, i.e. build is platform dependent!
2025-09-30 10:34:21,280 [Worker-522: Building] INFO  o.e.m.c.i.embedder.EclipseLogger - Copying 0 resource
2025-09-30 10:34:21,281 [Worker-522: Building] WARN  o.e.m.c.i.embedder.EclipseLogger - Using platform encoding (MS949 actually) to copy filtered resources, i.e. build is platform dependent!
2025-09-30 10:34:21,281 [Worker-522: Building] INFO  o.e.m.c.i.embedder.EclipseLogger - Copying 0 resource
2025-09-30 10:34:43,588 [Worker-527: Building] WARN  o.e.m.c.i.embedder.EclipseLogger - Using platform encoding (MS949 actually) to copy filtered resources, i.e. build is platform dependent!
2025-09-30 10:34:43,589 [Worker-527: Building] INFO  o.e.m.c.i.embedder.EclipseLogger - Copying 0 resource
2025-09-30 10:34:43,589 [Worker-527: Building] WARN  o.e.m.c.i.embedder.EclipseLogger - Using platform encoding (MS949 actually) to copy filtered resources, i.e. build is platform dependent!
2025-09-30 10:34:43,590 [Worker-527: Building] INFO  o.e.m.c.i.embedder.EclipseLogger - Copying 0 resource
2025-09-30 10:35:07,724 [Worker-527: Building] WARN  o.e.m.c.i.embedder.EclipseLogger - Using platform encoding (MS949 actually) to copy filtered resources, i.e. build is platform dependent!
2025-09-30 10:35:07,725 [Worker-527: Building] INFO  o.e.m.c.i.embedder.EclipseLogger - Copying 0 resource
2025-09-30 10:35:07,726 [Worker-527: Building] WARN  o.e.m.c.i.embedder.EclipseLogger - Using platform encoding (MS949 actually) to copy filtered resources, i.e. build is platform dependent!
2025-09-30 10:35:07,726 [Worker-527: Building] INFO  o.e.m.c.i.embedder.EclipseLogger - Copying 0 resource
2025-09-30 10:36:05,443 [Worker-529: Building] WARN  o.e.m.c.i.embedder.EclipseLogger - Using platform encoding (MS949 actually) to copy filtered resources, i.e. build is platform dependent!
2025-09-30 10:36:05,443 [Worker-529: Building] INFO  o.e.m.c.i.embedder.EclipseLogger - Copying 1 resource
2025-09-30 10:36:05,445 [Worker-529: Building] WARN  o.e.m.c.i.embedder.EclipseLogger - Using platform encoding (MS949 actually) to copy filtered resources, i.e. build is platform dependent!
2025-09-30 10:36:05,445 [Worker-529: Building] INFO  o.e.m.c.i.embedder.EclipseLogger - Copying 0 resource
2025-09-30 10:36:21,241 [Worker-524: Building] WARN  o.e.m.c.i.embedder.EclipseLogger - Using platform encoding (MS949 actually) to copy filtered resources, i.e. build is platform dependent!
2025-09-30 10:36:21,241 [Worker-524: Building] INFO  o.e.m.c.i.embedder.EclipseLogger - Copying 1 resource
2025-09-30 10:36:21,242 [Worker-524: Building] WARN  o.e.m.c.i.embedder.EclipseLogger - Using platform encoding (MS949 actually) to copy filtered resources, i.e. build is platform dependent!
2025-09-30 10:36:21,242 [Worker-524: Building] INFO  o.e.m.c.i.embedder.EclipseLogger - Copying 0 resource
2025-09-30 10:36:29,826 [Worker-529: Building] WARN  o.e.m.c.i.embedder.EclipseLogger - Using platform encoding (MS949 actually) to copy filtered resources, i.e. build is platform dependent!
2025-09-30 10:36:29,828 [Worker-529: Building] INFO  o.e.m.c.i.embedder.EclipseLogger - Copying 8 resources
2025-09-30 10:36:29,828 [Worker-529: Building] WARN  o.e.m.c.i.embedder.EclipseLogger - Using platform encoding (MS949 actually) to copy filtered resources, i.e. build is platform dependent!
2025-09-30 10:36:29,828 [Worker-529: Building] INFO  o.e.m.c.i.embedder.EclipseLogger - Copying 0 resource
2025-09-30 10:37:18,837 [Worker-529: Building] WARN  o.e.m.c.i.embedder.EclipseLogger - Using platform encoding (MS949 actually) to copy filtered resources, i.e. build is platform dependent!
2025-09-30 10:37:18,838 [Worker-529: Building] INFO  o.e.m.c.i.embedder.EclipseLogger - Copying 0 resource
2025-09-30 10:37:18,838 [Worker-529: Building] WARN  o.e.m.c.i.embedder.EclipseLogger - Using platform encoding (MS949 actually) to copy filtered resources, i.e. build is platform dependent!
2025-09-30 10:37:18,838 [Worker-529: Building] INFO  o.e.m.c.i.embedder.EclipseLogger - Copying 0 resource
2025-09-30 10:37:29,083 [Worker-500: Building] WARN  o.e.m.c.i.embedder.EclipseLogger - Using platform encoding (MS949 actually) to copy filtered resources, i.e. build is platform dependent!
2025-09-30 10:37:29,083 [Worker-500: Building] INFO  o.e.m.c.i.embedder.EclipseLogger - Copying 0 resource
2025-09-30 10:37:29,084 [Worker-500: Building] WARN  o.e.m.c.i.embedder.EclipseLogger - Using platform encoding (MS949 actually) to copy filtered resources, i.e. build is platform dependent!
2025-09-30 10:37:29,084 [Worker-500: Building] INFO  o.e.m.c.i.embedder.EclipseLogger - Copying 0 resource
2025-09-30 10:38:04,024 [Worker-526: Building] WARN  o.e.m.c.i.embedder.EclipseLogger - Using platform encoding (MS949 actually) to copy filtered resources, i.e. build is platform dependent!
2025-09-30 10:38:04,025 [Worker-526: Building] INFO  o.e.m.c.i.embedder.EclipseLogger - Copying 0 resource
2025-09-30 10:38:04,025 [Worker-526: Building] WARN  o.e.m.c.i.embedder.EclipseLogger - Using platform encoding (MS949 actually) to copy filtered resources, i.e. build is platform dependent!
2025-09-30 10:38:04,025 [Worker-526: Building] INFO  o.e.m.c.i.embedder.EclipseLogger - Copying 0 resource
2025-09-30 10:38:25,122 [Worker-529: Building] WARN  o.e.m.c.i.embedder.EclipseLogger - Using platform encoding (MS949 actually) to copy filtered resources, i.e. build is platform dependent!
2025-09-30 10:38:25,124 [Worker-529: Building] INFO  o.e.m.c.i.embedder.EclipseLogger - Copying 8 resources
2025-09-30 10:38:25,124 [Worker-529: Building] WARN  o.e.m.c.i.embedder.EclipseLogger - Using platform encoding (MS949 actually) to copy filtered resources, i.e. build is platform dependent!
2025-09-30 10:38:25,124 [Worker-529: Building] INFO  o.e.m.c.i.embedder.EclipseLogger - Copying 0 resource
2025-09-30 10:38:27,217 [Worker-522: Building] WARN  o.e.m.c.i.embedder.EclipseLogger - Using platform encoding (MS949 actually) to copy filtered resources, i.e. build is platform dependent!
2025-09-30 10:38:27,218 [Worker-522: Building] INFO  o.e.m.c.i.embedder.EclipseLogger - Copying 8 resources
2025-09-30 10:38:27,219 [Worker-522: Building] WARN  o.e.m.c.i.embedder.EclipseLogger - Using platform encoding (MS949 actually) to copy filtered resources, i.e. build is platform dependent!
2025-09-30 10:38:27,219 [Worker-522: Building] INFO  o.e.m.c.i.embedder.EclipseLogger - Copying 0 resource
2025-09-30 10:38:34,573 [Worker-527: Building] WARN  o.e.m.c.i.embedder.EclipseLogger - Using platform encoding (MS949 actually) to copy filtered resources, i.e. build is platform dependent!
2025-09-30 10:38:34,574 [Worker-527: Building] INFO  o.e.m.c.i.embedder.EclipseLogger - Copying 8 resources
2025-09-30 10:38:34,574 [Worker-527: Building] WARN  o.e.m.c.i.embedder.EclipseLogger - Using platform encoding (MS949 actually) to copy filtered resources, i.e. build is platform dependent!
2025-09-30 10:38:34,575 [Worker-527: Building] INFO  o.e.m.c.i.embedder.EclipseLogger - Copying 0 resource
2025-09-30 10:38:40,737 [Worker-529: Building] WARN  o.e.m.c.i.embedder.EclipseLogger - Using platform encoding (MS949 actually) to copy filtered resources, i.e. build is platform dependent!
2025-09-30 10:38:40,738 [Worker-529: Building] INFO  o.e.m.c.i.embedder.EclipseLogger - Copying 8 resources
2025-09-30 10:38:40,739 [Worker-529: Building] WARN  o.e.m.c.i.embedder.EclipseLogger - Using platform encoding (MS949 actually) to copy filtered resources, i.e. build is platform dependent!
2025-09-30 10:38:40,739 [Worker-529: Building] INFO  o.e.m.c.i.embedder.EclipseLogger - Copying 0 resource
2025-09-30 10:38:45,581 [Worker-522: Building] WARN  o.e.m.c.i.embedder.EclipseLogger - Using platform encoding (MS949 actually) to copy filtered resources, i.e. build is platform dependent!
2025-09-30 10:38:45,583 [Worker-522: Building] INFO  o.e.m.c.i.embedder.EclipseLogger - Copying 8 resources
2025-09-30 10:38:45,584 [Worker-522: Building] WARN  o.e.m.c.i.embedder.EclipseLogger - Using platform encoding (MS949 actually) to copy filtered resources, i.e. build is platform dependent!
2025-09-30 10:38:45,584 [Worker-522: Building] INFO  o.e.m.c.i.embedder.EclipseLogger - Copying 0 resource
2025-09-30 10:38:50,926 [Worker-529: Building] WARN  o.e.m.c.i.embedder.EclipseLogger - Using platform encoding (MS949 actually) to copy filtered resources, i.e. build is platform dependent!
2025-09-30 10:38:50,927 [Worker-529: Building] INFO  o.e.m.c.i.embedder.EclipseLogger - Copying 8 resources
2025-09-30 10:38:50,927 [Worker-529: Building] WARN  o.e.m.c.i.embedder.EclipseLogger - Using platform encoding (MS949 actually) to copy filtered resources, i.e. build is platform dependent!
2025-09-30 10:38:50,928 [Worker-529: Building] INFO  o.e.m.c.i.embedder.EclipseLogger - Copying 0 resource
2025-09-30 10:38:57,564 [Worker-526: Building] WARN  o.e.m.c.i.embedder.EclipseLogger - Using platform encoding (MS949 actually) to copy filtered resources, i.e. build is platform dependent!
2025-09-30 10:38:57,565 [Worker-526: Building] INFO  o.e.m.c.i.embedder.EclipseLogger - Copying 8 resources
2025-09-30 10:38:57,566 [Worker-526: Building] WARN  o.e.m.c.i.embedder.EclipseLogger - Using platform encoding (MS949 actually) to copy filtered resources, i.e. build is platform dependent!
2025-09-30 10:38:57,566 [Worker-526: Building] INFO  o.e.m.c.i.embedder.EclipseLogger - Copying 0 resource
2025-09-30 10:39:23,213 [Worker-522: Building] WARN  o.e.m.c.i.embedder.EclipseLogger - Using platform encoding (MS949 actually) to copy filtered resources, i.e. build is platform dependent!
2025-09-30 10:39:23,213 [Worker-522: Building] INFO  o.e.m.c.i.embedder.EclipseLogger - Copying 0 resource
2025-09-30 10:39:23,214 [Worker-522: Building] WARN  o.e.m.c.i.embedder.EclipseLogger - Using platform encoding (MS949 actually) to copy filtered resources, i.e. build is platform dependent!
2025-09-30 10:39:23,214 [Worker-522: Building] INFO  o.e.m.c.i.embedder.EclipseLogger - Copying 0 resource
2025-09-30 10:39:36,189 [Worker-500: Building] WARN  o.e.m.c.i.embedder.EclipseLogger - Using platform encoding (MS949 actually) to copy filtered resources, i.e. build is platform dependent!
2025-09-30 10:39:36,190 [Worker-500: Building] INFO  o.e.m.c.i.embedder.EclipseLogger - Copying 0 resource
2025-09-30 10:39:36,190 [Worker-500: Building] WARN  o.e.m.c.i.embedder.EclipseLogger - Using platform encoding (MS949 actually) to copy filtered resources, i.e. build is platform dependent!
2025-09-30 10:39:36,191 [Worker-500: Building] INFO  o.e.m.c.i.embedder.EclipseLogger - Copying 0 resource
2025-09-30 10:39:43,993 [Worker-500: Building] WARN  o.e.m.c.i.embedder.EclipseLogger - Using platform encoding (MS949 actually) to copy filtered resources, i.e. build is platform dependent!
2025-09-30 10:39:43,993 [Worker-500: Building] INFO  o.e.m.c.i.embedder.EclipseLogger - Copying 0 resource
2025-09-30 10:39:43,994 [Worker-500: Building] WARN  o.e.m.c.i.embedder.EclipseLogger - Using platform encoding (MS949 actually) to copy filtered resources, i.e. build is platform dependent!
2025-09-30 10:39:43,994 [Worker-500: Building] INFO  o.e.m.c.i.embedder.EclipseLogger - Copying 0 resource
2025-09-30 10:40:08,935 [Worker-526: Building] WARN  o.e.m.c.i.embedder.EclipseLogger - Using platform encoding (MS949 actually) to copy filtered resources, i.e. build is platform dependent!
2025-09-30 10:40:08,937 [Worker-526: Building] INFO  o.e.m.c.i.embedder.EclipseLogger - Copying 8 resources
2025-09-30 10:40:08,938 [Worker-526: Building] WARN  o.e.m.c.i.embedder.EclipseLogger - Using platform encoding (MS949 actually) to copy filtered resources, i.e. build is platform dependent!
2025-09-30 10:40:08,938 [Worker-526: Building] INFO  o.e.m.c.i.embedder.EclipseLogger - Copying 0 resource
2025-09-30 10:44:15,713 [Worker-529: Building] WARN  o.e.m.c.i.embedder.EclipseLogger - Using platform encoding (MS949 actually) to copy filtered resources, i.e. build is platform dependent!
2025-09-30 10:44:15,714 [Worker-529: Building] INFO  o.e.m.c.i.embedder.EclipseLogger - Copying 1 resource
2025-09-30 10:44:15,715 [Worker-529: Building] WARN  o.e.m.c.i.embedder.EclipseLogger - Using platform encoding (MS949 actually) to copy filtered resources, i.e. build is platform dependent!
2025-09-30 10:44:15,715 [Worker-529: Building] INFO  o.e.m.c.i.embedder.EclipseLogger - Copying 0 resource
2025-09-30 10:44:19,510 [Worker-529: Building] WARN  o.e.m.c.i.embedder.EclipseLogger - Using platform encoding (MS949 actually) to copy filtered resources, i.e. build is platform dependent!
2025-09-30 10:44:19,511 [Worker-529: Building] INFO  o.e.m.c.i.embedder.EclipseLogger - Copying 1 resource
2025-09-30 10:44:19,512 [Worker-529: Building] WARN  o.e.m.c.i.embedder.EclipseLogger - Using platform encoding (MS949 actually) to copy filtered resources, i.e. build is platform dependent!
2025-09-30 10:44:19,512 [Worker-529: Building] INFO  o.e.m.c.i.embedder.EclipseLogger - Copying 0 resource
2025-09-30 10:44:49,916 [Worker-533: Building] WARN  o.e.m.c.i.embedder.EclipseLogger - Using platform encoding (MS949 actually) to copy filtered resources, i.e. build is platform dependent!
2025-09-30 10:44:49,918 [Worker-533: Building] INFO  o.e.m.c.i.embedder.EclipseLogger - Copying 8 resources
2025-09-30 10:44:49,918 [Worker-533: Building] WARN  o.e.m.c.i.embedder.EclipseLogger - Using platform encoding (MS949 actually) to copy filtered resources, i.e. build is platform dependent!
2025-09-30 10:44:49,919 [Worker-533: Building] INFO  o.e.m.c.i.embedder.EclipseLogger - Copying 0 resource
2025-09-30 10:45:25,507 [Worker-533: Building] WARN  o.e.m.c.i.embedder.EclipseLogger - Using platform encoding (MS949 actually) to copy filtered resources, i.e. build is platform dependent!
2025-09-30 10:45:25,508 [Worker-533: Building] INFO  o.e.m.c.i.embedder.EclipseLogger - Copying 8 resources
2025-09-30 10:45:25,509 [Worker-533: Building] WARN  o.e.m.c.i.embedder.EclipseLogger - Using platform encoding (MS949 actually) to copy filtered resources, i.e. build is platform dependent!
2025-09-30 10:45:25,509 [Worker-533: Building] INFO  o.e.m.c.i.embedder.EclipseLogger - Copying 0 resource
2025-09-30 10:45:45,256 [Worker-529: Building] WARN  o.e.m.c.i.embedder.EclipseLogger - Using platform encoding (MS949 actually) to copy filtered resources, i.e. build is platform dependent!
2025-09-30 10:45:45,257 [Worker-529: Building] INFO  o.e.m.c.i.embedder.EclipseLogger - Copying 8 resources
2025-09-30 10:45:45,257 [Worker-529: Building] WARN  o.e.m.c.i.embedder.EclipseLogger - Using platform encoding (MS949 actually) to copy filtered resources, i.e. build is platform dependent!
2025-09-30 10:45:45,258 [Worker-529: Building] INFO  o.e.m.c.i.embedder.EclipseLogger - Copying 0 resource
2025-09-30 10:46:07,321 [Worker-534: Building] WARN  o.e.m.c.i.embedder.EclipseLogger - Using platform encoding (MS949 actually) to copy filtered resources, i.e. build is platform dependent!
2025-09-30 10:46:07,322 [Worker-534: Building] INFO  o.e.m.c.i.embedder.EclipseLogger - Copying 8 resources
2025-09-30 10:46:07,323 [Worker-534: Building] WARN  o.e.m.c.i.embedder.EclipseLogger - Using platform encoding (MS949 actually) to copy filtered resources, i.e. build is platform dependent!
2025-09-30 10:46:07,323 [Worker-534: Building] INFO  o.e.m.c.i.embedder.EclipseLogger - Copying 0 resource
2025-09-30 10:47:22,569 [Worker-534: Building] WARN  o.e.m.c.i.embedder.EclipseLogger - Using platform encoding (MS949 actually) to copy filtered resources, i.e. build is platform dependent!
2025-09-30 10:47:22,570 [Worker-534: Building] INFO  o.e.m.c.i.embedder.EclipseLogger - Copying 8 resources
2025-09-30 10:47:22,571 [Worker-534: Building] WARN  o.e.m.c.i.embedder.EclipseLogger - Using platform encoding (MS949 actually) to copy filtered resources, i.e. build is platform dependent!
2025-09-30 10:47:22,571 [Worker-534: Building] INFO  o.e.m.c.i.embedder.EclipseLogger - Copying 0 resource
2025-09-30 10:47:50,445 [Worker-535: Building] WARN  o.e.m.c.i.embedder.EclipseLogger - Using platform encoding (MS949 actually) to copy filtered resources, i.e. build is platform dependent!
2025-09-30 10:47:50,446 [Worker-535: Building] INFO  o.e.m.c.i.embedder.EclipseLogger - Copying 8 resources
2025-09-30 10:47:50,447 [Worker-535: Building] WARN  o.e.m.c.i.embedder.EclipseLogger - Using platform encoding (MS949 actually) to copy filtered resources, i.e. build is platform dependent!
2025-09-30 10:47:50,447 [Worker-535: Building] INFO  o.e.m.c.i.embedder.EclipseLogger - Copying 0 resource
2025-09-30 10:49:02,583 [Worker-535: Building] WARN  o.e.m.c.i.embedder.EclipseLogger - Using platform encoding (MS949 actually) to copy filtered resources, i.e. build is platform dependent!
2025-09-30 10:49:02,584 [Worker-535: Building] INFO  o.e.m.c.i.embedder.EclipseLogger - Copying 8 resources
2025-09-30 10:49:02,584 [Worker-535: Building] WARN  o.e.m.c.i.embedder.EclipseLogger - Using platform encoding (MS949 actually) to copy filtered resources, i.e. build is platform dependent!
2025-09-30 10:49:02,585 [Worker-535: Building] INFO  o.e.m.c.i.embedder.EclipseLogger - Copying 0 resource
2025-09-30 10:49:06,968 [Worker-535: Building] WARN  o.e.m.c.i.embedder.EclipseLogger - Using platform encoding (MS949 actually) to copy filtered resources, i.e. build is platform dependent!
2025-09-30 10:49:06,970 [Worker-535: Building] INFO  o.e.m.c.i.embedder.EclipseLogger - Copying 8 resources
2025-09-30 10:49:06,971 [Worker-535: Building] WARN  o.e.m.c.i.embedder.EclipseLogger - Using platform encoding (MS949 actually) to copy filtered resources, i.e. build is platform dependent!
2025-09-30 10:49:06,971 [Worker-535: Building] INFO  o.e.m.c.i.embedder.EclipseLogger - Copying 0 resource
2025-09-30 11:08:49,082 [Worker-547: Building] WARN  o.e.m.c.i.embedder.EclipseLogger - Using platform encoding (MS949 actually) to copy filtered resources, i.e. build is platform dependent!
2025-09-30 11:08:49,084 [Worker-547: Building] INFO  o.e.m.c.i.embedder.EclipseLogger - Copying 0 resource
2025-09-30 11:08:49,084 [Worker-547: Building] WARN  o.e.m.c.i.embedder.EclipseLogger - Using platform encoding (MS949 actually) to copy filtered resources, i.e. build is platform dependent!
2025-09-30 11:08:49,085 [Worker-547: Building] INFO  o.e.m.c.i.embedder.EclipseLogger - Copying 0 resource
2025-09-30 11:09:22,687 [Worker-548: Building] WARN  o.e.m.c.i.embedder.EclipseLogger - Using platform encoding (MS949 actually) to copy filtered resources, i.e. build is platform dependent!
2025-09-30 11:09:22,688 [Worker-548: Building] INFO  o.e.m.c.i.embedder.EclipseLogger - Copying 8 resources
2025-09-30 11:09:22,689 [Worker-548: Building] WARN  o.e.m.c.i.embedder.EclipseLogger - Using platform encoding (MS949 actually) to copy filtered resources, i.e. build is platform dependent!
2025-09-30 11:09:22,689 [Worker-548: Building] INFO  o.e.m.c.i.embedder.EclipseLogger - Copying 0 resource
2025-09-30 11:11:09,887 [Worker-550: Building] WARN  o.e.m.c.i.embedder.EclipseLogger - Using platform encoding (MS949 actually) to copy filtered resources, i.e. build is platform dependent!
2025-09-30 11:11:09,887 [Worker-550: Building] INFO  o.e.m.c.i.embedder.EclipseLogger - Copying 0 resource
2025-09-30 11:11:09,887 [Worker-550: Building] WARN  o.e.m.c.i.embedder.EclipseLogger - Using platform encoding (MS949 actually) to copy filtered resources, i.e. build is platform dependent!
2025-09-30 11:11:09,888 [Worker-550: Building] INFO  o.e.m.c.i.embedder.EclipseLogger - Copying 0 resource
2025-09-30 11:11:21,286 [Worker-550: Building] WARN  o.e.m.c.i.embedder.EclipseLogger - Using platform encoding (MS949 actually) to copy filtered resources, i.e. build is platform dependent!
2025-09-30 11:11:21,287 [Worker-550: Building] INFO  o.e.m.c.i.embedder.EclipseLogger - Copying 8 resources
2025-09-30 11:11:21,288 [Worker-550: Building] WARN  o.e.m.c.i.embedder.EclipseLogger - Using platform encoding (MS949 actually) to copy filtered resources, i.e. build is platform dependent!
2025-09-30 11:11:21,288 [Worker-550: Building] INFO  o.e.m.c.i.embedder.EclipseLogger - Copying 0 resource
2025-09-30 11:12:15,098 [Worker-537: Building] WARN  o.e.m.c.i.embedder.EclipseLogger - Using platform encoding (MS949 actually) to copy filtered resources, i.e. build is platform dependent!
2025-09-30 11:12:15,099 [Worker-537: Building] INFO  o.e.m.c.i.embedder.EclipseLogger - Copying 8 resources
2025-09-30 11:12:15,100 [Worker-537: Building] WARN  o.e.m.c.i.embedder.EclipseLogger - Using platform encoding (MS949 actually) to copy filtered resources, i.e. build is platform dependent!
2025-09-30 11:12:15,101 [Worker-537: Building] INFO  o.e.m.c.i.embedder.EclipseLogger - Copying 0 resource
2025-09-30 11:15:48,360 [Worker-550: Building] WARN  o.e.m.c.i.embedder.EclipseLogger - Using platform encoding (MS949 actually) to copy filtered resources, i.e. build is platform dependent!
2025-09-30 11:15:48,361 [Worker-550: Building] INFO  o.e.m.c.i.embedder.EclipseLogger - Copying 0 resource
2025-09-30 11:15:48,361 [Worker-550: Building] WARN  o.e.m.c.i.embedder.EclipseLogger - Using platform encoding (MS949 actually) to copy filtered resources, i.e. build is platform dependent!
2025-09-30 11:15:48,361 [Worker-550: Building] INFO  o.e.m.c.i.embedder.EclipseLogger - Copying 0 resource
2025-09-30 11:15:56,040 [Worker-556: Building] WARN  o.e.m.c.i.embedder.EclipseLogger - Using platform encoding (MS949 actually) to copy filtered resources, i.e. build is platform dependent!
2025-09-30 11:15:56,041 [Worker-556: Building] INFO  o.e.m.c.i.embedder.EclipseLogger - Copying 0 resource
2025-09-30 11:15:56,041 [Worker-556: Building] WARN  o.e.m.c.i.embedder.EclipseLogger - Using platform encoding (MS949 actually) to copy filtered resources, i.e. build is platform dependent!
2025-09-30 11:15:56,041 [Worker-556: Building] INFO  o.e.m.c.i.embedder.EclipseLogger - Copying 0 resource
2025-09-30 11:16:37,053 [Worker-550: Building] WARN  o.e.m.c.i.embedder.EclipseLogger - Using platform encoding (MS949 actually) to copy filtered resources, i.e. build is platform dependent!
2025-09-30 11:16:37,054 [Worker-550: Building] INFO  o.e.m.c.i.embedder.EclipseLogger - Copying 8 resources
2025-09-30 11:16:37,055 [Worker-550: Building] WARN  o.e.m.c.i.embedder.EclipseLogger - Using platform encoding (MS949 actually) to copy filtered resources, i.e. build is platform dependent!
2025-09-30 11:16:37,055 [Worker-550: Building] INFO  o.e.m.c.i.embedder.EclipseLogger - Copying 0 resource
2025-09-30 11:16:59,904 [Worker-537: Building] WARN  o.e.m.c.i.embedder.EclipseLogger - Using platform encoding (MS949 actually) to copy filtered resources, i.e. build is platform dependent!
2025-09-30 11:16:59,905 [Worker-537: Building] INFO  o.e.m.c.i.embedder.EclipseLogger - Copying 8 resources
2025-09-30 11:16:59,905 [Worker-537: Building] WARN  o.e.m.c.i.embedder.EclipseLogger - Using platform encoding (MS949 actually) to copy filtered resources, i.e. build is platform dependent!
2025-09-30 11:16:59,906 [Worker-537: Building] INFO  o.e.m.c.i.embedder.EclipseLogger - Copying 0 resource
2025-09-30 11:19:39,193 [Worker-554: Building] WARN  o.e.m.c.i.embedder.EclipseLogger - Using platform encoding (MS949 actually) to copy filtered resources, i.e. build is platform dependent!
2025-09-30 11:19:39,193 [Worker-554: Building] INFO  o.e.m.c.i.embedder.EclipseLogger - Copying 1 resource
2025-09-30 11:19:39,194 [Worker-554: Building] WARN  o.e.m.c.i.embedder.EclipseLogger - Using platform encoding (MS949 actually) to copy filtered resources, i.e. build is platform dependent!
2025-09-30 11:19:39,195 [Worker-554: Building] INFO  o.e.m.c.i.embedder.EclipseLogger - Copying 0 resource
2025-09-30 11:20:46,928 [Worker-562: Building] WARN  o.e.m.c.i.embedder.EclipseLogger - Using platform encoding (MS949 actually) to copy filtered resources, i.e. build is platform dependent!
2025-09-30 11:20:46,929 [Worker-562: Building] INFO  o.e.m.c.i.embedder.EclipseLogger - Copying 0 resource
2025-09-30 11:20:46,929 [Worker-562: Building] WARN  o.e.m.c.i.embedder.EclipseLogger - Using platform encoding (MS949 actually) to copy filtered resources, i.e. build is platform dependent!
2025-09-30 11:20:46,929 [Worker-562: Building] INFO  o.e.m.c.i.embedder.EclipseLogger - Copying 0 resource
2025-09-30 11:20:58,094 [Worker-554: Building] WARN  o.e.m.c.i.embedder.EclipseLogger - Using platform encoding (MS949 actually) to copy filtered resources, i.e. build is platform dependent!
2025-09-30 11:20:58,094 [Worker-554: Building] INFO  o.e.m.c.i.embedder.EclipseLogger - Copying 0 resource
2025-09-30 11:20:58,095 [Worker-554: Building] WARN  o.e.m.c.i.embedder.EclipseLogger - Using platform encoding (MS949 actually) to copy filtered resources, i.e. build is platform dependent!
2025-09-30 11:20:58,095 [Worker-554: Building] INFO  o.e.m.c.i.embedder.EclipseLogger - Copying 0 resource
2025-09-30 11:21:08,775 [Worker-561: Building] WARN  o.e.m.c.i.embedder.EclipseLogger - Using platform encoding (MS949 actually) to copy filtered resources, i.e. build is platform dependent!
2025-09-30 11:21:08,776 [Worker-561: Building] INFO  o.e.m.c.i.embedder.EclipseLogger - Copying 0 resource
2025-09-30 11:21:08,776 [Worker-561: Building] WARN  o.e.m.c.i.embedder.EclipseLogger - Using platform encoding (MS949 actually) to copy filtered resources, i.e. build is platform dependent!
2025-09-30 11:21:08,776 [Worker-561: Building] INFO  o.e.m.c.i.embedder.EclipseLogger - Copying 0 resource
2025-09-30 11:21:20,989 [Worker-562: Building] WARN  o.e.m.c.i.embedder.EclipseLogger - Using platform encoding (MS949 actually) to copy filtered resources, i.e. build is platform dependent!
2025-09-30 11:21:20,989 [Worker-562: Building] INFO  o.e.m.c.i.embedder.EclipseLogger - Copying 0 resource
2025-09-30 11:21:20,990 [Worker-562: Building] WARN  o.e.m.c.i.embedder.EclipseLogger - Using platform encoding (MS949 actually) to copy filtered resources, i.e. build is platform dependent!
2025-09-30 11:21:20,990 [Worker-562: Building] INFO  o.e.m.c.i.embedder.EclipseLogger - Copying 0 resource
2025-09-30 11:21:24,120 [Worker-562: Building] WARN  o.e.m.c.i.embedder.EclipseLogger - Using platform encoding (MS949 actually) to copy filtered resources, i.e. build is platform dependent!
2025-09-30 11:21:24,121 [Worker-562: Building] INFO  o.e.m.c.i.embedder.EclipseLogger - Copying 0 resource
2025-09-30 11:21:24,121 [Worker-562: Building] WARN  o.e.m.c.i.embedder.EclipseLogger - Using platform encoding (MS949 actually) to copy filtered resources, i.e. build is platform dependent!
2025-09-30 11:21:24,122 [Worker-562: Building] INFO  o.e.m.c.i.embedder.EclipseLogger - Copying 0 resource
2025-09-30 11:21:42,821 [Worker-554: Building] WARN  o.e.m.c.i.embedder.EclipseLogger - Using platform encoding (MS949 actually) to copy filtered resources, i.e. build is platform dependent!
2025-09-30 11:21:42,821 [Worker-554: Building] INFO  o.e.m.c.i.embedder.EclipseLogger - Copying 0 resource
2025-09-30 11:21:42,822 [Worker-554: Building] WARN  o.e.m.c.i.embedder.EclipseLogger - Using platform encoding (MS949 actually) to copy filtered resources, i.e. build is platform dependent!
2025-09-30 11:21:42,822 [Worker-554: Building] INFO  o.e.m.c.i.embedder.EclipseLogger - Copying 0 resource
2025-09-30 11:21:49,076 [Worker-561: Building] WARN  o.e.m.c.i.embedder.EclipseLogger - Using platform encoding (MS949 actually) to copy filtered resources, i.e. build is platform dependent!
2025-09-30 11:21:49,077 [Worker-561: Building] INFO  o.e.m.c.i.embedder.EclipseLogger - Copying 0 resource
2025-09-30 11:21:49,077 [Worker-561: Building] WARN  o.e.m.c.i.embedder.EclipseLogger - Using platform encoding (MS949 actually) to copy filtered resources, i.e. build is platform dependent!
2025-09-30 11:21:49,077 [Worker-561: Building] INFO  o.e.m.c.i.embedder.EclipseLogger - Copying 0 resource
2025-09-30 11:22:22,035 [Worker-559: Building] WARN  o.e.m.c.i.embedder.EclipseLogger - Using platform encoding (MS949 actually) to copy filtered resources, i.e. build is platform dependent!
2025-09-30 11:22:22,036 [Worker-559: Building] INFO  o.e.m.c.i.embedder.EclipseLogger - Copying 0 resource
2025-09-30 11:22:22,037 [Worker-559: Building] WARN  o.e.m.c.i.embedder.EclipseLogger - Using platform encoding (MS949 actually) to copy filtered resources, i.e. build is platform dependent!
2025-09-30 11:22:22,037 [Worker-559: Building] INFO  o.e.m.c.i.embedder.EclipseLogger - Copying 0 resource
2025-09-30 11:22:30,343 [Worker-554: Building] WARN  o.e.m.c.i.embedder.EclipseLogger - Using platform encoding (MS949 actually) to copy filtered resources, i.e. build is platform dependent!
2025-09-30 11:22:30,344 [Worker-554: Building] INFO  o.e.m.c.i.embedder.EclipseLogger - Copying 0 resource
2025-09-30 11:22:30,344 [Worker-554: Building] WARN  o.e.m.c.i.embedder.EclipseLogger - Using platform encoding (MS949 actually) to copy filtered resources, i.e. build is platform dependent!
2025-09-30 11:22:30,345 [Worker-554: Building] INFO  o.e.m.c.i.embedder.EclipseLogger - Copying 0 resource
2025-09-30 11:23:00,323 [Worker-555: Building] WARN  o.e.m.c.i.embedder.EclipseLogger - Using platform encoding (MS949 actually) to copy filtered resources, i.e. build is platform dependent!
2025-09-30 11:23:00,324 [Worker-555: Building] INFO  o.e.m.c.i.embedder.EclipseLogger - Copying 0 resource
2025-09-30 11:23:00,324 [Worker-555: Building] WARN  o.e.m.c.i.embedder.EclipseLogger - Using platform encoding (MS949 actually) to copy filtered resources, i.e. build is platform dependent!
2025-09-30 11:23:00,324 [Worker-555: Building] INFO  o.e.m.c.i.embedder.EclipseLogger - Copying 0 resource
2025-09-30 11:23:21,876 [Worker-563: Building] WARN  o.e.m.c.i.embedder.EclipseLogger - Using platform encoding (MS949 actually) to copy filtered resources, i.e. build is platform dependent!
2025-09-30 11:23:21,876 [Worker-563: Building] INFO  o.e.m.c.i.embedder.EclipseLogger - Copying 0 resource
2025-09-30 11:23:21,877 [Worker-563: Building] WARN  o.e.m.c.i.embedder.EclipseLogger - Using platform encoding (MS949 actually) to copy filtered resources, i.e. build is platform dependent!
2025-09-30 11:23:21,877 [Worker-563: Building] INFO  o.e.m.c.i.embedder.EclipseLogger - Copying 0 resource
2025-09-30 11:23:26,142 [Worker-557: Building] WARN  o.e.m.c.i.embedder.EclipseLogger - Using platform encoding (MS949 actually) to copy filtered resources, i.e. build is platform dependent!
2025-09-30 11:23:26,142 [Worker-557: Building] INFO  o.e.m.c.i.embedder.EclipseLogger - Copying 0 resource
2025-09-30 11:23:26,143 [Worker-557: Building] WARN  o.e.m.c.i.embedder.EclipseLogger - Using platform encoding (MS949 actually) to copy filtered resources, i.e. build is platform dependent!
2025-09-30 11:23:26,143 [Worker-557: Building] INFO  o.e.m.c.i.embedder.EclipseLogger - Copying 0 resource
2025-09-30 11:23:50,275 [Worker-559: Building] WARN  o.e.m.c.i.embedder.EclipseLogger - Using platform encoding (MS949 actually) to copy filtered resources, i.e. build is platform dependent!
2025-09-30 11:23:50,276 [Worker-559: Building] INFO  o.e.m.c.i.embedder.EclipseLogger - Copying 0 resource
2025-09-30 11:23:50,276 [Worker-559: Building] WARN  o.e.m.c.i.embedder.EclipseLogger - Using platform encoding (MS949 actually) to copy filtered resources, i.e. build is platform dependent!
2025-09-30 11:23:50,277 [Worker-559: Building] INFO  o.e.m.c.i.embedder.EclipseLogger - Copying 0 resource
2025-09-30 11:25:28,833 [Worker-557: Building] WARN  o.e.m.c.i.embedder.EclipseLogger - Using platform encoding (MS949 actually) to copy filtered resources, i.e. build is platform dependent!
2025-09-30 11:25:28,836 [Worker-557: Building] INFO  o.e.m.c.i.embedder.EclipseLogger - Copying 8 resources
2025-09-30 11:25:28,837 [Worker-557: Building] WARN  o.e.m.c.i.embedder.EclipseLogger - Using platform encoding (MS949 actually) to copy filtered resources, i.e. build is platform dependent!
2025-09-30 11:25:28,837 [Worker-557: Building] INFO  o.e.m.c.i.embedder.EclipseLogger - Copying 0 resource
2025-09-30 11:27:26,558 [Worker-557: Building] WARN  o.e.m.c.i.embedder.EclipseLogger - Using platform encoding (MS949 actually) to copy filtered resources, i.e. build is platform dependent!
2025-09-30 11:27:26,559 [Worker-557: Building] INFO  o.e.m.c.i.embedder.EclipseLogger - Copying 8 resources
2025-09-30 11:27:26,559 [Worker-557: Building] WARN  o.e.m.c.i.embedder.EclipseLogger - Using platform encoding (MS949 actually) to copy filtered resources, i.e. build is platform dependent!
2025-09-30 11:27:26,560 [Worker-557: Building] INFO  o.e.m.c.i.embedder.EclipseLogger - Copying 0 resource
2025-09-30 11:28:27,694 [Worker-562: Building] WARN  o.e.m.c.i.embedder.EclipseLogger - Using platform encoding (MS949 actually) to copy filtered resources, i.e. build is platform dependent!
2025-09-30 11:28:27,695 [Worker-562: Building] INFO  o.e.m.c.i.embedder.EclipseLogger - Copying 8 resources
2025-09-30 11:28:27,695 [Worker-562: Building] WARN  o.e.m.c.i.embedder.EclipseLogger - Using platform encoding (MS949 actually) to copy filtered resources, i.e. build is platform dependent!
2025-09-30 11:28:27,696 [Worker-562: Building] INFO  o.e.m.c.i.embedder.EclipseLogger - Copying 0 resource
2025-09-30 11:30:19,761 [Worker-565: Building] WARN  o.e.m.c.i.embedder.EclipseLogger - Using platform encoding (MS949 actually) to copy filtered resources, i.e. build is platform dependent!
2025-09-30 11:30:19,762 [Worker-565: Building] INFO  o.e.m.c.i.embedder.EclipseLogger - Copying 8 resources
2025-09-30 11:30:19,762 [Worker-565: Building] WARN  o.e.m.c.i.embedder.EclipseLogger - Using platform encoding (MS949 actually) to copy filtered resources, i.e. build is platform dependent!
2025-09-30 11:30:19,763 [Worker-565: Building] INFO  o.e.m.c.i.embedder.EclipseLogger - Copying 0 resource
2025-09-30 11:30:34,843 [Worker-569: Building] WARN  o.e.m.c.i.embedder.EclipseLogger - Using platform encoding (MS949 actually) to copy filtered resources, i.e. build is platform dependent!
2025-09-30 11:30:34,844 [Worker-569: Building] INFO  o.e.m.c.i.embedder.EclipseLogger - Copying 8 resources
2025-09-30 11:30:34,845 [Worker-569: Building] WARN  o.e.m.c.i.embedder.EclipseLogger - Using platform encoding (MS949 actually) to copy filtered resources, i.e. build is platform dependent!
2025-09-30 11:30:34,845 [Worker-569: Building] INFO  o.e.m.c.i.embedder.EclipseLogger - Copying 0 resource
2025-09-30 11:30:41,559 [Worker-569: Building] WARN  o.e.m.c.i.embedder.EclipseLogger - Using platform encoding (MS949 actually) to copy filtered resources, i.e. build is platform dependent!
2025-09-30 11:30:41,560 [Worker-569: Building] INFO  o.e.m.c.i.embedder.EclipseLogger - Copying 8 resources
2025-09-30 11:30:41,561 [Worker-569: Building] WARN  o.e.m.c.i.embedder.EclipseLogger - Using platform encoding (MS949 actually) to copy filtered resources, i.e. build is platform dependent!
2025-09-30 11:30:41,561 [Worker-569: Building] INFO  o.e.m.c.i.embedder.EclipseLogger - Copying 0 resource
2025-09-30 11:30:46,740 [Worker-568: Building] WARN  o.e.m.c.i.embedder.EclipseLogger - Using platform encoding (MS949 actually) to copy filtered resources, i.e. build is platform dependent!
2025-09-30 11:30:46,741 [Worker-568: Building] INFO  o.e.m.c.i.embedder.EclipseLogger - Copying 8 resources
2025-09-30 11:30:46,742 [Worker-568: Building] WARN  o.e.m.c.i.embedder.EclipseLogger - Using platform encoding (MS949 actually) to copy filtered resources, i.e. build is platform dependent!
2025-09-30 11:30:46,742 [Worker-568: Building] INFO  o.e.m.c.i.embedder.EclipseLogger - Copying 0 resource
2025-09-30 11:32:43,872 [Worker-565: Building] WARN  o.e.m.c.i.embedder.EclipseLogger - Using platform encoding (MS949 actually) to copy filtered resources, i.e. build is platform dependent!
2025-09-30 11:32:43,873 [Worker-565: Building] INFO  o.e.m.c.i.embedder.EclipseLogger - Copying 0 resource
2025-09-30 11:32:43,873 [Worker-565: Building] WARN  o.e.m.c.i.embedder.EclipseLogger - Using platform encoding (MS949 actually) to copy filtered resources, i.e. build is platform dependent!
2025-09-30 11:32:43,873 [Worker-565: Building] INFO  o.e.m.c.i.embedder.EclipseLogger - Copying 0 resource
2025-09-30 11:33:41,777 [Worker-570: Building] WARN  o.e.m.c.i.embedder.EclipseLogger - Using platform encoding (MS949 actually) to copy filtered resources, i.e. build is platform dependent!
2025-09-30 11:33:41,778 [Worker-570: Building] INFO  o.e.m.c.i.embedder.EclipseLogger - Copying 0 resource
2025-09-30 11:33:41,778 [Worker-570: Building] WARN  o.e.m.c.i.embedder.EclipseLogger - Using platform encoding (MS949 actually) to copy filtered resources, i.e. build is platform dependent!
2025-09-30 11:33:41,778 [Worker-570: Building] INFO  o.e.m.c.i.embedder.EclipseLogger - Copying 0 resource
2025-09-30 11:33:50,625 [Worker-571: Building] WARN  o.e.m.c.i.embedder.EclipseLogger - Using platform encoding (MS949 actually) to copy filtered resources, i.e. build is platform dependent!
2025-09-30 11:33:50,627 [Worker-571: Building] INFO  o.e.m.c.i.embedder.EclipseLogger - Copying 8 resources
2025-09-30 11:33:50,627 [Worker-571: Building] WARN  o.e.m.c.i.embedder.EclipseLogger - Using platform encoding (MS949 actually) to copy filtered resources, i.e. build is platform dependent!
2025-09-30 11:33:50,628 [Worker-571: Building] INFO  o.e.m.c.i.embedder.EclipseLogger - Copying 0 resource
2025-09-30 11:34:37,770 [Worker-573: Building] WARN  o.e.m.c.i.embedder.EclipseLogger - Using platform encoding (MS949 actually) to copy filtered resources, i.e. build is platform dependent!
2025-09-30 11:34:37,771 [Worker-573: Building] INFO  o.e.m.c.i.embedder.EclipseLogger - Copying 0 resource
2025-09-30 11:34:37,771 [Worker-573: Building] WARN  o.e.m.c.i.embedder.EclipseLogger - Using platform encoding (MS949 actually) to copy filtered resources, i.e. build is platform dependent!
2025-09-30 11:34:37,771 [Worker-573: Building] INFO  o.e.m.c.i.embedder.EclipseLogger - Copying 0 resource
2025-09-30 11:36:30,123 [Worker-575: Building] WARN  o.e.m.c.i.embedder.EclipseLogger - Using platform encoding (MS949 actually) to copy filtered resources, i.e. build is platform dependent!
2025-09-30 11:36:30,124 [Worker-575: Building] INFO  o.e.m.c.i.embedder.EclipseLogger - Copying 8 resources
2025-09-30 11:36:30,125 [Worker-575: Building] WARN  o.e.m.c.i.embedder.EclipseLogger - Using platform encoding (MS949 actually) to copy filtered resources, i.e. build is platform dependent!
2025-09-30 11:36:30,125 [Worker-575: Building] INFO  o.e.m.c.i.embedder.EclipseLogger - Copying 0 resource
2025-09-30 11:36:37,466 [Worker-575: Building] WARN  o.e.m.c.i.embedder.EclipseLogger - Using platform encoding (MS949 actually) to copy filtered resources, i.e. build is platform dependent!
2025-09-30 11:36:37,468 [Worker-575: Building] INFO  o.e.m.c.i.embedder.EclipseLogger - Copying 8 resources
2025-09-30 11:36:37,468 [Worker-575: Building] WARN  o.e.m.c.i.embedder.EclipseLogger - Using platform encoding (MS949 actually) to copy filtered resources, i.e. build is platform dependent!
2025-09-30 11:36:37,469 [Worker-575: Building] INFO  o.e.m.c.i.embedder.EclipseLogger - Copying 0 resource
2025-09-30 11:36:42,886 [Worker-574: Building] WARN  o.e.m.c.i.embedder.EclipseLogger - Using platform encoding (MS949 actually) to copy filtered resources, i.e. build is platform dependent!
2025-09-30 11:36:42,887 [Worker-574: Building] INFO  o.e.m.c.i.embedder.EclipseLogger - Copying 8 resources
2025-09-30 11:36:42,887 [Worker-574: Building] WARN  o.e.m.c.i.embedder.EclipseLogger - Using platform encoding (MS949 actually) to copy filtered resources, i.e. build is platform dependent!
2025-09-30 11:36:42,888 [Worker-574: Building] INFO  o.e.m.c.i.embedder.EclipseLogger - Copying 0 resource
2025-09-30 11:38:06,601 [Worker-573: Building] WARN  o.e.m.c.i.embedder.EclipseLogger - Using platform encoding (MS949 actually) to copy filtered resources, i.e. build is platform dependent!
2025-09-30 11:38:06,602 [Worker-573: Building] INFO  o.e.m.c.i.embedder.EclipseLogger - Copying 8 resources
2025-09-30 11:38:06,603 [Worker-573: Building] WARN  o.e.m.c.i.embedder.EclipseLogger - Using platform encoding (MS949 actually) to copy filtered resources, i.e. build is platform dependent!
2025-09-30 11:38:06,603 [Worker-573: Building] INFO  o.e.m.c.i.embedder.EclipseLogger - Copying 0 resource
2025-09-30 11:38:44,405 [Worker-575: Building] WARN  o.e.m.c.i.embedder.EclipseLogger - Using platform encoding (MS949 actually) to copy filtered resources, i.e. build is platform dependent!
2025-09-30 11:38:44,406 [Worker-575: Building] INFO  o.e.m.c.i.embedder.EclipseLogger - Copying 8 resources
2025-09-30 11:38:44,407 [Worker-575: Building] WARN  o.e.m.c.i.embedder.EclipseLogger - Using platform encoding (MS949 actually) to copy filtered resources, i.e. build is platform dependent!
2025-09-30 11:38:44,407 [Worker-575: Building] INFO  o.e.m.c.i.embedder.EclipseLogger - Copying 0 resource
2025-09-30 11:39:14,089 [Worker-574: Building] WARN  o.e.m.c.i.embedder.EclipseLogger - Using platform encoding (MS949 actually) to copy filtered resources, i.e. build is platform dependent!
2025-09-30 11:39:14,090 [Worker-574: Building] INFO  o.e.m.c.i.embedder.EclipseLogger - Copying 0 resource
2025-09-30 11:39:14,090 [Worker-574: Building] WARN  o.e.m.c.i.embedder.EclipseLogger - Using platform encoding (MS949 actually) to copy filtered resources, i.e. build is platform dependent!
2025-09-30 11:39:14,090 [Worker-574: Building] INFO  o.e.m.c.i.embedder.EclipseLogger - Copying 0 resource
2025-09-30 11:39:30,008 [Worker-575: Building] WARN  o.e.m.c.i.embedder.EclipseLogger - Using platform encoding (MS949 actually) to copy filtered resources, i.e. build is platform dependent!
2025-09-30 11:39:30,008 [Worker-575: Building] INFO  o.e.m.c.i.embedder.EclipseLogger - Copying 0 resource
2025-09-30 11:39:30,009 [Worker-575: Building] WARN  o.e.m.c.i.embedder.EclipseLogger - Using platform encoding (MS949 actually) to copy filtered resources, i.e. build is platform dependent!
2025-09-30 11:39:30,009 [Worker-575: Building] INFO  o.e.m.c.i.embedder.EclipseLogger - Copying 0 resource
2025-09-30 11:39:32,702 [Worker-574: Building] WARN  o.e.m.c.i.embedder.EclipseLogger - Using platform encoding (MS949 actually) to copy filtered resources, i.e. build is platform dependent!
2025-09-30 11:39:32,703 [Worker-574: Building] INFO  o.e.m.c.i.embedder.EclipseLogger - Copying 0 resource
2025-09-30 11:39:32,703 [Worker-574: Building] WARN  o.e.m.c.i.embedder.EclipseLogger - Using platform encoding (MS949 actually) to copy filtered resources, i.e. build is platform dependent!
2025-09-30 11:39:32,703 [Worker-574: Building] INFO  o.e.m.c.i.embedder.EclipseLogger - Copying 0 resource
2025-09-30 11:39:38,364 [Worker-575: Building] WARN  o.e.m.c.i.embedder.EclipseLogger - Using platform encoding (MS949 actually) to copy filtered resources, i.e. build is platform dependent!
2025-09-30 11:39:38,365 [Worker-575: Building] INFO  o.e.m.c.i.embedder.EclipseLogger - Copying 0 resource
2025-09-30 11:39:38,365 [Worker-575: Building] WARN  o.e.m.c.i.embedder.EclipseLogger - Using platform encoding (MS949 actually) to copy filtered resources, i.e. build is platform dependent!
2025-09-30 11:39:38,366 [Worker-575: Building] INFO  o.e.m.c.i.embedder.EclipseLogger - Copying 0 resource
2025-09-30 11:40:56,188 [Worker-577: Building] WARN  o.e.m.c.i.embedder.EclipseLogger - Using platform encoding (MS949 actually) to copy filtered resources, i.e. build is platform dependent!
2025-09-30 11:40:56,189 [Worker-577: Building] INFO  o.e.m.c.i.embedder.EclipseLogger - Copying 0 resource
2025-09-30 11:40:56,190 [Worker-577: Building] WARN  o.e.m.c.i.embedder.EclipseLogger - Using platform encoding (MS949 actually) to copy filtered resources, i.e. build is platform dependent!
2025-09-30 11:40:56,190 [Worker-577: Building] INFO  o.e.m.c.i.embedder.EclipseLogger - Copying 0 resource
2025-09-30 11:41:02,263 [Worker-577: Building] WARN  o.e.m.c.i.embedder.EclipseLogger - Using platform encoding (MS949 actually) to copy filtered resources, i.e. build is platform dependent!
2025-09-30 11:41:02,264 [Worker-577: Building] INFO  o.e.m.c.i.embedder.EclipseLogger - Copying 0 resource
2025-09-30 11:41:02,264 [Worker-577: Building] WARN  o.e.m.c.i.embedder.EclipseLogger - Using platform encoding (MS949 actually) to copy filtered resources, i.e. build is platform dependent!
2025-09-30 11:41:02,264 [Worker-577: Building] INFO  o.e.m.c.i.embedder.EclipseLogger - Copying 0 resource
2025-09-30 11:43:07,673 [Worker-580: Building] WARN  o.e.m.c.i.embedder.EclipseLogger - Using platform encoding (MS949 actually) to copy filtered resources, i.e. build is platform dependent!
2025-09-30 11:43:07,674 [Worker-580: Building] INFO  o.e.m.c.i.embedder.EclipseLogger - Copying 0 resource
2025-09-30 11:43:07,674 [Worker-580: Building] WARN  o.e.m.c.i.embedder.EclipseLogger - Using platform encoding (MS949 actually) to copy filtered resources, i.e. build is platform dependent!
2025-09-30 11:43:07,674 [Worker-580: Building] INFO  o.e.m.c.i.embedder.EclipseLogger - Copying 0 resource
2025-09-30 11:43:08,683 [Worker-575: Building] WARN  o.e.m.c.i.embedder.EclipseLogger - Using platform encoding (MS949 actually) to copy filtered resources, i.e. build is platform dependent!
2025-09-30 11:43:08,683 [Worker-575: Building] INFO  o.e.m.c.i.embedder.EclipseLogger - Copying 0 resource
2025-09-30 11:43:08,684 [Worker-575: Building] WARN  o.e.m.c.i.embedder.EclipseLogger - Using platform encoding (MS949 actually) to copy filtered resources, i.e. build is platform dependent!
2025-09-30 11:43:08,685 [Worker-575: Building] INFO  o.e.m.c.i.embedder.EclipseLogger - Copying 0 resource
2025-09-30 11:53:29,853 [Worker-583: Building] WARN  o.e.m.c.i.embedder.EclipseLogger - Using platform encoding (MS949 actually) to copy filtered resources, i.e. build is platform dependent!
2025-09-30 11:53:29,854 [Worker-583: Building] INFO  o.e.m.c.i.embedder.EclipseLogger - Copying 0 resource
2025-09-30 11:53:29,854 [Worker-583: Building] WARN  o.e.m.c.i.embedder.EclipseLogger - Using platform encoding (MS949 actually) to copy filtered resources, i.e. build is platform dependent!
2025-09-30 11:53:29,855 [Worker-583: Building] INFO  o.e.m.c.i.embedder.EclipseLogger - Copying 0 resource
2025-09-30 11:53:43,906 [Worker-585: Building] WARN  o.e.m.c.i.embedder.EclipseLogger - Using platform encoding (MS949 actually) to copy filtered resources, i.e. build is platform dependent!
2025-09-30 11:53:43,906 [Worker-585: Building] INFO  o.e.m.c.i.embedder.EclipseLogger - Copying 0 resource
2025-09-30 11:53:43,907 [Worker-585: Building] WARN  o.e.m.c.i.embedder.EclipseLogger - Using platform encoding (MS949 actually) to copy filtered resources, i.e. build is platform dependent!
2025-09-30 11:53:43,907 [Worker-585: Building] INFO  o.e.m.c.i.embedder.EclipseLogger - Copying 0 resource
2025-09-30 11:54:05,423 [Worker-586: Building] WARN  o.e.m.c.i.embedder.EclipseLogger - Using platform encoding (MS949 actually) to copy filtered resources, i.e. build is platform dependent!
2025-09-30 11:54:05,424 [Worker-586: Building] INFO  o.e.m.c.i.embedder.EclipseLogger - Copying 0 resource
2025-09-30 11:54:05,424 [Worker-586: Building] WARN  o.e.m.c.i.embedder.EclipseLogger - Using platform encoding (MS949 actually) to copy filtered resources, i.e. build is platform dependent!
2025-09-30 11:54:05,425 [Worker-586: Building] INFO  o.e.m.c.i.embedder.EclipseLogger - Copying 0 resource
2025-09-30 11:54:17,963 [Worker-584: Building] WARN  o.e.m.c.i.embedder.EclipseLogger - Using platform encoding (MS949 actually) to copy filtered resources, i.e. build is platform dependent!
2025-09-30 11:54:17,964 [Worker-584: Building] INFO  o.e.m.c.i.embedder.EclipseLogger - Copying 0 resource
2025-09-30 11:54:17,964 [Worker-584: Building] WARN  o.e.m.c.i.embedder.EclipseLogger - Using platform encoding (MS949 actually) to copy filtered resources, i.e. build is platform dependent!
2025-09-30 11:54:17,964 [Worker-584: Building] INFO  o.e.m.c.i.embedder.EclipseLogger - Copying 0 resource
2025-09-30 11:56:33,364 [Worker-587: Building] WARN  o.e.m.c.i.embedder.EclipseLogger - Using platform encoding (MS949 actually) to copy filtered resources, i.e. build is platform dependent!
2025-09-30 11:56:33,365 [Worker-587: Building] INFO  o.e.m.c.i.embedder.EclipseLogger - Copying 8 resources
2025-09-30 11:56:33,366 [Worker-587: Building] WARN  o.e.m.c.i.embedder.EclipseLogger - Using platform encoding (MS949 actually) to copy filtered resources, i.e. build is platform dependent!
2025-09-30 11:56:33,366 [Worker-587: Building] INFO  o.e.m.c.i.embedder.EclipseLogger - Copying 0 resource
2025-09-30 11:56:47,138 [Worker-588: Building] WARN  o.e.m.c.i.embedder.EclipseLogger - Using platform encoding (MS949 actually) to copy filtered resources, i.e. build is platform dependent!
2025-09-30 11:56:47,139 [Worker-588: Building] INFO  o.e.m.c.i.embedder.EclipseLogger - Copying 8 resources
2025-09-30 11:56:47,140 [Worker-588: Building] WARN  o.e.m.c.i.embedder.EclipseLogger - Using platform encoding (MS949 actually) to copy filtered resources, i.e. build is platform dependent!
2025-09-30 11:56:47,140 [Worker-588: Building] INFO  o.e.m.c.i.embedder.EclipseLogger - Copying 0 resource
2025-09-30 11:57:06,524 [Worker-586: Building] WARN  o.e.m.c.i.embedder.EclipseLogger - Using platform encoding (MS949 actually) to copy filtered resources, i.e. build is platform dependent!
2025-09-30 11:57:06,525 [Worker-586: Building] INFO  o.e.m.c.i.embedder.EclipseLogger - Copying 8 resources
2025-09-30 11:57:06,525 [Worker-586: Building] WARN  o.e.m.c.i.embedder.EclipseLogger - Using platform encoding (MS949 actually) to copy filtered resources, i.e. build is platform dependent!
2025-09-30 11:57:06,526 [Worker-586: Building] INFO  o.e.m.c.i.embedder.EclipseLogger - Copying 0 resource
2025-09-30 11:57:45,265 [Worker-584: Building] WARN  o.e.m.c.i.embedder.EclipseLogger - Using platform encoding (MS949 actually) to copy filtered resources, i.e. build is platform dependent!
2025-09-30 11:57:45,266 [Worker-584: Building] INFO  o.e.m.c.i.embedder.EclipseLogger - Copying 8 resources
2025-09-30 11:57:45,267 [Worker-584: Building] WARN  o.e.m.c.i.embedder.EclipseLogger - Using platform encoding (MS949 actually) to copy filtered resources, i.e. build is platform dependent!
2025-09-30 11:57:45,267 [Worker-584: Building] INFO  o.e.m.c.i.embedder.EclipseLogger - Copying 0 resource
2025-09-30 11:58:26,446 [Worker-584: Building] WARN  o.e.m.c.i.embedder.EclipseLogger - Using platform encoding (MS949 actually) to copy filtered resources, i.e. build is platform dependent!
2025-09-30 11:58:26,446 [Worker-584: Building] INFO  o.e.m.c.i.embedder.EclipseLogger - Copying 0 resource
2025-09-30 11:58:26,447 [Worker-584: Building] WARN  o.e.m.c.i.embedder.EclipseLogger - Using platform encoding (MS949 actually) to copy filtered resources, i.e. build is platform dependent!
2025-09-30 11:58:26,447 [Worker-584: Building] INFO  o.e.m.c.i.embedder.EclipseLogger - Copying 0 resource
2025-09-30 12:01:59,148 [Worker-592: Building] WARN  o.e.m.c.i.embedder.EclipseLogger - Using platform encoding (MS949 actually) to copy filtered resources, i.e. build is platform dependent!
2025-09-30 12:01:59,149 [Worker-592: Building] INFO  o.e.m.c.i.embedder.EclipseLogger - Copying 8 resources
2025-09-30 12:01:59,150 [Worker-592: Building] WARN  o.e.m.c.i.embedder.EclipseLogger - Using platform encoding (MS949 actually) to copy filtered resources, i.e. build is platform dependent!
2025-09-30 12:01:59,150 [Worker-592: Building] INFO  o.e.m.c.i.embedder.EclipseLogger - Copying 0 resource
2025-09-30 12:02:02,469 [Worker-592: Building] WARN  o.e.m.c.i.embedder.EclipseLogger - Using platform encoding (MS949 actually) to copy filtered resources, i.e. build is platform dependent!
2025-09-30 12:02:02,470 [Worker-592: Building] INFO  o.e.m.c.i.embedder.EclipseLogger - Copying 8 resources
2025-09-30 12:02:02,471 [Worker-592: Building] WARN  o.e.m.c.i.embedder.EclipseLogger - Using platform encoding (MS949 actually) to copy filtered resources, i.e. build is platform dependent!
2025-09-30 12:02:02,471 [Worker-592: Building] INFO  o.e.m.c.i.embedder.EclipseLogger - Copying 0 resource
2025-09-30 12:02:06,182 [Worker-588: Building] WARN  o.e.m.c.i.embedder.EclipseLogger - Using platform encoding (MS949 actually) to copy filtered resources, i.e. build is platform dependent!
2025-09-30 12:02:06,183 [Worker-588: Building] INFO  o.e.m.c.i.embedder.EclipseLogger - Copying 8 resources
2025-09-30 12:02:06,183 [Worker-588: Building] WARN  o.e.m.c.i.embedder.EclipseLogger - Using platform encoding (MS949 actually) to copy filtered resources, i.e. build is platform dependent!
2025-09-30 12:02:06,183 [Worker-588: Building] INFO  o.e.m.c.i.embedder.EclipseLogger - Copying 0 resource
2025-09-30 12:02:21,205 [Worker-591: Building] WARN  o.e.m.c.i.embedder.EclipseLogger - Using platform encoding (MS949 actually) to copy filtered resources, i.e. build is platform dependent!
2025-09-30 12:02:21,205 [Worker-591: Building] INFO  o.e.m.c.i.embedder.EclipseLogger - Copying 1 resource
2025-09-30 12:02:21,206 [Worker-591: Building] WARN  o.e.m.c.i.embedder.EclipseLogger - Using platform encoding (MS949 actually) to copy filtered resources, i.e. build is platform dependent!
2025-09-30 12:02:21,206 [Worker-591: Building] INFO  o.e.m.c.i.embedder.EclipseLogger - Copying 0 resource
2025-09-30 12:02:37,657 [Worker-592: Building] WARN  o.e.m.c.i.embedder.EclipseLogger - Using platform encoding (MS949 actually) to copy filtered resources, i.e. build is platform dependent!
2025-09-30 12:02:37,658 [Worker-592: Building] INFO  o.e.m.c.i.embedder.EclipseLogger - Copying 1 resource
2025-09-30 12:02:37,658 [Worker-592: Building] WARN  o.e.m.c.i.embedder.EclipseLogger - Using platform encoding (MS949 actually) to copy filtered resources, i.e. build is platform dependent!
2025-09-30 12:02:37,659 [Worker-592: Building] INFO  o.e.m.c.i.embedder.EclipseLogger - Copying 0 resource
2025-09-30 12:02:47,574 [Worker-591: Building] WARN  o.e.m.c.i.embedder.EclipseLogger - Using platform encoding (MS949 actually) to copy filtered resources, i.e. build is platform dependent!
2025-09-30 12:02:47,575 [Worker-591: Building] INFO  o.e.m.c.i.embedder.EclipseLogger - Copying 1 resource
2025-09-30 12:02:47,576 [Worker-591: Building] WARN  o.e.m.c.i.embedder.EclipseLogger - Using platform encoding (MS949 actually) to copy filtered resources, i.e. build is platform dependent!
2025-09-30 12:02:47,576 [Worker-591: Building] INFO  o.e.m.c.i.embedder.EclipseLogger - Copying 0 resource
2025-09-30 12:02:49,705 [Worker-588: Building] WARN  o.e.m.c.i.embedder.EclipseLogger - Using platform encoding (MS949 actually) to copy filtered resources, i.e. build is platform dependent!
2025-09-30 12:02:49,706 [Worker-588: Building] INFO  o.e.m.c.i.embedder.EclipseLogger - Copying 1 resource
2025-09-30 12:02:49,708 [Worker-588: Building] WARN  o.e.m.c.i.embedder.EclipseLogger - Using platform encoding (MS949 actually) to copy filtered resources, i.e. build is platform dependent!
2025-09-30 12:02:49,709 [Worker-588: Building] INFO  o.e.m.c.i.embedder.EclipseLogger - Copying 0 resource
2025-09-30 12:02:55,928 [Worker-594: Building] WARN  o.e.m.c.i.embedder.EclipseLogger - Using platform encoding (MS949 actually) to copy filtered resources, i.e. build is platform dependent!
2025-09-30 12:02:55,928 [Worker-594: Building] INFO  o.e.m.c.i.embedder.EclipseLogger - Copying 1 resource
2025-09-30 12:02:55,929 [Worker-594: Building] WARN  o.e.m.c.i.embedder.EclipseLogger - Using platform encoding (MS949 actually) to copy filtered resources, i.e. build is platform dependent!
2025-09-30 12:02:55,929 [Worker-594: Building] INFO  o.e.m.c.i.embedder.EclipseLogger - Copying 0 resource
2025-09-30 12:03:08,376 [Worker-588: Building] WARN  o.e.m.c.i.embedder.EclipseLogger - Using platform encoding (MS949 actually) to copy filtered resources, i.e. build is platform dependent!
2025-09-30 12:03:08,376 [Worker-588: Building] INFO  o.e.m.c.i.embedder.EclipseLogger - Copying 1 resource
2025-09-30 12:03:08,377 [Worker-588: Building] WARN  o.e.m.c.i.embedder.EclipseLogger - Using platform encoding (MS949 actually) to copy filtered resources, i.e. build is platform dependent!
2025-09-30 12:03:08,377 [Worker-588: Building] INFO  o.e.m.c.i.embedder.EclipseLogger - Copying 0 resource
2025-09-30 12:03:11,931 [Worker-588: Building] WARN  o.e.m.c.i.embedder.EclipseLogger - Using platform encoding (MS949 actually) to copy filtered resources, i.e. build is platform dependent!
2025-09-30 12:03:11,931 [Worker-588: Building] INFO  o.e.m.c.i.embedder.EclipseLogger - Copying 1 resource
2025-09-30 12:03:11,932 [Worker-588: Building] WARN  o.e.m.c.i.embedder.EclipseLogger - Using platform encoding (MS949 actually) to copy filtered resources, i.e. build is platform dependent!
2025-09-30 12:03:11,932 [Worker-588: Building] INFO  o.e.m.c.i.embedder.EclipseLogger - Copying 0 resource
2025-09-30 12:03:21,953 [Worker-593: Building] WARN  o.e.m.c.i.embedder.EclipseLogger - Using platform encoding (MS949 actually) to copy filtered resources, i.e. build is platform dependent!
2025-09-30 12:03:21,953 [Worker-593: Building] INFO  o.e.m.c.i.embedder.EclipseLogger - Copying 1 resource
2025-09-30 12:03:21,954 [Worker-593: Building] WARN  o.e.m.c.i.embedder.EclipseLogger - Using platform encoding (MS949 actually) to copy filtered resources, i.e. build is platform dependent!
2025-09-30 12:03:21,955 [Worker-593: Building] INFO  o.e.m.c.i.embedder.EclipseLogger - Copying 0 resource
2025-09-30 12:03:24,804 [Worker-592: Building] WARN  o.e.m.c.i.embedder.EclipseLogger - Using platform encoding (MS949 actually) to copy filtered resources, i.e. build is platform dependent!
2025-09-30 12:03:24,804 [Worker-592: Building] INFO  o.e.m.c.i.embedder.EclipseLogger - Copying 1 resource
2025-09-30 12:03:24,805 [Worker-592: Building] WARN  o.e.m.c.i.embedder.EclipseLogger - Using platform encoding (MS949 actually) to copy filtered resources, i.e. build is platform dependent!
2025-09-30 12:03:24,805 [Worker-592: Building] INFO  o.e.m.c.i.embedder.EclipseLogger - Copying 0 resource
2025-09-30 12:03:55,751 [Worker-591: Building] WARN  o.e.m.c.i.embedder.EclipseLogger - Using platform encoding (MS949 actually) to copy filtered resources, i.e. build is platform dependent!
2025-09-30 12:03:55,751 [Worker-591: Building] INFO  o.e.m.c.i.embedder.EclipseLogger - Copying 0 resource
2025-09-30 12:03:55,752 [Worker-591: Building] WARN  o.e.m.c.i.embedder.EclipseLogger - Using platform encoding (MS949 actually) to copy filtered resources, i.e. build is platform dependent!
2025-09-30 12:03:55,752 [Worker-591: Building] INFO  o.e.m.c.i.embedder.EclipseLogger - Copying 0 resource
2025-09-30 12:07:08,556 [Worker-592: Building] WARN  o.e.m.c.i.embedder.EclipseLogger - Using platform encoding (MS949 actually) to copy filtered resources, i.e. build is platform dependent!
2025-09-30 12:07:08,557 [Worker-592: Building] INFO  o.e.m.c.i.embedder.EclipseLogger - Copying 0 resource
2025-09-30 12:07:08,557 [Worker-592: Building] WARN  o.e.m.c.i.embedder.EclipseLogger - Using platform encoding (MS949 actually) to copy filtered resources, i.e. build is platform dependent!
2025-09-30 12:07:08,557 [Worker-592: Building] INFO  o.e.m.c.i.embedder.EclipseLogger - Copying 0 resource
2025-09-30 12:08:37,234 [Worker-596: Building] WARN  o.e.m.c.i.embedder.EclipseLogger - Using platform encoding (MS949 actually) to copy filtered resources, i.e. build is platform dependent!
2025-09-30 12:08:37,234 [Worker-596: Building] INFO  o.e.m.c.i.embedder.EclipseLogger - Copying 0 resource
2025-09-30 12:08:37,235 [Worker-596: Building] WARN  o.e.m.c.i.embedder.EclipseLogger - Using platform encoding (MS949 actually) to copy filtered resources, i.e. build is platform dependent!
2025-09-30 12:08:37,235 [Worker-596: Building] INFO  o.e.m.c.i.embedder.EclipseLogger - Copying 0 resource
2025-09-30 12:08:45,299 [Worker-598: Building] WARN  o.e.m.c.i.embedder.EclipseLogger - Using platform encoding (MS949 actually) to copy filtered resources, i.e. build is platform dependent!
2025-09-30 12:08:45,300 [Worker-598: Building] INFO  o.e.m.c.i.embedder.EclipseLogger - Copying 0 resource
2025-09-30 12:08:45,300 [Worker-598: Building] WARN  o.e.m.c.i.embedder.EclipseLogger - Using platform encoding (MS949 actually) to copy filtered resources, i.e. build is platform dependent!
2025-09-30 12:08:45,301 [Worker-598: Building] INFO  o.e.m.c.i.embedder.EclipseLogger - Copying 0 resource
2025-09-30 12:08:57,877 [Worker-597: Building] WARN  o.e.m.c.i.embedder.EclipseLogger - Using platform encoding (MS949 actually) to copy filtered resources, i.e. build is platform dependent!
2025-09-30 12:08:57,878 [Worker-597: Building] INFO  o.e.m.c.i.embedder.EclipseLogger - Copying 0 resource
2025-09-30 12:08:57,879 [Worker-597: Building] WARN  o.e.m.c.i.embedder.EclipseLogger - Using platform encoding (MS949 actually) to copy filtered resources, i.e. build is platform dependent!
2025-09-30 12:08:57,880 [Worker-597: Building] INFO  o.e.m.c.i.embedder.EclipseLogger - Copying 0 resource
2025-09-30 12:09:29,859 [Worker-596: Building] WARN  o.e.m.c.i.embedder.EclipseLogger - Using platform encoding (MS949 actually) to copy filtered resources, i.e. build is platform dependent!
2025-09-30 12:09:29,859 [Worker-596: Building] INFO  o.e.m.c.i.embedder.EclipseLogger - Copying 0 resource
2025-09-30 12:09:29,860 [Worker-596: Building] WARN  o.e.m.c.i.embedder.EclipseLogger - Using platform encoding (MS949 actually) to copy filtered resources, i.e. build is platform dependent!
2025-09-30 12:09:29,860 [Worker-596: Building] INFO  o.e.m.c.i.embedder.EclipseLogger - Copying 0 resource
2025-09-30 12:11:04,615 [Worker-598: Building] WARN  o.e.m.c.i.embedder.EclipseLogger - Using platform encoding (MS949 actually) to copy filtered resources, i.e. build is platform dependent!
2025-09-30 12:11:04,615 [Worker-598: Building] INFO  o.e.m.c.i.embedder.EclipseLogger - Copying 0 resource
2025-09-30 12:11:04,615 [Worker-598: Building] WARN  o.e.m.c.i.embedder.EclipseLogger - Using platform encoding (MS949 actually) to copy filtered resources, i.e. build is platform dependent!
2025-09-30 12:11:04,616 [Worker-598: Building] INFO  o.e.m.c.i.embedder.EclipseLogger - Copying 0 resource
2025-09-30 12:11:06,574 [Worker-598: Building] WARN  o.e.m.c.i.embedder.EclipseLogger - Using platform encoding (MS949 actually) to copy filtered resources, i.e. build is platform dependent!
2025-09-30 12:11:06,574 [Worker-598: Building] INFO  o.e.m.c.i.embedder.EclipseLogger - Copying 0 resource
2025-09-30 12:11:06,575 [Worker-598: Building] WARN  o.e.m.c.i.embedder.EclipseLogger - Using platform encoding (MS949 actually) to copy filtered resources, i.e. build is platform dependent!
2025-09-30 12:11:06,575 [Worker-598: Building] INFO  o.e.m.c.i.embedder.EclipseLogger - Copying 0 resource
2025-09-30 12:11:08,982 [Worker-602: Building] WARN  o.e.m.c.i.embedder.EclipseLogger - Using platform encoding (MS949 actually) to copy filtered resources, i.e. build is platform dependent!
2025-09-30 12:11:08,983 [Worker-602: Building] INFO  o.e.m.c.i.embedder.EclipseLogger - Copying 0 resource
2025-09-30 12:11:08,983 [Worker-602: Building] WARN  o.e.m.c.i.embedder.EclipseLogger - Using platform encoding (MS949 actually) to copy filtered resources, i.e. build is platform dependent!
2025-09-30 12:11:08,983 [Worker-602: Building] INFO  o.e.m.c.i.embedder.EclipseLogger - Copying 0 resource
2025-09-30 12:11:14,471 [Worker-598: Building] WARN  o.e.m.c.i.embedder.EclipseLogger - Using platform encoding (MS949 actually) to copy filtered resources, i.e. build is platform dependent!
2025-09-30 12:11:14,472 [Worker-598: Building] INFO  o.e.m.c.i.embedder.EclipseLogger - Copying 0 resource
2025-09-30 12:11:14,472 [Worker-598: Building] WARN  o.e.m.c.i.embedder.EclipseLogger - Using platform encoding (MS949 actually) to copy filtered resources, i.e. build is platform dependent!
2025-09-30 12:11:14,473 [Worker-598: Building] INFO  o.e.m.c.i.embedder.EclipseLogger - Copying 0 resource
2025-09-30 12:13:02,336 [Worker-598: Building] WARN  o.e.m.c.i.embedder.EclipseLogger - Using platform encoding (MS949 actually) to copy filtered resources, i.e. build is platform dependent!
2025-09-30 12:13:02,336 [Worker-598: Building] INFO  o.e.m.c.i.embedder.EclipseLogger - Copying 0 resource
2025-09-30 12:13:02,337 [Worker-598: Building] WARN  o.e.m.c.i.embedder.EclipseLogger - Using platform encoding (MS949 actually) to copy filtered resources, i.e. build is platform dependent!
2025-09-30 12:13:02,337 [Worker-598: Building] INFO  o.e.m.c.i.embedder.EclipseLogger - Copying 0 resource
2025-09-30 12:13:19,906 [Worker-601: Building] WARN  o.e.m.c.i.embedder.EclipseLogger - Using platform encoding (MS949 actually) to copy filtered resources, i.e. build is platform dependent!
2025-09-30 12:13:19,906 [Worker-601: Building] INFO  o.e.m.c.i.embedder.EclipseLogger - Copying 0 resource
2025-09-30 12:13:19,906 [Worker-601: Building] WARN  o.e.m.c.i.embedder.EclipseLogger - Using platform encoding (MS949 actually) to copy filtered resources, i.e. build is platform dependent!
2025-09-30 12:13:19,907 [Worker-601: Building] INFO  o.e.m.c.i.embedder.EclipseLogger - Copying 0 resource
2025-09-30 12:13:23,092 [Worker-596: Building] WARN  o.e.m.c.i.embedder.EclipseLogger - Using platform encoding (MS949 actually) to copy filtered resources, i.e. build is platform dependent!
2025-09-30 12:13:23,092 [Worker-596: Building] INFO  o.e.m.c.i.embedder.EclipseLogger - Copying 0 resource
2025-09-30 12:13:23,093 [Worker-596: Building] WARN  o.e.m.c.i.embedder.EclipseLogger - Using platform encoding (MS949 actually) to copy filtered resources, i.e. build is platform dependent!
2025-09-30 12:13:23,093 [Worker-596: Building] INFO  o.e.m.c.i.embedder.EclipseLogger - Copying 0 resource
2025-09-30 12:13:30,358 [Worker-596: Building] WARN  o.e.m.c.i.embedder.EclipseLogger - Using platform encoding (MS949 actually) to copy filtered resources, i.e. build is platform dependent!
2025-09-30 12:13:30,358 [Worker-596: Building] INFO  o.e.m.c.i.embedder.EclipseLogger - Copying 0 resource
2025-09-30 12:13:30,358 [Worker-596: Building] WARN  o.e.m.c.i.embedder.EclipseLogger - Using platform encoding (MS949 actually) to copy filtered resources, i.e. build is platform dependent!
2025-09-30 12:13:30,359 [Worker-596: Building] INFO  o.e.m.c.i.embedder.EclipseLogger - Copying 0 resource
2025-09-30 12:22:36,870 [Worker-605: Building] WARN  o.e.m.c.i.embedder.EclipseLogger - Using platform encoding (MS949 actually) to copy filtered resources, i.e. build is platform dependent!
2025-09-30 12:22:36,870 [Worker-605: Building] INFO  o.e.m.c.i.embedder.EclipseLogger - Copying 1 resource
2025-09-30 12:22:36,871 [Worker-605: Building] WARN  o.e.m.c.i.embedder.EclipseLogger - Using platform encoding (MS949 actually) to copy filtered resources, i.e. build is platform dependent!
2025-09-30 12:22:36,872 [Worker-605: Building] INFO  o.e.m.c.i.embedder.EclipseLogger - Copying 0 resource
2025-09-30 12:22:58,094 [Worker-605: Building] WARN  o.e.m.c.i.embedder.EclipseLogger - Using platform encoding (MS949 actually) to copy filtered resources, i.e. build is platform dependent!
2025-09-30 12:22:58,096 [Worker-605: Building] INFO  o.e.m.c.i.embedder.EclipseLogger - Copying 8 resources
2025-09-30 12:22:58,096 [Worker-605: Building] WARN  o.e.m.c.i.embedder.EclipseLogger - Using platform encoding (MS949 actually) to copy filtered resources, i.e. build is platform dependent!
2025-09-30 12:22:58,097 [Worker-605: Building] INFO  o.e.m.c.i.embedder.EclipseLogger - Copying 0 resource
2025-09-30 12:23:01,535 [Worker-607: Building] WARN  o.e.m.c.i.embedder.EclipseLogger - Using platform encoding (MS949 actually) to copy filtered resources, i.e. build is platform dependent!
2025-09-30 12:23:01,536 [Worker-607: Building] INFO  o.e.m.c.i.embedder.EclipseLogger - Copying 8 resources
2025-09-30 12:23:01,536 [Worker-607: Building] WARN  o.e.m.c.i.embedder.EclipseLogger - Using platform encoding (MS949 actually) to copy filtered resources, i.e. build is platform dependent!
2025-09-30 12:23:01,537 [Worker-607: Building] INFO  o.e.m.c.i.embedder.EclipseLogger - Copying 0 resource
2025-09-30 12:23:20,263 [Worker-605: Building] WARN  o.e.m.c.i.embedder.EclipseLogger - Using platform encoding (MS949 actually) to copy filtered resources, i.e. build is platform dependent!
2025-09-30 12:23:20,264 [Worker-605: Building] INFO  o.e.m.c.i.embedder.EclipseLogger - Copying 8 resources
2025-09-30 12:23:20,265 [Worker-605: Building] WARN  o.e.m.c.i.embedder.EclipseLogger - Using platform encoding (MS949 actually) to copy filtered resources, i.e. build is platform dependent!
2025-09-30 12:23:20,265 [Worker-605: Building] INFO  o.e.m.c.i.embedder.EclipseLogger - Copying 0 resource
2025-09-30 12:23:26,492 [Worker-605: Building] WARN  o.e.m.c.i.embedder.EclipseLogger - Using platform encoding (MS949 actually) to copy filtered resources, i.e. build is platform dependent!
2025-09-30 12:23:26,494 [Worker-605: Building] INFO  o.e.m.c.i.embedder.EclipseLogger - Copying 8 resources
2025-09-30 12:23:26,494 [Worker-605: Building] WARN  o.e.m.c.i.embedder.EclipseLogger - Using platform encoding (MS949 actually) to copy filtered resources, i.e. build is platform dependent!
2025-09-30 12:23:26,495 [Worker-605: Building] INFO  o.e.m.c.i.embedder.EclipseLogger - Copying 0 resource
2025-09-30 12:23:30,026 [Worker-607: Building] WARN  o.e.m.c.i.embedder.EclipseLogger - Using platform encoding (MS949 actually) to copy filtered resources, i.e. build is platform dependent!
2025-09-30 12:23:30,028 [Worker-607: Building] INFO  o.e.m.c.i.embedder.EclipseLogger - Copying 8 resources
2025-09-30 12:23:30,028 [Worker-607: Building] WARN  o.e.m.c.i.embedder.EclipseLogger - Using platform encoding (MS949 actually) to copy filtered resources, i.e. build is platform dependent!
2025-09-30 12:23:30,029 [Worker-607: Building] INFO  o.e.m.c.i.embedder.EclipseLogger - Copying 0 resource
2025-09-30 12:23:33,108 [Worker-609: Building] WARN  o.e.m.c.i.embedder.EclipseLogger - Using platform encoding (MS949 actually) to copy filtered resources, i.e. build is platform dependent!
2025-09-30 12:23:33,109 [Worker-609: Building] INFO  o.e.m.c.i.embedder.EclipseLogger - Copying 8 resources
2025-09-30 12:23:33,109 [Worker-609: Building] WARN  o.e.m.c.i.embedder.EclipseLogger - Using platform encoding (MS949 actually) to copy filtered resources, i.e. build is platform dependent!
2025-09-30 12:23:33,110 [Worker-609: Building] INFO  o.e.m.c.i.embedder.EclipseLogger - Copying 0 resource
2025-09-30 12:23:35,296 [Worker-608: Building] WARN  o.e.m.c.i.embedder.EclipseLogger - Using platform encoding (MS949 actually) to copy filtered resources, i.e. build is platform dependent!
2025-09-30 12:23:35,298 [Worker-608: Building] INFO  o.e.m.c.i.embedder.EclipseLogger - Copying 8 resources
2025-09-30 12:23:35,298 [Worker-608: Building] WARN  o.e.m.c.i.embedder.EclipseLogger - Using platform encoding (MS949 actually) to copy filtered resources, i.e. build is platform dependent!
2025-09-30 12:23:35,299 [Worker-608: Building] INFO  o.e.m.c.i.embedder.EclipseLogger - Copying 0 resource
2025-09-30 12:23:39,007 [Worker-605: Building] WARN  o.e.m.c.i.embedder.EclipseLogger - Using platform encoding (MS949 actually) to copy filtered resources, i.e. build is platform dependent!
2025-09-30 12:23:39,008 [Worker-605: Building] INFO  o.e.m.c.i.embedder.EclipseLogger - Copying 8 resources
2025-09-30 12:23:39,009 [Worker-605: Building] WARN  o.e.m.c.i.embedder.EclipseLogger - Using platform encoding (MS949 actually) to copy filtered resources, i.e. build is platform dependent!
2025-09-30 12:23:39,009 [Worker-605: Building] INFO  o.e.m.c.i.embedder.EclipseLogger - Copying 0 resource
2025-09-30 12:23:43,538 [Worker-607: Building] WARN  o.e.m.c.i.embedder.EclipseLogger - Using platform encoding (MS949 actually) to copy filtered resources, i.e. build is platform dependent!
2025-09-30 12:23:43,540 [Worker-607: Building] INFO  o.e.m.c.i.embedder.EclipseLogger - Copying 8 resources
2025-09-30 12:23:43,540 [Worker-607: Building] WARN  o.e.m.c.i.embedder.EclipseLogger - Using platform encoding (MS949 actually) to copy filtered resources, i.e. build is platform dependent!
2025-09-30 12:23:43,540 [Worker-607: Building] INFO  o.e.m.c.i.embedder.EclipseLogger - Copying 0 resource
2025-09-30 12:25:15,441 [Worker-608: Building] INFO  o.e.m.c.i.l.LifecycleMappingFactory - Using org.maven.ide.eclipse.wtp.WarLifecycleMapping lifecycle mapping for MavenProject: com.kh:member:1.0.0-BUILD-SNAPSHOT @ C:\12_Spring\work\Ex0930_db\pom.xml.
2025-09-30 12:25:15,504 [Worker-608: Building] ERROR o.e.m.c.i.p.ProjectConfigurationManager - Could not read maven project
org.eclipse.core.runtime.CoreException: Could not read maven project
	at org.eclipse.m2e.core.internal.project.registry.ProjectRegistryManager.readProjectWithDependencies(ProjectRegistryManager.java:850)
	at org.eclipse.m2e.core.internal.project.registry.ProjectRegistryManager.lambda$22(ProjectRegistryManager.java:1070)
	at com.google.common.cache.LocalCache$LocalManualCache$1.load(LocalCache.java:4878)
	at com.google.common.cache.LocalCache$LoadingValueReference.loadFuture(LocalCache.java:3529)
	at com.google.common.cache.LocalCache$Segment.loadSync(LocalCache.java:2278)
	at com.google.common.cache.LocalCache$Segment.lockedGetOrLoad(LocalCache.java:2155)
	at com.google.common.cache.LocalCache$Segment.get(LocalCache.java:2045)
	at com.google.common.cache.LocalCache.get(LocalCache.java:3953)
	at com.google.common.cache.LocalCache$LocalManualCache.get(LocalCache.java:4873)
	at org.eclipse.m2e.core.internal.project.registry.ProjectRegistryManager.getMavenProject(ProjectRegistryManager.java:1069)
	at org.eclipse.m2e.core.internal.project.registry.MavenProjectFacade.getMavenProject(MavenProjectFacade.java:251)
	at org.eclipse.m2e.wtp.jaxrs.internal.configurators.JaxRsProjectConfigurator.mavenProjectChanged(JaxRsProjectConfigurator.java:175)
	at org.eclipse.m2e.core.internal.project.ProjectConfigurationManager.mavenProjectChanged(ProjectConfigurationManager.java:1040)
	at org.eclipse.m2e.core.internal.project.registry.ProjectRegistryManager.notifyProjectChangeListeners(ProjectRegistryManager.java:824)
	at org.eclipse.m2e.core.internal.project.registry.ProjectRegistryManager.applyMutableProjectRegistry(ProjectRegistryManager.java:991)
	at org.eclipse.m2e.core.internal.project.registry.ProjectRegistryManager.refresh(ProjectRegistryManager.java:317)
	at org.eclipse.m2e.core.internal.builder.MavenBuilder$BuildMethod.getProjectFacade(MavenBuilder.java:151)
	at org.eclipse.m2e.core.internal.builder.MavenBuilder$BuildMethod.lambda$0(MavenBuilder.java:89)
	at org.eclipse.m2e.core.internal.embedder.MavenExecutionContext.executeBare(MavenExecutionContext.java:179)
	at org.eclipse.m2e.core.internal.embedder.MavenExecutionContext.execute(MavenExecutionContext.java:153)
	at org.eclipse.m2e.core.internal.embedder.MavenExecutionContext.execute(MavenExecutionContext.java:101)
	at org.eclipse.m2e.core.internal.builder.MavenBuilder$BuildMethod.execute(MavenBuilder.java:88)
	at org.eclipse.m2e.core.internal.builder.MavenBuilder.build(MavenBuilder.java:197)
	at org.eclipse.core.internal.events.BuildManager$2.run(BuildManager.java:846)
	at org.eclipse.core.runtime.SafeRunner.run(SafeRunner.java:45)
	at org.eclipse.core.internal.events.BuildManager.basicBuild(BuildManager.java:229)
	at org.eclipse.core.internal.events.BuildManager.basicBuild(BuildManager.java:277)
	at org.eclipse.core.internal.events.BuildManager$1.run(BuildManager.java:330)
	at org.eclipse.core.runtime.SafeRunner.run(SafeRunner.java:45)
	at org.eclipse.core.internal.events.BuildManager.basicBuild(BuildManager.java:333)
	at org.eclipse.core.internal.events.BuildManager.basicBuildLoop(BuildManager.java:385)
	at org.eclipse.core.internal.events.BuildManager.build(BuildManager.java:406)
	at org.eclipse.core.internal.events.AutoBuildJob.doBuild(AutoBuildJob.java:154)
	at org.eclipse.core.internal.events.AutoBuildJob.run(AutoBuildJob.java:244)
	at org.eclipse.core.internal.jobs.Worker.run(Worker.java:63)
2025-09-30 12:25:15,598 [Worker-608: Building] INFO  o.e.m.w.i.f.ResourceFilteringBuildParticipant - Changed resources require a complete clean of filtered resources of Ex0930_db
2025-09-30 12:25:15,598 [Worker-608: Building] INFO  o.e.m.w.i.f.ResourceFilteringBuildParticipant - Executing resource filtering for Ex0930_db
2025-09-30 12:25:37,627 [Worker-605: reload maven project] ERROR o.e.m2e.editor.pom.MavenPomEditor - failed to load maven project for org.eclipse.ui.part.FileEditorInput(/Ex0930_db/pom.xml)
org.eclipse.core.runtime.CoreException: Could not read maven project
	at org.eclipse.m2e.core.internal.project.registry.ProjectRegistryManager.readProjectWithDependencies(ProjectRegistryManager.java:850)
	at org.eclipse.m2e.core.internal.project.registry.ProjectRegistryManager.lambda$22(ProjectRegistryManager.java:1070)
	at com.google.common.cache.LocalCache$LocalManualCache$1.load(LocalCache.java:4878)
	at com.google.common.cache.LocalCache$LoadingValueReference.loadFuture(LocalCache.java:3529)
	at com.google.common.cache.LocalCache$Segment.loadSync(LocalCache.java:2278)
	at com.google.common.cache.LocalCache$Segment.lockedGetOrLoad(LocalCache.java:2155)
	at com.google.common.cache.LocalCache$Segment.get(LocalCache.java:2045)
	at com.google.common.cache.LocalCache.get(LocalCache.java:3953)
	at com.google.common.cache.LocalCache$LocalManualCache.get(LocalCache.java:4873)
	at org.eclipse.m2e.core.internal.project.registry.ProjectRegistryManager.getMavenProject(ProjectRegistryManager.java:1069)
	at org.eclipse.m2e.core.internal.project.registry.MavenProjectFacade.getMavenProject(MavenProjectFacade.java:251)
	at org.eclipse.m2e.core.ui.internal.actions.SelectionUtil.getMavenProject(SelectionUtil.java:260)
	at org.eclipse.m2e.editor.pom.MavenPomEditor.readMavenProject(MavenPomEditor.java:632)
	at org.eclipse.m2e.editor.pom.MavenPomEditor$3.run(MavenPomEditor.java:936)
	at org.eclipse.core.internal.jobs.Worker.run(Worker.java:63)
2025-09-30 12:25:37,796 [Worker-609: Building] INFO  o.e.m.c.i.l.LifecycleMappingFactory - Using org.maven.ide.eclipse.wtp.WarLifecycleMapping lifecycle mapping for MavenProject: com.kh:member:1.0.0-BUILD-SNAPSHOT @ C:\12_Spring\work\Ex0930_db\pom.xml.
2025-09-30 12:25:37,822 [Worker-609: Building] ERROR o.e.m.c.i.p.ProjectConfigurationManager - Could not read maven project
org.eclipse.core.runtime.CoreException: Could not read maven project
	at org.eclipse.m2e.core.internal.project.registry.ProjectRegistryManager.readProjectWithDependencies(ProjectRegistryManager.java:850)
	at org.eclipse.m2e.core.internal.project.registry.ProjectRegistryManager.lambda$22(ProjectRegistryManager.java:1070)
	at com.google.common.cache.LocalCache$LocalManualCache$1.load(LocalCache.java:4878)
	at com.google.common.cache.LocalCache$LoadingValueReference.loadFuture(LocalCache.java:3529)
	at com.google.common.cache.LocalCache$Segment.loadSync(LocalCache.java:2278)
	at com.google.common.cache.LocalCache$Segment.lockedGetOrLoad(LocalCache.java:2155)
	at com.google.common.cache.LocalCache$Segment.get(LocalCache.java:2045)
	at com.google.common.cache.LocalCache.get(LocalCache.java:3953)
	at com.google.common.cache.LocalCache$LocalManualCache.get(LocalCache.java:4873)
	at org.eclipse.m2e.core.internal.project.registry.ProjectRegistryManager.getMavenProject(ProjectRegistryManager.java:1069)
	at org.eclipse.m2e.core.internal.project.registry.MavenProjectFacade.getMavenProject(MavenProjectFacade.java:251)
	at org.eclipse.m2e.wtp.jaxrs.internal.configurators.JaxRsProjectConfigurator.mavenProjectChanged(JaxRsProjectConfigurator.java:175)
	at org.eclipse.m2e.core.internal.project.ProjectConfigurationManager.mavenProjectChanged(ProjectConfigurationManager.java:1040)
	at org.eclipse.m2e.core.internal.project.registry.ProjectRegistryManager.notifyProjectChangeListeners(ProjectRegistryManager.java:824)
	at org.eclipse.m2e.core.internal.project.registry.ProjectRegistryManager.applyMutableProjectRegistry(ProjectRegistryManager.java:991)
	at org.eclipse.m2e.core.internal.project.registry.ProjectRegistryManager.refresh(ProjectRegistryManager.java:317)
	at org.eclipse.m2e.core.internal.builder.MavenBuilder$BuildMethod.getProjectFacade(MavenBuilder.java:151)
	at org.eclipse.m2e.core.internal.builder.MavenBuilder$BuildMethod.lambda$0(MavenBuilder.java:89)
	at org.eclipse.m2e.core.internal.embedder.MavenExecutionContext.executeBare(MavenExecutionContext.java:179)
	at org.eclipse.m2e.core.internal.embedder.MavenExecutionContext.execute(MavenExecutionContext.java:153)
	at org.eclipse.m2e.core.internal.embedder.MavenExecutionContext.execute(MavenExecutionContext.java:101)
	at org.eclipse.m2e.core.internal.builder.MavenBuilder$BuildMethod.execute(MavenBuilder.java:88)
	at org.eclipse.m2e.core.internal.builder.MavenBuilder.build(MavenBuilder.java:197)
	at org.eclipse.core.internal.events.BuildManager$2.run(BuildManager.java:846)
	at org.eclipse.core.runtime.SafeRunner.run(SafeRunner.java:45)
	at org.eclipse.core.internal.events.BuildManager.basicBuild(BuildManager.java:229)
	at org.eclipse.core.internal.events.BuildManager.basicBuild(BuildManager.java:277)
	at org.eclipse.core.internal.events.BuildManager$1.run(BuildManager.java:330)
	at org.eclipse.core.runtime.SafeRunner.run(SafeRunner.java:45)
	at org.eclipse.core.internal.events.BuildManager.basicBuild(BuildManager.java:333)
	at org.eclipse.core.internal.events.BuildManager.basicBuildLoop(BuildManager.java:385)
	at org.eclipse.core.internal.events.BuildManager.build(BuildManager.java:406)
	at org.eclipse.core.internal.events.AutoBuildJob.doBuild(AutoBuildJob.java:154)
	at org.eclipse.core.internal.events.AutoBuildJob.run(AutoBuildJob.java:244)
	at org.eclipse.core.internal.jobs.Worker.run(Worker.java:63)
2025-09-30 12:25:37,952 [Worker-609: Building] INFO  o.e.m.w.i.f.ResourceFilteringBuildParticipant - Changed resources require a complete clean of filtered resources of Ex0930_db
2025-09-30 12:25:37,952 [Worker-609: Building] INFO  o.e.m.w.i.f.ResourceFilteringBuildParticipant - Executing resource filtering for Ex0930_db
2025-09-30 12:25:54,372 [Worker-608: Building] INFO  o.e.m.c.i.l.LifecycleMappingFactory - Using org.maven.ide.eclipse.wtp.WarLifecycleMapping lifecycle mapping for MavenProject: com.kh:member:1.0.0-BUILD-SNAPSHOT @ C:\12_Spring\work\Ex0930_db\pom.xml.
2025-09-30 12:25:55,442 [Worker-608: Building] INFO  o.e.m.c.i.e.AbstractTransferListenerAdapter - Downloaded https://repo.maven.apache.org/maven2/org/springframework/security/spring-security-web/4.0.0.RELEASE/spring-security-web-4.0.0.RELEASE.pom
2025-09-30 12:25:55,474 [Worker-609: reload maven project] INFO  o.e.m.c.i.e.AbstractTransferListenerAdapter - Downloaded https://repo.maven.apache.org/maven2/org/springframework/security/spring-security-web/4.0.0.RELEASE/spring-security-web-4.0.0.RELEASE.pom
2025-09-30 12:25:55,732 [Worker-608: Building] INFO  o.e.m.c.i.e.AbstractTransferListenerAdapter - Downloaded https://repo.maven.apache.org/maven2/org/springframework/security/spring-security-core/4.0.0.RELEASE/spring-security-core-4.0.0.RELEASE.pom
2025-09-30 12:25:55,783 [Worker-609: reload maven project] INFO  o.e.m.c.i.e.AbstractTransferListenerAdapter - Downloaded https://repo.maven.apache.org/maven2/org/springframework/security/spring-security-core/4.0.0.RELEASE/spring-security-core-4.0.0.RELEASE.pom
2025-09-30 12:25:56,070 [Worker-608: Building] INFO  o.e.m.c.i.e.AbstractTransferListenerAdapter - Downloaded https://repo.maven.apache.org/maven2/org/springframework/spring-aop/4.1.6.RELEASE/spring-aop-4.1.6.RELEASE.pom
2025-09-30 12:25:56,088 [Worker-609: reload maven project] INFO  o.e.m.c.i.e.AbstractTransferListenerAdapter - Downloaded https://repo.maven.apache.org/maven2/org/springframework/spring-aop/4.1.6.RELEASE/spring-aop-4.1.6.RELEASE.pom
2025-09-30 12:25:56,363 [Worker-608: Building] INFO  o.e.m.c.i.e.AbstractTransferListenerAdapter - Downloaded https://repo.maven.apache.org/maven2/org/springframework/spring-beans/4.1.6.RELEASE/spring-beans-4.1.6.RELEASE.pom
2025-09-30 12:25:56,393 [Worker-609: reload maven project] INFO  o.e.m.c.i.e.AbstractTransferListenerAdapter - Downloaded https://repo.maven.apache.org/maven2/org/springframework/spring-beans/4.1.6.RELEASE/spring-beans-4.1.6.RELEASE.pom
2025-09-30 12:25:56,701 [Worker-608: Building] INFO  o.e.m.c.i.e.AbstractTransferListenerAdapter - Downloaded https://repo.maven.apache.org/maven2/org/springframework/spring-core/4.1.6.RELEASE/spring-core-4.1.6.RELEASE.pom
2025-09-30 12:25:56,731 [Worker-609: reload maven project] INFO  o.e.m.c.i.e.AbstractTransferListenerAdapter - Downloaded https://repo.maven.apache.org/maven2/org/springframework/spring-core/4.1.6.RELEASE/spring-core-4.1.6.RELEASE.pom
2025-09-30 12:25:56,994 [Worker-608: Building] INFO  o.e.m.c.i.e.AbstractTransferListenerAdapter - Downloaded https://repo.maven.apache.org/maven2/commons-logging/commons-logging/1.2/commons-logging-1.2.pom
2025-09-30 12:25:57,063 [Worker-609: reload maven project] INFO  o.e.m.c.i.e.AbstractTransferListenerAdapter - Downloaded https://repo.maven.apache.org/maven2/commons-logging/commons-logging/1.2/commons-logging-1.2.pom
2025-09-30 12:25:57,308 [Worker-608: Building] INFO  o.e.m.c.i.e.AbstractTransferListenerAdapter - Downloaded https://repo.maven.apache.org/maven2/org/apache/commons/commons-parent/34/commons-parent-34.pom
2025-09-30 12:25:57,406 [Worker-609: reload maven project] INFO  o.e.m.c.i.e.AbstractTransferListenerAdapter - Downloaded https://repo.maven.apache.org/maven2/org/apache/commons/commons-parent/34/commons-parent-34.pom
2025-09-30 12:25:57,606 [Worker-608: Building] INFO  o.e.m.c.i.e.AbstractTransferListenerAdapter - Downloaded https://repo.maven.apache.org/maven2/org/springframework/spring-context/4.1.6.RELEASE/spring-context-4.1.6.RELEASE.pom
2025-09-30 12:25:57,723 [Worker-609: reload maven project] INFO  o.e.m.c.i.e.AbstractTransferListenerAdapter - Downloaded https://repo.maven.apache.org/maven2/org/springframework/spring-context/4.1.6.RELEASE/spring-context-4.1.6.RELEASE.pom
2025-09-30 12:25:57,907 [Worker-608: Building] INFO  o.e.m.c.i.e.AbstractTransferListenerAdapter - Downloaded https://repo.maven.apache.org/maven2/org/springframework/spring-expression/4.1.6.RELEASE/spring-expression-4.1.6.RELEASE.pom
2025-09-30 12:25:58,073 [Worker-609: reload maven project] INFO  o.e.m.c.i.e.AbstractTransferListenerAdapter - Downloaded https://repo.maven.apache.org/maven2/org/springframework/spring-expression/4.1.6.RELEASE/spring-expression-4.1.6.RELEASE.pom
2025-09-30 12:25:58,200 [Worker-608: Building] INFO  o.e.m.c.i.e.AbstractTransferListenerAdapter - Downloaded https://repo.maven.apache.org/maven2/org/springframework/spring-web/4.1.6.RELEASE/spring-web-4.1.6.RELEASE.pom
2025-09-30 12:25:58,240 [AetherRepositoryConnector-repo.maven.apache.org-10-1] INFO  o.e.m.c.i.e.AbstractTransferListenerAdapter - Downloading https://repo.maven.apache.org/maven2/org/springframework/security/spring-security-core/4.0.0.RELEASE/spring-security-core-4.0.0.RELEASE.jar
2025-09-30 12:25:58,244 [AetherRepositoryConnector-repo.maven.apache.org-10-0] INFO  o.e.m.c.i.e.AbstractTransferListenerAdapter - Downloading https://repo.maven.apache.org/maven2/org/springframework/security/spring-security-web/4.0.0.RELEASE/spring-security-web-4.0.0.RELEASE.jar
2025-09-30 12:25:58,407 [Worker-609: reload maven project] INFO  o.e.m.c.i.e.AbstractTransferListenerAdapter - Downloaded https://repo.maven.apache.org/maven2/org/springframework/spring-web/4.1.6.RELEASE/spring-web-4.1.6.RELEASE.pom
2025-09-30 12:25:58,449 [AetherRepositoryConnector-repo.maven.apache.org-11-1] INFO  o.e.m.c.i.e.AbstractTransferListenerAdapter - Downloading https://repo.maven.apache.org/maven2/org/springframework/security/spring-security-core/4.0.0.RELEASE/spring-security-core-4.0.0.RELEASE.jar
2025-09-30 12:25:58,471 [AetherRepositoryConnector-repo.maven.apache.org-11-0] INFO  o.e.m.c.i.e.AbstractTransferListenerAdapter - Downloading https://repo.maven.apache.org/maven2/org/springframework/security/spring-security-web/4.0.0.RELEASE/spring-security-web-4.0.0.RELEASE.jar
2025-09-30 12:25:58,506 [AetherRepositoryConnector-repo.maven.apache.org-10-1] INFO  o.e.m.c.i.e.AbstractTransferListenerAdapter - Downloaded https://repo.maven.apache.org/maven2/org/springframework/security/spring-security-core/4.0.0.RELEASE/spring-security-core-4.0.0.RELEASE.jar
2025-09-30 12:25:58,565 [AetherRepositoryConnector-repo.maven.apache.org-10-0] INFO  o.e.m.c.i.e.AbstractTransferListenerAdapter - Downloaded https://repo.maven.apache.org/maven2/org/springframework/security/spring-security-web/4.0.0.RELEASE/spring-security-web-4.0.0.RELEASE.jar
2025-09-30 12:25:58,748 [AetherRepositoryConnector-repo.maven.apache.org-11-1] INFO  o.e.m.c.i.e.AbstractTransferListenerAdapter - Downloaded https://repo.maven.apache.org/maven2/org/springframework/security/spring-security-core/4.0.0.RELEASE/spring-security-core-4.0.0.RELEASE.jar
2025-09-30 12:25:58,750 [AetherRepositoryConnector-repo.maven.apache.org-11-0] INFO  o.e.m.c.i.e.AbstractTransferListenerAdapter - Downloaded https://repo.maven.apache.org/maven2/org/springframework/security/spring-security-web/4.0.0.RELEASE/spring-security-web-4.0.0.RELEASE.jar
2025-09-30 12:25:58,999 [Worker-608: Building] WARN  o.e.m.c.i.embedder.EclipseLogger - Using platform encoding (MS949 actually) to copy filtered resources, i.e. build is platform dependent!
2025-09-30 12:25:58,999 [Worker-608: Building] INFO  o.e.m.c.i.embedder.EclipseLogger - Copying 0 resource
2025-09-30 12:25:59,000 [Worker-608: Building] WARN  o.e.m.c.i.embedder.EclipseLogger - Using platform encoding (MS949 actually) to copy filtered resources, i.e. build is platform dependent!
2025-09-30 12:25:59,000 [Worker-608: Building] INFO  o.e.m.c.i.embedder.EclipseLogger - Copying 0 resource
2025-09-30 12:25:59,000 [Worker-608: Building] INFO  o.e.m.w.i.f.ResourceFilteringBuildParticipant - Changed resources require a complete clean of filtered resources of Ex0930_db
2025-09-30 12:25:59,000 [Worker-608: Building] INFO  o.e.m.w.i.f.ResourceFilteringBuildParticipant - Executing resource filtering for Ex0930_db
2025-09-30 12:25:59,613 [Worker-608: Building] WARN  o.e.m.c.i.embedder.EclipseLogger - Using platform encoding (MS949 actually) to copy filtered resources, i.e. build is platform dependent!
2025-09-30 12:26:00,972 [Worker-605: Building] WARN  o.e.m.c.i.embedder.EclipseLogger - Using platform encoding (MS949 actually) to copy filtered resources, i.e. build is platform dependent!
2025-09-30 12:26:00,973 [Worker-605: Building] INFO  o.e.m.c.i.embedder.EclipseLogger - Copying 8 resources
2025-09-30 12:26:00,979 [Worker-605: Building] WARN  o.e.m.c.i.embedder.EclipseLogger - Using platform encoding (MS949 actually) to copy filtered resources, i.e. build is platform dependent!
2025-09-30 12:26:00,980 [Worker-605: Building] INFO  o.e.m.c.i.embedder.EclipseLogger - Copying 1 resource
2025-09-30 12:26:02,253 [Worker-606: Download sources and javadoc] INFO  o.e.m.c.i.e.AbstractTransferListenerAdapter - Downloading https://repo.maven.apache.org/maven2/org/springframework/security/spring-security-web/4.0.0.RELEASE/spring-security-web-4.0.0.RELEASE-sources.jar
2025-09-30 12:26:02,522 [Worker-606: Download sources and javadoc] INFO  o.e.m.c.i.e.AbstractTransferListenerAdapter - Downloaded https://repo.maven.apache.org/maven2/org/springframework/security/spring-security-web/4.0.0.RELEASE/spring-security-web-4.0.0.RELEASE-sources.jar
2025-09-30 12:26:02,585 [Worker-606: Download sources and javadoc] INFO  o.e.m.j.internal.DownloadSourcesJob - Downloaded sources for org.springframework.security:spring-security-web:4.0.0.RELEASE
2025-09-30 12:26:02,628 [Worker-606: Download sources and javadoc] INFO  o.e.m.c.i.e.AbstractTransferListenerAdapter - Downloading https://repo.maven.apache.org/maven2/org/springframework/security/spring-security-core/4.0.0.RELEASE/spring-security-core-4.0.0.RELEASE-sources.jar
2025-09-30 12:26:02,988 [Worker-606: Download sources and javadoc] INFO  o.e.m.c.i.e.AbstractTransferListenerAdapter - Downloaded https://repo.maven.apache.org/maven2/org/springframework/security/spring-security-core/4.0.0.RELEASE/spring-security-core-4.0.0.RELEASE-sources.jar
2025-09-30 12:26:03,053 [Worker-606: Download sources and javadoc] INFO  o.e.m.j.internal.DownloadSourcesJob - Downloaded sources for org.springframework.security:spring-security-core:4.0.0.RELEASE
2025-09-30 12:26:03,236 [Worker-605: Building] WARN  o.e.m.c.i.embedder.EclipseLogger - Using platform encoding (MS949 actually) to copy filtered resources, i.e. build is platform dependent!
2025-09-30 12:26:03,236 [Worker-605: Building] INFO  o.e.m.c.i.embedder.EclipseLogger - Copying 0 resource
2025-09-30 12:26:03,237 [Worker-605: Building] WARN  o.e.m.c.i.embedder.EclipseLogger - Using platform encoding (MS949 actually) to copy filtered resources, i.e. build is platform dependent!
2025-09-30 12:26:03,237 [Worker-605: Building] INFO  o.e.m.c.i.embedder.EclipseLogger - Copying 0 resource
2025-09-30 12:26:14,218 [Worker-609: Building] INFO  o.e.m.c.i.l.LifecycleMappingFactory - Using org.maven.ide.eclipse.wtp.WarLifecycleMapping lifecycle mapping for MavenProject: com.kh:member:1.0.0-BUILD-SNAPSHOT @ C:\12_Spring\work\Ex0930_db\pom.xml.
2025-09-30 12:26:14,324 [Worker-609: Building] WARN  o.e.m.c.i.embedder.EclipseLogger - Using platform encoding (MS949 actually) to copy filtered resources, i.e. build is platform dependent!
2025-09-30 12:26:14,325 [Worker-609: Building] INFO  o.e.m.c.i.embedder.EclipseLogger - Copying 0 resource
2025-09-30 12:26:14,325 [Worker-609: Building] WARN  o.e.m.c.i.embedder.EclipseLogger - Using platform encoding (MS949 actually) to copy filtered resources, i.e. build is platform dependent!
2025-09-30 12:26:14,325 [Worker-609: Building] INFO  o.e.m.c.i.embedder.EclipseLogger - Copying 0 resource
2025-09-30 12:26:14,325 [Worker-609: Building] INFO  o.e.m.w.i.f.ResourceFilteringBuildParticipant - Changed resources require a complete clean of filtered resources of Ex0930_db
2025-09-30 12:26:14,325 [Worker-609: Building] INFO  o.e.m.w.i.f.ResourceFilteringBuildParticipant - Executing resource filtering for Ex0930_db
2025-09-30 12:26:14,326 [Worker-609: Building] WARN  o.e.m.c.i.embedder.EclipseLogger - Using platform encoding (MS949 actually) to copy filtered resources, i.e. build is platform dependent!
2025-09-30 12:26:23,535 [Worker-609: Building] INFO  o.e.m.c.i.l.LifecycleMappingFactory - Using org.maven.ide.eclipse.wtp.WarLifecycleMapping lifecycle mapping for MavenProject: com.kh:member:1.0.0-BUILD-SNAPSHOT @ C:\12_Spring\work\Ex0930_db\pom.xml.
2025-09-30 12:26:23,653 [Worker-609: Building] WARN  o.e.m.c.i.embedder.EclipseLogger - Using platform encoding (MS949 actually) to copy filtered resources, i.e. build is platform dependent!
2025-09-30 12:26:23,654 [Worker-609: Building] INFO  o.e.m.c.i.embedder.EclipseLogger - Copying 0 resource
2025-09-30 12:26:23,654 [Worker-609: Building] WARN  o.e.m.c.i.embedder.EclipseLogger - Using platform encoding (MS949 actually) to copy filtered resources, i.e. build is platform dependent!
2025-09-30 12:26:23,654 [Worker-609: Building] INFO  o.e.m.c.i.embedder.EclipseLogger - Copying 0 resource
2025-09-30 12:26:23,654 [Worker-609: Building] INFO  o.e.m.w.i.f.ResourceFilteringBuildParticipant - Changed resources require a complete clean of filtered resources of Ex0930_db
2025-09-30 12:26:23,654 [Worker-609: Building] INFO  o.e.m.w.i.f.ResourceFilteringBuildParticipant - Executing resource filtering for Ex0930_db
2025-09-30 12:26:23,656 [Worker-609: Building] WARN  o.e.m.c.i.embedder.EclipseLogger - Using platform encoding (MS949 actually) to copy filtered resources, i.e. build is platform dependent!
2025-09-30 12:29:43,675 [Worker-610: Building] WARN  o.e.m.c.i.embedder.EclipseLogger - Using platform encoding (MS949 actually) to copy filtered resources, i.e. build is platform dependent!
2025-09-30 12:29:43,676 [Worker-610: Building] INFO  o.e.m.c.i.embedder.EclipseLogger - Copying 8 resources
2025-09-30 12:29:43,676 [Worker-610: Building] WARN  o.e.m.c.i.embedder.EclipseLogger - Using platform encoding (MS949 actually) to copy filtered resources, i.e. build is platform dependent!
2025-09-30 12:29:43,677 [Worker-610: Building] INFO  o.e.m.c.i.embedder.EclipseLogger - Copying 0 resource
2025-09-30 12:30:20,557 [Worker-611: Building] WARN  o.e.m.c.i.embedder.EclipseLogger - Using platform encoding (MS949 actually) to copy filtered resources, i.e. build is platform dependent!
2025-09-30 12:30:20,558 [Worker-611: Building] INFO  o.e.m.c.i.embedder.EclipseLogger - Copying 8 resources
2025-09-30 12:30:20,558 [Worker-611: Building] WARN  o.e.m.c.i.embedder.EclipseLogger - Using platform encoding (MS949 actually) to copy filtered resources, i.e. build is platform dependent!
2025-09-30 12:30:20,559 [Worker-611: Building] INFO  o.e.m.c.i.embedder.EclipseLogger - Copying 0 resource
2025-09-30 12:30:43,589 [Worker-611: Building] WARN  o.e.m.c.i.embedder.EclipseLogger - Using platform encoding (MS949 actually) to copy filtered resources, i.e. build is platform dependent!
2025-09-30 12:30:43,590 [Worker-611: Building] INFO  o.e.m.c.i.embedder.EclipseLogger - Copying 8 resources
2025-09-30 12:30:43,591 [Worker-611: Building] WARN  o.e.m.c.i.embedder.EclipseLogger - Using platform encoding (MS949 actually) to copy filtered resources, i.e. build is platform dependent!
2025-09-30 12:30:43,591 [Worker-611: Building] INFO  o.e.m.c.i.embedder.EclipseLogger - Copying 0 resource
2025-09-30 12:31:27,702 [Worker-612: Building] WARN  o.e.m.c.i.embedder.EclipseLogger - Using platform encoding (MS949 actually) to copy filtered resources, i.e. build is platform dependent!
2025-09-30 12:31:27,703 [Worker-612: Building] INFO  o.e.m.c.i.embedder.EclipseLogger - Copying 8 resources
2025-09-30 12:31:27,704 [Worker-612: Building] WARN  o.e.m.c.i.embedder.EclipseLogger - Using platform encoding (MS949 actually) to copy filtered resources, i.e. build is platform dependent!
2025-09-30 12:31:27,704 [Worker-612: Building] INFO  o.e.m.c.i.embedder.EclipseLogger - Copying 0 resource
2025-09-30 12:31:45,519 [Worker-613: Building] WARN  o.e.m.c.i.embedder.EclipseLogger - Using platform encoding (MS949 actually) to copy filtered resources, i.e. build is platform dependent!
2025-09-30 12:31:45,520 [Worker-613: Building] INFO  o.e.m.c.i.embedder.EclipseLogger - Copying 8 resources
2025-09-30 12:31:45,521 [Worker-613: Building] WARN  o.e.m.c.i.embedder.EclipseLogger - Using platform encoding (MS949 actually) to copy filtered resources, i.e. build is platform dependent!
2025-09-30 12:31:45,521 [Worker-613: Building] INFO  o.e.m.c.i.embedder.EclipseLogger - Copying 0 resource
2025-09-30 12:32:19,305 [Worker-612: Building] WARN  o.e.m.c.i.embedder.EclipseLogger - Using platform encoding (MS949 actually) to copy filtered resources, i.e. build is platform dependent!
2025-09-30 12:32:19,307 [Worker-612: Building] INFO  o.e.m.c.i.embedder.EclipseLogger - Copying 8 resources
2025-09-30 12:32:19,307 [Worker-612: Building] WARN  o.e.m.c.i.embedder.EclipseLogger - Using platform encoding (MS949 actually) to copy filtered resources, i.e. build is platform dependent!
2025-09-30 12:32:19,308 [Worker-612: Building] INFO  o.e.m.c.i.embedder.EclipseLogger - Copying 0 resource
2025-09-30 12:32:42,467 [Worker-613: Building] WARN  o.e.m.c.i.embedder.EclipseLogger - Using platform encoding (MS949 actually) to copy filtered resources, i.e. build is platform dependent!
2025-09-30 12:32:42,468 [Worker-613: Building] INFO  o.e.m.c.i.embedder.EclipseLogger - Copying 8 resources
2025-09-30 12:32:42,468 [Worker-613: Building] WARN  o.e.m.c.i.embedder.EclipseLogger - Using platform encoding (MS949 actually) to copy filtered resources, i.e. build is platform dependent!
2025-09-30 12:32:42,469 [Worker-613: Building] INFO  o.e.m.c.i.embedder.EclipseLogger - Copying 0 resource
2025-09-30 12:33:12,940 [Worker-609: Building] WARN  o.e.m.c.i.embedder.EclipseLogger - Using platform encoding (MS949 actually) to copy filtered resources, i.e. build is platform dependent!
2025-09-30 12:33:12,942 [Worker-609: Building] INFO  o.e.m.c.i.embedder.EclipseLogger - Copying 8 resources
2025-09-30 12:33:12,943 [Worker-609: Building] WARN  o.e.m.c.i.embedder.EclipseLogger - Using platform encoding (MS949 actually) to copy filtered resources, i.e. build is platform dependent!
2025-09-30 12:33:12,944 [Worker-609: Building] INFO  o.e.m.c.i.embedder.EclipseLogger - Copying 0 resource
2025-09-30 12:33:35,418 [Worker-613: Building] WARN  o.e.m.c.i.embedder.EclipseLogger - Using platform encoding (MS949 actually) to copy filtered resources, i.e. build is platform dependent!
2025-09-30 12:33:35,420 [Worker-613: Building] INFO  o.e.m.c.i.embedder.EclipseLogger - Copying 8 resources
2025-09-30 12:33:35,421 [Worker-613: Building] WARN  o.e.m.c.i.embedder.EclipseLogger - Using platform encoding (MS949 actually) to copy filtered resources, i.e. build is platform dependent!
2025-09-30 12:33:35,421 [Worker-613: Building] INFO  o.e.m.c.i.embedder.EclipseLogger - Copying 0 resource
2025-09-30 12:33:46,044 [Worker-613: Building] WARN  o.e.m.c.i.embedder.EclipseLogger - Using platform encoding (MS949 actually) to copy filtered resources, i.e. build is platform dependent!
2025-09-30 12:33:46,045 [Worker-613: Building] INFO  o.e.m.c.i.embedder.EclipseLogger - Copying 8 resources
2025-09-30 12:33:46,045 [Worker-613: Building] WARN  o.e.m.c.i.embedder.EclipseLogger - Using platform encoding (MS949 actually) to copy filtered resources, i.e. build is platform dependent!
2025-09-30 12:33:46,046 [Worker-613: Building] INFO  o.e.m.c.i.embedder.EclipseLogger - Copying 0 resource
2025-09-30 12:33:48,070 [Worker-611: Building] WARN  o.e.m.c.i.embedder.EclipseLogger - Using platform encoding (MS949 actually) to copy filtered resources, i.e. build is platform dependent!
2025-09-30 12:33:48,072 [Worker-611: Building] INFO  o.e.m.c.i.embedder.EclipseLogger - Copying 8 resources
2025-09-30 12:33:48,072 [Worker-611: Building] WARN  o.e.m.c.i.embedder.EclipseLogger - Using platform encoding (MS949 actually) to copy filtered resources, i.e. build is platform dependent!
2025-09-30 12:33:48,072 [Worker-611: Building] INFO  o.e.m.c.i.embedder.EclipseLogger - Copying 0 resource
2025-09-30 12:33:49,235 [Worker-613: Building] WARN  o.e.m.c.i.embedder.EclipseLogger - Using platform encoding (MS949 actually) to copy filtered resources, i.e. build is platform dependent!
2025-09-30 12:33:49,236 [Worker-613: Building] INFO  o.e.m.c.i.embedder.EclipseLogger - Copying 8 resources
2025-09-30 12:33:49,237 [Worker-613: Building] WARN  o.e.m.c.i.embedder.EclipseLogger - Using platform encoding (MS949 actually) to copy filtered resources, i.e. build is platform dependent!
2025-09-30 12:33:49,237 [Worker-613: Building] INFO  o.e.m.c.i.embedder.EclipseLogger - Copying 0 resource
2025-09-30 12:34:26,407 [Worker-609: Building] WARN  o.e.m.c.i.embedder.EclipseLogger - Using platform encoding (MS949 actually) to copy filtered resources, i.e. build is platform dependent!
2025-09-30 12:34:26,408 [Worker-609: Building] INFO  o.e.m.c.i.embedder.EclipseLogger - Copying 8 resources
2025-09-30 12:34:26,409 [Worker-609: Building] WARN  o.e.m.c.i.embedder.EclipseLogger - Using platform encoding (MS949 actually) to copy filtered resources, i.e. build is platform dependent!
2025-09-30 12:34:26,409 [Worker-609: Building] INFO  o.e.m.c.i.embedder.EclipseLogger - Copying 0 resource
2025-09-30 12:34:42,758 [Worker-614: Building] WARN  o.e.m.c.i.embedder.EclipseLogger - Using platform encoding (MS949 actually) to copy filtered resources, i.e. build is platform dependent!
2025-09-30 12:34:42,759 [Worker-614: Building] INFO  o.e.m.c.i.embedder.EclipseLogger - Copying 8 resources
2025-09-30 12:34:42,759 [Worker-614: Building] WARN  o.e.m.c.i.embedder.EclipseLogger - Using platform encoding (MS949 actually) to copy filtered resources, i.e. build is platform dependent!
2025-09-30 12:34:42,759 [Worker-614: Building] INFO  o.e.m.c.i.embedder.EclipseLogger - Copying 0 resource
2025-09-30 12:34:44,789 [Worker-610: Building] WARN  o.e.m.c.i.embedder.EclipseLogger - Using platform encoding (MS949 actually) to copy filtered resources, i.e. build is platform dependent!
2025-09-30 12:34:44,790 [Worker-610: Building] INFO  o.e.m.c.i.embedder.EclipseLogger - Copying 8 resources
2025-09-30 12:34:44,791 [Worker-610: Building] WARN  o.e.m.c.i.embedder.EclipseLogger - Using platform encoding (MS949 actually) to copy filtered resources, i.e. build is platform dependent!
2025-09-30 12:34:44,791 [Worker-610: Building] INFO  o.e.m.c.i.embedder.EclipseLogger - Copying 0 resource
2025-09-30 12:34:52,134 [Worker-609: Building] WARN  o.e.m.c.i.embedder.EclipseLogger - Using platform encoding (MS949 actually) to copy filtered resources, i.e. build is platform dependent!
2025-09-30 12:34:52,135 [Worker-609: Building] INFO  o.e.m.c.i.embedder.EclipseLogger - Copying 8 resources
2025-09-30 12:34:52,136 [Worker-609: Building] WARN  o.e.m.c.i.embedder.EclipseLogger - Using platform encoding (MS949 actually) to copy filtered resources, i.e. build is platform dependent!
2025-09-30 12:34:52,136 [Worker-609: Building] INFO  o.e.m.c.i.embedder.EclipseLogger - Copying 0 resource
2025-09-30 12:35:05,475 [Worker-612: Building] WARN  o.e.m.c.i.embedder.EclipseLogger - Using platform encoding (MS949 actually) to copy filtered resources, i.e. build is platform dependent!
2025-09-30 12:35:05,476 [Worker-612: Building] INFO  o.e.m.c.i.embedder.EclipseLogger - Copying 8 resources
2025-09-30 12:35:05,477 [Worker-612: Building] WARN  o.e.m.c.i.embedder.EclipseLogger - Using platform encoding (MS949 actually) to copy filtered resources, i.e. build is platform dependent!
2025-09-30 12:35:05,477 [Worker-612: Building] INFO  o.e.m.c.i.embedder.EclipseLogger - Copying 0 resource
2025-09-30 12:35:16,908 [Worker-610: Building] WARN  o.e.m.c.i.embedder.EclipseLogger - Using platform encoding (MS949 actually) to copy filtered resources, i.e. build is platform dependent!
2025-09-30 12:35:16,909 [Worker-610: Building] INFO  o.e.m.c.i.embedder.EclipseLogger - Copying 8 resources
2025-09-30 12:35:16,910 [Worker-610: Building] WARN  o.e.m.c.i.embedder.EclipseLogger - Using platform encoding (MS949 actually) to copy filtered resources, i.e. build is platform dependent!
2025-09-30 12:35:16,910 [Worker-610: Building] INFO  o.e.m.c.i.embedder.EclipseLogger - Copying 0 resource
2025-09-30 12:35:37,009 [Worker-613: Building] WARN  o.e.m.c.i.embedder.EclipseLogger - Using platform encoding (MS949 actually) to copy filtered resources, i.e. build is platform dependent!
2025-09-30 12:35:37,010 [Worker-613: Building] INFO  o.e.m.c.i.embedder.EclipseLogger - Copying 8 resources
2025-09-30 12:35:37,011 [Worker-613: Building] WARN  o.e.m.c.i.embedder.EclipseLogger - Using platform encoding (MS949 actually) to copy filtered resources, i.e. build is platform dependent!
2025-09-30 12:35:37,011 [Worker-613: Building] INFO  o.e.m.c.i.embedder.EclipseLogger - Copying 0 resource
2025-09-30 12:35:50,952 [Worker-613: Building] WARN  o.e.m.c.i.embedder.EclipseLogger - Using platform encoding (MS949 actually) to copy filtered resources, i.e. build is platform dependent!
2025-09-30 12:35:50,953 [Worker-613: Building] INFO  o.e.m.c.i.embedder.EclipseLogger - Copying 8 resources
2025-09-30 12:35:50,954 [Worker-613: Building] WARN  o.e.m.c.i.embedder.EclipseLogger - Using platform encoding (MS949 actually) to copy filtered resources, i.e. build is platform dependent!
2025-09-30 12:35:50,954 [Worker-613: Building] INFO  o.e.m.c.i.embedder.EclipseLogger - Copying 0 resource
2025-09-30 12:36:30,823 [Worker-614: Building] WARN  o.e.m.c.i.embedder.EclipseLogger - Using platform encoding (MS949 actually) to copy filtered resources, i.e. build is platform dependent!
2025-09-30 12:36:30,824 [Worker-614: Building] INFO  o.e.m.c.i.embedder.EclipseLogger - Copying 8 resources
2025-09-30 12:36:30,824 [Worker-614: Building] WARN  o.e.m.c.i.embedder.EclipseLogger - Using platform encoding (MS949 actually) to copy filtered resources, i.e. build is platform dependent!
2025-09-30 12:36:30,825 [Worker-614: Building] INFO  o.e.m.c.i.embedder.EclipseLogger - Copying 0 resource
2025-09-30 12:36:37,260 [Worker-613: Building] WARN  o.e.m.c.i.embedder.EclipseLogger - Using platform encoding (MS949 actually) to copy filtered resources, i.e. build is platform dependent!
2025-09-30 12:36:37,261 [Worker-613: Building] INFO  o.e.m.c.i.embedder.EclipseLogger - Copying 8 resources
2025-09-30 12:36:37,261 [Worker-613: Building] WARN  o.e.m.c.i.embedder.EclipseLogger - Using platform encoding (MS949 actually) to copy filtered resources, i.e. build is platform dependent!
2025-09-30 12:36:37,262 [Worker-613: Building] INFO  o.e.m.c.i.embedder.EclipseLogger - Copying 0 resource
2025-09-30 12:37:21,554 [Worker-613: Building] WARN  o.e.m.c.i.embedder.EclipseLogger - Using platform encoding (MS949 actually) to copy filtered resources, i.e. build is platform dependent!
2025-09-30 12:37:21,555 [Worker-613: Building] INFO  o.e.m.c.i.embedder.EclipseLogger - Copying 1 resource
2025-09-30 12:37:21,556 [Worker-613: Building] WARN  o.e.m.c.i.embedder.EclipseLogger - Using platform encoding (MS949 actually) to copy filtered resources, i.e. build is platform dependent!
2025-09-30 12:37:21,556 [Worker-613: Building] INFO  o.e.m.c.i.embedder.EclipseLogger - Copying 0 resource
2025-09-30 12:37:28,688 [Worker-612: Building] WARN  o.e.m.c.i.embedder.EclipseLogger - Using platform encoding (MS949 actually) to copy filtered resources, i.e. build is platform dependent!
2025-09-30 12:37:28,689 [Worker-612: Building] INFO  o.e.m.c.i.embedder.EclipseLogger - Copying 1 resource
2025-09-30 12:37:28,690 [Worker-612: Building] WARN  o.e.m.c.i.embedder.EclipseLogger - Using platform encoding (MS949 actually) to copy filtered resources, i.e. build is platform dependent!
2025-09-30 12:37:28,691 [Worker-612: Building] INFO  o.e.m.c.i.embedder.EclipseLogger - Copying 0 resource
2025-09-30 12:37:35,240 [Worker-611: Building] WARN  o.e.m.c.i.embedder.EclipseLogger - Using platform encoding (MS949 actually) to copy filtered resources, i.e. build is platform dependent!
2025-09-30 12:37:35,241 [Worker-611: Building] INFO  o.e.m.c.i.embedder.EclipseLogger - Copying 1 resource
2025-09-30 12:37:35,241 [Worker-611: Building] WARN  o.e.m.c.i.embedder.EclipseLogger - Using platform encoding (MS949 actually) to copy filtered resources, i.e. build is platform dependent!
2025-09-30 12:37:35,241 [Worker-611: Building] INFO  o.e.m.c.i.embedder.EclipseLogger - Copying 0 resource
2025-09-30 12:38:14,759 [Worker-615: Building] WARN  o.e.m.c.i.embedder.EclipseLogger - Using platform encoding (MS949 actually) to copy filtered resources, i.e. build is platform dependent!
2025-09-30 12:38:14,760 [Worker-615: Building] INFO  o.e.m.c.i.embedder.EclipseLogger - Copying 8 resources
2025-09-30 12:38:14,760 [Worker-615: Building] WARN  o.e.m.c.i.embedder.EclipseLogger - Using platform encoding (MS949 actually) to copy filtered resources, i.e. build is platform dependent!
2025-09-30 12:38:14,761 [Worker-615: Building] INFO  o.e.m.c.i.embedder.EclipseLogger - Copying 0 resource
2025-09-30 12:38:17,404 [Worker-614: Building] WARN  o.e.m.c.i.embedder.EclipseLogger - Using platform encoding (MS949 actually) to copy filtered resources, i.e. build is platform dependent!
2025-09-30 12:38:17,405 [Worker-614: Building] INFO  o.e.m.c.i.embedder.EclipseLogger - Copying 8 resources
2025-09-30 12:38:17,406 [Worker-614: Building] WARN  o.e.m.c.i.embedder.EclipseLogger - Using platform encoding (MS949 actually) to copy filtered resources, i.e. build is platform dependent!
2025-09-30 12:38:17,406 [Worker-614: Building] INFO  o.e.m.c.i.embedder.EclipseLogger - Copying 0 resource
2025-09-30 12:46:21,185 [Worker-619: Building] WARN  o.e.m.c.i.embedder.EclipseLogger - Using platform encoding (MS949 actually) to copy filtered resources, i.e. build is platform dependent!
2025-09-30 12:46:21,186 [Worker-619: Building] INFO  o.e.m.c.i.embedder.EclipseLogger - Copying 8 resources
2025-09-30 12:46:21,187 [Worker-619: Building] WARN  o.e.m.c.i.embedder.EclipseLogger - Using platform encoding (MS949 actually) to copy filtered resources, i.e. build is platform dependent!
2025-09-30 12:46:21,187 [Worker-619: Building] INFO  o.e.m.c.i.embedder.EclipseLogger - Copying 0 resource
2025-09-30 12:46:23,423 [Worker-619: Building] WARN  o.e.m.c.i.embedder.EclipseLogger - Using platform encoding (MS949 actually) to copy filtered resources, i.e. build is platform dependent!
2025-09-30 12:46:23,425 [Worker-619: Building] INFO  o.e.m.c.i.embedder.EclipseLogger - Copying 8 resources
2025-09-30 12:46:23,426 [Worker-619: Building] WARN  o.e.m.c.i.embedder.EclipseLogger - Using platform encoding (MS949 actually) to copy filtered resources, i.e. build is platform dependent!
2025-09-30 12:46:23,426 [Worker-619: Building] INFO  o.e.m.c.i.embedder.EclipseLogger - Copying 0 resource
2025-09-30 12:47:35,685 [Worker-619: Building] WARN  o.e.m.c.i.embedder.EclipseLogger - Using platform encoding (MS949 actually) to copy filtered resources, i.e. build is platform dependent!
2025-09-30 12:47:35,686 [Worker-619: Building] INFO  o.e.m.c.i.embedder.EclipseLogger - Copying 8 resources
2025-09-30 12:47:35,687 [Worker-619: Building] WARN  o.e.m.c.i.embedder.EclipseLogger - Using platform encoding (MS949 actually) to copy filtered resources, i.e. build is platform dependent!
2025-09-30 12:47:35,687 [Worker-619: Building] INFO  o.e.m.c.i.embedder.EclipseLogger - Copying 0 resource
2025-09-30 12:49:24,098 [Worker-619: Building] WARN  o.e.m.c.i.embedder.EclipseLogger - Using platform encoding (MS949 actually) to copy filtered resources, i.e. build is platform dependent!
2025-09-30 12:49:24,099 [Worker-619: Building] INFO  o.e.m.c.i.embedder.EclipseLogger - Copying 0 resource
2025-09-30 12:49:24,099 [Worker-619: Building] WARN  o.e.m.c.i.embedder.EclipseLogger - Using platform encoding (MS949 actually) to copy filtered resources, i.e. build is platform dependent!
2025-09-30 12:49:24,099 [Worker-619: Building] INFO  o.e.m.c.i.embedder.EclipseLogger - Copying 0 resource
2025-09-30 12:49:37,453 [Worker-622: Building] WARN  o.e.m.c.i.embedder.EclipseLogger - Using platform encoding (MS949 actually) to copy filtered resources, i.e. build is platform dependent!
2025-09-30 12:49:37,454 [Worker-622: Building] INFO  o.e.m.c.i.embedder.EclipseLogger - Copying 8 resources
2025-09-30 12:49:37,455 [Worker-622: Building] WARN  o.e.m.c.i.embedder.EclipseLogger - Using platform encoding (MS949 actually) to copy filtered resources, i.e. build is platform dependent!
2025-09-30 12:49:37,455 [Worker-622: Building] INFO  o.e.m.c.i.embedder.EclipseLogger - Copying 0 resource
2025-09-30 13:56:22,867 [Worker-641: Building] WARN  o.e.m.c.i.embedder.EclipseLogger - Using platform encoding (MS949 actually) to copy filtered resources, i.e. build is platform dependent!
2025-09-30 13:56:22,867 [Worker-641: Building] INFO  o.e.m.c.i.embedder.EclipseLogger - Copying 0 resource
2025-09-30 13:56:22,868 [Worker-641: Building] WARN  o.e.m.c.i.embedder.EclipseLogger - Using platform encoding (MS949 actually) to copy filtered resources, i.e. build is platform dependent!
2025-09-30 13:56:22,868 [Worker-641: Building] INFO  o.e.m.c.i.embedder.EclipseLogger - Copying 0 resource
2025-09-30 13:56:27,271 [Worker-646: Building] WARN  o.e.m.c.i.embedder.EclipseLogger - Using platform encoding (MS949 actually) to copy filtered resources, i.e. build is platform dependent!
2025-09-30 13:56:27,271 [Worker-646: Building] INFO  o.e.m.c.i.embedder.EclipseLogger - Copying 0 resource
2025-09-30 13:56:27,271 [Worker-646: Building] WARN  o.e.m.c.i.embedder.EclipseLogger - Using platform encoding (MS949 actually) to copy filtered resources, i.e. build is platform dependent!
2025-09-30 13:56:27,272 [Worker-646: Building] INFO  o.e.m.c.i.embedder.EclipseLogger - Copying 0 resource
2025-09-30 13:56:34,213 [Worker-648: Building] WARN  o.e.m.c.i.embedder.EclipseLogger - Using platform encoding (MS949 actually) to copy filtered resources, i.e. build is platform dependent!
2025-09-30 13:56:34,214 [Worker-648: Building] INFO  o.e.m.c.i.embedder.EclipseLogger - Copying 0 resource
2025-09-30 13:56:34,214 [Worker-648: Building] WARN  o.e.m.c.i.embedder.EclipseLogger - Using platform encoding (MS949 actually) to copy filtered resources, i.e. build is platform dependent!
2025-09-30 13:56:34,214 [Worker-648: Building] INFO  o.e.m.c.i.embedder.EclipseLogger - Copying 0 resource
2025-09-30 13:56:40,649 [Worker-648: Building] WARN  o.e.m.c.i.embedder.EclipseLogger - Using platform encoding (MS949 actually) to copy filtered resources, i.e. build is platform dependent!
2025-09-30 13:56:40,649 [Worker-648: Building] INFO  o.e.m.c.i.embedder.EclipseLogger - Copying 0 resource
2025-09-30 13:56:40,650 [Worker-648: Building] WARN  o.e.m.c.i.embedder.EclipseLogger - Using platform encoding (MS949 actually) to copy filtered resources, i.e. build is platform dependent!
2025-09-30 13:56:40,650 [Worker-648: Building] INFO  o.e.m.c.i.embedder.EclipseLogger - Copying 0 resource
2025-09-30 13:56:46,409 [Worker-649: Building] WARN  o.e.m.c.i.embedder.EclipseLogger - Using platform encoding (MS949 actually) to copy filtered resources, i.e. build is platform dependent!
2025-09-30 13:56:46,409 [Worker-649: Building] INFO  o.e.m.c.i.embedder.EclipseLogger - Copying 0 resource
2025-09-30 13:56:46,410 [Worker-649: Building] WARN  o.e.m.c.i.embedder.EclipseLogger - Using platform encoding (MS949 actually) to copy filtered resources, i.e. build is platform dependent!
2025-09-30 13:56:46,410 [Worker-649: Building] INFO  o.e.m.c.i.embedder.EclipseLogger - Copying 0 resource
2025-09-30 13:56:51,386 [Worker-649: Building] WARN  o.e.m.c.i.embedder.EclipseLogger - Using platform encoding (MS949 actually) to copy filtered resources, i.e. build is platform dependent!
2025-09-30 13:56:51,386 [Worker-649: Building] INFO  o.e.m.c.i.embedder.EclipseLogger - Copying 0 resource
2025-09-30 13:56:51,387 [Worker-649: Building] WARN  o.e.m.c.i.embedder.EclipseLogger - Using platform encoding (MS949 actually) to copy filtered resources, i.e. build is platform dependent!
2025-09-30 13:56:51,387 [Worker-649: Building] INFO  o.e.m.c.i.embedder.EclipseLogger - Copying 0 resource
2025-09-30 14:02:53,790 [Worker-646: Building] WARN  o.e.m.c.i.embedder.EclipseLogger - Using platform encoding (MS949 actually) to copy filtered resources, i.e. build is platform dependent!
2025-09-30 14:02:53,791 [Worker-646: Building] INFO  o.e.m.c.i.embedder.EclipseLogger - Copying 8 resources
2025-09-30 14:02:53,792 [Worker-646: Building] WARN  o.e.m.c.i.embedder.EclipseLogger - Using platform encoding (MS949 actually) to copy filtered resources, i.e. build is platform dependent!
2025-09-30 14:02:53,792 [Worker-646: Building] INFO  o.e.m.c.i.embedder.EclipseLogger - Copying 0 resource
2025-09-30 14:02:59,717 [Worker-652: Building] WARN  o.e.m.c.i.embedder.EclipseLogger - Using platform encoding (MS949 actually) to copy filtered resources, i.e. build is platform dependent!
2025-09-30 14:02:59,718 [Worker-652: Building] INFO  o.e.m.c.i.embedder.EclipseLogger - Copying 8 resources
2025-09-30 14:02:59,719 [Worker-652: Building] WARN  o.e.m.c.i.embedder.EclipseLogger - Using platform encoding (MS949 actually) to copy filtered resources, i.e. build is platform dependent!
2025-09-30 14:02:59,719 [Worker-652: Building] INFO  o.e.m.c.i.embedder.EclipseLogger - Copying 0 resource
2025-09-30 14:04:14,661 [Worker-649: Building] WARN  o.e.m.c.i.embedder.EclipseLogger - Using platform encoding (MS949 actually) to copy filtered resources, i.e. build is platform dependent!
2025-09-30 14:04:14,662 [Worker-649: Building] INFO  o.e.m.c.i.embedder.EclipseLogger - Copying 8 resources
2025-09-30 14:04:14,663 [Worker-649: Building] WARN  o.e.m.c.i.embedder.EclipseLogger - Using platform encoding (MS949 actually) to copy filtered resources, i.e. build is platform dependent!
2025-09-30 14:04:14,663 [Worker-649: Building] INFO  o.e.m.c.i.embedder.EclipseLogger - Copying 0 resource
2025-09-30 14:04:27,397 [Worker-653: Building] WARN  o.e.m.c.i.embedder.EclipseLogger - Using platform encoding (MS949 actually) to copy filtered resources, i.e. build is platform dependent!
2025-09-30 14:04:27,398 [Worker-653: Building] INFO  o.e.m.c.i.embedder.EclipseLogger - Copying 8 resources
2025-09-30 14:04:27,399 [Worker-653: Building] WARN  o.e.m.c.i.embedder.EclipseLogger - Using platform encoding (MS949 actually) to copy filtered resources, i.e. build is platform dependent!
2025-09-30 14:04:27,399 [Worker-653: Building] INFO  o.e.m.c.i.embedder.EclipseLogger - Copying 0 resource
2025-09-30 14:05:10,840 [Worker-646: Building] WARN  o.e.m.c.i.embedder.EclipseLogger - Using platform encoding (MS949 actually) to copy filtered resources, i.e. build is platform dependent!
2025-09-30 14:05:10,841 [Worker-646: Building] INFO  o.e.m.c.i.embedder.EclipseLogger - Copying 8 resources
2025-09-30 14:05:10,842 [Worker-646: Building] WARN  o.e.m.c.i.embedder.EclipseLogger - Using platform encoding (MS949 actually) to copy filtered resources, i.e. build is platform dependent!
2025-09-30 14:05:10,842 [Worker-646: Building] INFO  o.e.m.c.i.embedder.EclipseLogger - Copying 0 resource
2025-09-30 14:05:25,976 [Worker-646: Building] WARN  o.e.m.c.i.embedder.EclipseLogger - Using platform encoding (MS949 actually) to copy filtered resources, i.e. build is platform dependent!
2025-09-30 14:05:25,977 [Worker-646: Building] INFO  o.e.m.c.i.embedder.EclipseLogger - Copying 8 resources
2025-09-30 14:05:25,978 [Worker-646: Building] WARN  o.e.m.c.i.embedder.EclipseLogger - Using platform encoding (MS949 actually) to copy filtered resources, i.e. build is platform dependent!
2025-09-30 14:05:25,978 [Worker-646: Building] INFO  o.e.m.c.i.embedder.EclipseLogger - Copying 0 resource
2025-09-30 14:05:47,782 [Worker-646: Building] WARN  o.e.m.c.i.embedder.EclipseLogger - Using platform encoding (MS949 actually) to copy filtered resources, i.e. build is platform dependent!
2025-09-30 14:05:47,783 [Worker-646: Building] INFO  o.e.m.c.i.embedder.EclipseLogger - Copying 8 resources
2025-09-30 14:05:47,783 [Worker-646: Building] WARN  o.e.m.c.i.embedder.EclipseLogger - Using platform encoding (MS949 actually) to copy filtered resources, i.e. build is platform dependent!
2025-09-30 14:05:47,783 [Worker-646: Building] INFO  o.e.m.c.i.embedder.EclipseLogger - Copying 0 resource
2025-09-30 14:06:11,702 [Worker-649: Building] WARN  o.e.m.c.i.embedder.EclipseLogger - Using platform encoding (MS949 actually) to copy filtered resources, i.e. build is platform dependent!
2025-09-30 14:06:11,703 [Worker-649: Building] INFO  o.e.m.c.i.embedder.EclipseLogger - Copying 8 resources
2025-09-30 14:06:11,703 [Worker-649: Building] WARN  o.e.m.c.i.embedder.EclipseLogger - Using platform encoding (MS949 actually) to copy filtered resources, i.e. build is platform dependent!
2025-09-30 14:06:11,704 [Worker-649: Building] INFO  o.e.m.c.i.embedder.EclipseLogger - Copying 0 resource
2025-09-30 14:06:19,109 [Worker-652: Building] WARN  o.e.m.c.i.embedder.EclipseLogger - Using platform encoding (MS949 actually) to copy filtered resources, i.e. build is platform dependent!
2025-09-30 14:06:19,110 [Worker-652: Building] INFO  o.e.m.c.i.embedder.EclipseLogger - Copying 8 resources
2025-09-30 14:06:19,110 [Worker-652: Building] WARN  o.e.m.c.i.embedder.EclipseLogger - Using platform encoding (MS949 actually) to copy filtered resources, i.e. build is platform dependent!
2025-09-30 14:06:19,111 [Worker-652: Building] INFO  o.e.m.c.i.embedder.EclipseLogger - Copying 0 resource
2025-09-30 14:06:27,025 [Worker-649: Building] WARN  o.e.m.c.i.embedder.EclipseLogger - Using platform encoding (MS949 actually) to copy filtered resources, i.e. build is platform dependent!
2025-09-30 14:06:27,026 [Worker-649: Building] INFO  o.e.m.c.i.embedder.EclipseLogger - Copying 8 resources
2025-09-30 14:06:27,027 [Worker-649: Building] WARN  o.e.m.c.i.embedder.EclipseLogger - Using platform encoding (MS949 actually) to copy filtered resources, i.e. build is platform dependent!
2025-09-30 14:06:27,027 [Worker-649: Building] INFO  o.e.m.c.i.embedder.EclipseLogger - Copying 0 resource
2025-09-30 14:06:40,984 [Worker-649: Building] WARN  o.e.m.c.i.embedder.EclipseLogger - Using platform encoding (MS949 actually) to copy filtered resources, i.e. build is platform dependent!
2025-09-30 14:06:40,985 [Worker-649: Building] INFO  o.e.m.c.i.embedder.EclipseLogger - Copying 8 resources
2025-09-30 14:06:40,986 [Worker-649: Building] WARN  o.e.m.c.i.embedder.EclipseLogger - Using platform encoding (MS949 actually) to copy filtered resources, i.e. build is platform dependent!
2025-09-30 14:06:40,986 [Worker-649: Building] INFO  o.e.m.c.i.embedder.EclipseLogger - Copying 0 resource
2025-09-30 14:06:52,611 [Worker-649: Building] WARN  o.e.m.c.i.embedder.EclipseLogger - Using platform encoding (MS949 actually) to copy filtered resources, i.e. build is platform dependent!
2025-09-30 14:06:52,611 [Worker-649: Building] INFO  o.e.m.c.i.embedder.EclipseLogger - Copying 0 resource
2025-09-30 14:06:52,612 [Worker-649: Building] WARN  o.e.m.c.i.embedder.EclipseLogger - Using platform encoding (MS949 actually) to copy filtered resources, i.e. build is platform dependent!
2025-09-30 14:06:52,612 [Worker-649: Building] INFO  o.e.m.c.i.embedder.EclipseLogger - Copying 0 resource
2025-09-30 14:07:34,549 [Worker-646: Building] WARN  o.e.m.c.i.embedder.EclipseLogger - Using platform encoding (MS949 actually) to copy filtered resources, i.e. build is platform dependent!
2025-09-30 14:07:34,550 [Worker-646: Building] INFO  o.e.m.c.i.embedder.EclipseLogger - Copying 0 resource
2025-09-30 14:07:34,550 [Worker-646: Building] WARN  o.e.m.c.i.embedder.EclipseLogger - Using platform encoding (MS949 actually) to copy filtered resources, i.e. build is platform dependent!
2025-09-30 14:07:34,551 [Worker-646: Building] INFO  o.e.m.c.i.embedder.EclipseLogger - Copying 0 resource
2025-09-30 14:09:22,412 [Worker-649: Building] WARN  o.e.m.c.i.embedder.EclipseLogger - Using platform encoding (MS949 actually) to copy filtered resources, i.e. build is platform dependent!
2025-09-30 14:09:22,413 [Worker-649: Building] INFO  o.e.m.c.i.embedder.EclipseLogger - Copying 0 resource
2025-09-30 14:09:22,413 [Worker-649: Building] WARN  o.e.m.c.i.embedder.EclipseLogger - Using platform encoding (MS949 actually) to copy filtered resources, i.e. build is platform dependent!
2025-09-30 14:09:22,414 [Worker-649: Building] INFO  o.e.m.c.i.embedder.EclipseLogger - Copying 0 resource
2025-09-30 14:11:30,202 [Worker-649: Building] WARN  o.e.m.c.i.embedder.EclipseLogger - Using platform encoding (MS949 actually) to copy filtered resources, i.e. build is platform dependent!
2025-09-30 14:11:30,203 [Worker-649: Building] INFO  o.e.m.c.i.embedder.EclipseLogger - Copying 0 resource
2025-09-30 14:11:30,203 [Worker-649: Building] WARN  o.e.m.c.i.embedder.EclipseLogger - Using platform encoding (MS949 actually) to copy filtered resources, i.e. build is platform dependent!
2025-09-30 14:11:30,204 [Worker-649: Building] INFO  o.e.m.c.i.embedder.EclipseLogger - Copying 0 resource
2025-09-30 14:11:53,070 [Worker-649: Building] WARN  o.e.m.c.i.embedder.EclipseLogger - Using platform encoding (MS949 actually) to copy filtered resources, i.e. build is platform dependent!
2025-09-30 14:11:53,070 [Worker-649: Building] INFO  o.e.m.c.i.embedder.EclipseLogger - Copying 0 resource
2025-09-30 14:11:53,071 [Worker-649: Building] WARN  o.e.m.c.i.embedder.EclipseLogger - Using platform encoding (MS949 actually) to copy filtered resources, i.e. build is platform dependent!
2025-09-30 14:11:53,071 [Worker-649: Building] INFO  o.e.m.c.i.embedder.EclipseLogger - Copying 0 resource
2025-09-30 14:12:34,327 [Worker-649: Building] WARN  o.e.m.c.i.embedder.EclipseLogger - Using platform encoding (MS949 actually) to copy filtered resources, i.e. build is platform dependent!
2025-09-30 14:12:34,328 [Worker-649: Building] INFO  o.e.m.c.i.embedder.EclipseLogger - Copying 0 resource
2025-09-30 14:12:34,328 [Worker-649: Building] WARN  o.e.m.c.i.embedder.EclipseLogger - Using platform encoding (MS949 actually) to copy filtered resources, i.e. build is platform dependent!
2025-09-30 14:12:34,328 [Worker-649: Building] INFO  o.e.m.c.i.embedder.EclipseLogger - Copying 0 resource
2025-09-30 14:12:53,959 [Worker-656: Building] WARN  o.e.m.c.i.embedder.EclipseLogger - Using platform encoding (MS949 actually) to copy filtered resources, i.e. build is platform dependent!
2025-09-30 14:12:53,959 [Worker-656: Building] INFO  o.e.m.c.i.embedder.EclipseLogger - Copying 0 resource
2025-09-30 14:12:53,960 [Worker-656: Building] WARN  o.e.m.c.i.embedder.EclipseLogger - Using platform encoding (MS949 actually) to copy filtered resources, i.e. build is platform dependent!
2025-09-30 14:12:53,960 [Worker-656: Building] INFO  o.e.m.c.i.embedder.EclipseLogger - Copying 0 resource
2025-09-30 14:13:25,823 [Worker-649: Building] WARN  o.e.m.c.i.embedder.EclipseLogger - Using platform encoding (MS949 actually) to copy filtered resources, i.e. build is platform dependent!
2025-09-30 14:13:25,824 [Worker-649: Building] INFO  o.e.m.c.i.embedder.EclipseLogger - Copying 0 resource
2025-09-30 14:13:25,824 [Worker-649: Building] WARN  o.e.m.c.i.embedder.EclipseLogger - Using platform encoding (MS949 actually) to copy filtered resources, i.e. build is platform dependent!
2025-09-30 14:13:25,824 [Worker-649: Building] INFO  o.e.m.c.i.embedder.EclipseLogger - Copying 0 resource
2025-09-30 14:14:19,506 [Worker-656: Building] WARN  o.e.m.c.i.embedder.EclipseLogger - Using platform encoding (MS949 actually) to copy filtered resources, i.e. build is platform dependent!
2025-09-30 14:14:19,506 [Worker-656: Building] INFO  o.e.m.c.i.embedder.EclipseLogger - Copying 0 resource
2025-09-30 14:14:19,507 [Worker-656: Building] WARN  o.e.m.c.i.embedder.EclipseLogger - Using platform encoding (MS949 actually) to copy filtered resources, i.e. build is platform dependent!
2025-09-30 14:14:19,507 [Worker-656: Building] INFO  o.e.m.c.i.embedder.EclipseLogger - Copying 0 resource
2025-09-30 14:14:33,633 [Worker-646: Building] WARN  o.e.m.c.i.embedder.EclipseLogger - Using platform encoding (MS949 actually) to copy filtered resources, i.e. build is platform dependent!
2025-09-30 14:14:33,633 [Worker-646: Building] INFO  o.e.m.c.i.embedder.EclipseLogger - Copying 0 resource
2025-09-30 14:14:33,633 [Worker-646: Building] WARN  o.e.m.c.i.embedder.EclipseLogger - Using platform encoding (MS949 actually) to copy filtered resources, i.e. build is platform dependent!
2025-09-30 14:14:33,634 [Worker-646: Building] INFO  o.e.m.c.i.embedder.EclipseLogger - Copying 0 resource
2025-09-30 14:14:34,666 [Worker-649: Building] WARN  o.e.m.c.i.embedder.EclipseLogger - Using platform encoding (MS949 actually) to copy filtered resources, i.e. build is platform dependent!
2025-09-30 14:14:34,667 [Worker-649: Building] INFO  o.e.m.c.i.embedder.EclipseLogger - Copying 0 resource
2025-09-30 14:14:34,667 [Worker-649: Building] WARN  o.e.m.c.i.embedder.EclipseLogger - Using platform encoding (MS949 actually) to copy filtered resources, i.e. build is platform dependent!
2025-09-30 14:14:34,667 [Worker-649: Building] INFO  o.e.m.c.i.embedder.EclipseLogger - Copying 0 resource
2025-09-30 14:14:39,999 [Worker-655: Building] WARN  o.e.m.c.i.embedder.EclipseLogger - Using platform encoding (MS949 actually) to copy filtered resources, i.e. build is platform dependent!
2025-09-30 14:14:39,999 [Worker-655: Building] INFO  o.e.m.c.i.embedder.EclipseLogger - Copying 0 resource
2025-09-30 14:14:40,000 [Worker-655: Building] WARN  o.e.m.c.i.embedder.EclipseLogger - Using platform encoding (MS949 actually) to copy filtered resources, i.e. build is platform dependent!
2025-09-30 14:14:40,000 [Worker-655: Building] INFO  o.e.m.c.i.embedder.EclipseLogger - Copying 0 resource
2025-09-30 14:14:49,967 [Worker-646: Building] WARN  o.e.m.c.i.embedder.EclipseLogger - Using platform encoding (MS949 actually) to copy filtered resources, i.e. build is platform dependent!
2025-09-30 14:14:49,967 [Worker-646: Building] INFO  o.e.m.c.i.embedder.EclipseLogger - Copying 0 resource
2025-09-30 14:14:49,968 [Worker-646: Building] WARN  o.e.m.c.i.embedder.EclipseLogger - Using platform encoding (MS949 actually) to copy filtered resources, i.e. build is platform dependent!
2025-09-30 14:14:49,968 [Worker-646: Building] INFO  o.e.m.c.i.embedder.EclipseLogger - Copying 0 resource
2025-09-30 14:14:56,717 [Worker-658: Building] WARN  o.e.m.c.i.embedder.EclipseLogger - Using platform encoding (MS949 actually) to copy filtered resources, i.e. build is platform dependent!
2025-09-30 14:14:56,717 [Worker-658: Building] INFO  o.e.m.c.i.embedder.EclipseLogger - Copying 0 resource
2025-09-30 14:14:56,718 [Worker-658: Building] WARN  o.e.m.c.i.embedder.EclipseLogger - Using platform encoding (MS949 actually) to copy filtered resources, i.e. build is platform dependent!
2025-09-30 14:14:56,718 [Worker-658: Building] INFO  o.e.m.c.i.embedder.EclipseLogger - Copying 0 resource
2025-09-30 14:15:04,366 [Worker-658: Building] WARN  o.e.m.c.i.embedder.EclipseLogger - Using platform encoding (MS949 actually) to copy filtered resources, i.e. build is platform dependent!
2025-09-30 14:15:04,366 [Worker-658: Building] INFO  o.e.m.c.i.embedder.EclipseLogger - Copying 0 resource
2025-09-30 14:15:04,367 [Worker-658: Building] WARN  o.e.m.c.i.embedder.EclipseLogger - Using platform encoding (MS949 actually) to copy filtered resources, i.e. build is platform dependent!
2025-09-30 14:15:04,367 [Worker-658: Building] INFO  o.e.m.c.i.embedder.EclipseLogger - Copying 0 resource
2025-09-30 14:15:44,792 [Worker-646: Building] WARN  o.e.m.c.i.embedder.EclipseLogger - Using platform encoding (MS949 actually) to copy filtered resources, i.e. build is platform dependent!
2025-09-30 14:15:44,792 [Worker-646: Building] INFO  o.e.m.c.i.embedder.EclipseLogger - Copying 0 resource
2025-09-30 14:15:44,793 [Worker-646: Building] WARN  o.e.m.c.i.embedder.EclipseLogger - Using platform encoding (MS949 actually) to copy filtered resources, i.e. build is platform dependent!
2025-09-30 14:15:44,793 [Worker-646: Building] INFO  o.e.m.c.i.embedder.EclipseLogger - Copying 0 resource
2025-09-30 14:15:57,521 [Worker-656: Building] WARN  o.e.m.c.i.embedder.EclipseLogger - Using platform encoding (MS949 actually) to copy filtered resources, i.e. build is platform dependent!
2025-09-30 14:15:57,522 [Worker-656: Building] INFO  o.e.m.c.i.embedder.EclipseLogger - Copying 0 resource
2025-09-30 14:15:57,522 [Worker-656: Building] WARN  o.e.m.c.i.embedder.EclipseLogger - Using platform encoding (MS949 actually) to copy filtered resources, i.e. build is platform dependent!
2025-09-30 14:15:57,523 [Worker-656: Building] INFO  o.e.m.c.i.embedder.EclipseLogger - Copying 0 resource
2025-09-30 14:16:05,314 [Worker-655: Building] WARN  o.e.m.c.i.embedder.EclipseLogger - Using platform encoding (MS949 actually) to copy filtered resources, i.e. build is platform dependent!
2025-09-30 14:16:05,314 [Worker-655: Building] INFO  o.e.m.c.i.embedder.EclipseLogger - Copying 0 resource
2025-09-30 14:16:05,315 [Worker-655: Building] WARN  o.e.m.c.i.embedder.EclipseLogger - Using platform encoding (MS949 actually) to copy filtered resources, i.e. build is platform dependent!
2025-09-30 14:16:05,315 [Worker-655: Building] INFO  o.e.m.c.i.embedder.EclipseLogger - Copying 0 resource
2025-09-30 14:16:23,785 [Worker-656: Building] WARN  o.e.m.c.i.embedder.EclipseLogger - Using platform encoding (MS949 actually) to copy filtered resources, i.e. build is platform dependent!
2025-09-30 14:16:23,786 [Worker-656: Building] INFO  o.e.m.c.i.embedder.EclipseLogger - Copying 0 resource
2025-09-30 14:16:23,787 [Worker-656: Building] WARN  o.e.m.c.i.embedder.EclipseLogger - Using platform encoding (MS949 actually) to copy filtered resources, i.e. build is platform dependent!
2025-09-30 14:16:23,787 [Worker-656: Building] INFO  o.e.m.c.i.embedder.EclipseLogger - Copying 0 resource
2025-09-30 14:16:38,764 [Worker-656: Building] WARN  o.e.m.c.i.embedder.EclipseLogger - Using platform encoding (MS949 actually) to copy filtered resources, i.e. build is platform dependent!
2025-09-30 14:16:38,765 [Worker-656: Building] INFO  o.e.m.c.i.embedder.EclipseLogger - Copying 0 resource
2025-09-30 14:16:38,765 [Worker-656: Building] WARN  o.e.m.c.i.embedder.EclipseLogger - Using platform encoding (MS949 actually) to copy filtered resources, i.e. build is platform dependent!
2025-09-30 14:16:38,765 [Worker-656: Building] INFO  o.e.m.c.i.embedder.EclipseLogger - Copying 0 resource
2025-09-30 14:16:47,540 [Worker-646: Building] WARN  o.e.m.c.i.embedder.EclipseLogger - Using platform encoding (MS949 actually) to copy filtered resources, i.e. build is platform dependent!
2025-09-30 14:16:47,540 [Worker-646: Building] INFO  o.e.m.c.i.embedder.EclipseLogger - Copying 0 resource
2025-09-30 14:16:47,540 [Worker-646: Building] WARN  o.e.m.c.i.embedder.EclipseLogger - Using platform encoding (MS949 actually) to copy filtered resources, i.e. build is platform dependent!
2025-09-30 14:16:47,541 [Worker-646: Building] INFO  o.e.m.c.i.embedder.EclipseLogger - Copying 0 resource
2025-09-30 14:17:06,468 [Worker-649: Building] WARN  o.e.m.c.i.embedder.EclipseLogger - Using platform encoding (MS949 actually) to copy filtered resources, i.e. build is platform dependent!
2025-09-30 14:17:06,468 [Worker-649: Building] INFO  o.e.m.c.i.embedder.EclipseLogger - Copying 0 resource
2025-09-30 14:17:06,468 [Worker-649: Building] WARN  o.e.m.c.i.embedder.EclipseLogger - Using platform encoding (MS949 actually) to copy filtered resources, i.e. build is platform dependent!
2025-09-30 14:17:06,469 [Worker-649: Building] INFO  o.e.m.c.i.embedder.EclipseLogger - Copying 0 resource
2025-09-30 14:17:24,561 [Worker-649: Building] WARN  o.e.m.c.i.embedder.EclipseLogger - Using platform encoding (MS949 actually) to copy filtered resources, i.e. build is platform dependent!
2025-09-30 14:17:24,562 [Worker-649: Building] INFO  o.e.m.c.i.embedder.EclipseLogger - Copying 0 resource
2025-09-30 14:17:24,562 [Worker-649: Building] WARN  o.e.m.c.i.embedder.EclipseLogger - Using platform encoding (MS949 actually) to copy filtered resources, i.e. build is platform dependent!
2025-09-30 14:17:24,562 [Worker-649: Building] INFO  o.e.m.c.i.embedder.EclipseLogger - Copying 0 resource
2025-09-30 14:17:38,342 [Worker-658: Building] WARN  o.e.m.c.i.embedder.EclipseLogger - Using platform encoding (MS949 actually) to copy filtered resources, i.e. build is platform dependent!
2025-09-30 14:17:38,342 [Worker-658: Building] INFO  o.e.m.c.i.embedder.EclipseLogger - Copying 0 resource
2025-09-30 14:17:38,343 [Worker-658: Building] WARN  o.e.m.c.i.embedder.EclipseLogger - Using platform encoding (MS949 actually) to copy filtered resources, i.e. build is platform dependent!
2025-09-30 14:17:38,343 [Worker-658: Building] INFO  o.e.m.c.i.embedder.EclipseLogger - Copying 0 resource
2025-09-30 14:17:49,967 [Worker-658: Building] WARN  o.e.m.c.i.embedder.EclipseLogger - Using platform encoding (MS949 actually) to copy filtered resources, i.e. build is platform dependent!
2025-09-30 14:17:49,967 [Worker-658: Building] INFO  o.e.m.c.i.embedder.EclipseLogger - Copying 0 resource
2025-09-30 14:17:49,968 [Worker-658: Building] WARN  o.e.m.c.i.embedder.EclipseLogger - Using platform encoding (MS949 actually) to copy filtered resources, i.e. build is platform dependent!
2025-09-30 14:17:49,968 [Worker-658: Building] INFO  o.e.m.c.i.embedder.EclipseLogger - Copying 0 resource
2025-09-30 14:18:01,578 [Worker-658: Building] WARN  o.e.m.c.i.embedder.EclipseLogger - Using platform encoding (MS949 actually) to copy filtered resources, i.e. build is platform dependent!
2025-09-30 14:18:01,579 [Worker-658: Building] INFO  o.e.m.c.i.embedder.EclipseLogger - Copying 0 resource
2025-09-30 14:18:01,579 [Worker-658: Building] WARN  o.e.m.c.i.embedder.EclipseLogger - Using platform encoding (MS949 actually) to copy filtered resources, i.e. build is platform dependent!
2025-09-30 14:18:01,580 [Worker-658: Building] INFO  o.e.m.c.i.embedder.EclipseLogger - Copying 0 resource
2025-09-30 14:18:08,927 [Worker-656: Building] WARN  o.e.m.c.i.embedder.EclipseLogger - Using platform encoding (MS949 actually) to copy filtered resources, i.e. build is platform dependent!
2025-09-30 14:18:08,929 [Worker-656: Building] INFO  o.e.m.c.i.embedder.EclipseLogger - Copying 0 resource
2025-09-30 14:18:08,930 [Worker-656: Building] WARN  o.e.m.c.i.embedder.EclipseLogger - Using platform encoding (MS949 actually) to copy filtered resources, i.e. build is platform dependent!
2025-09-30 14:18:08,931 [Worker-656: Building] INFO  o.e.m.c.i.embedder.EclipseLogger - Copying 0 resource
2025-09-30 14:18:21,299 [Worker-656: Building] WARN  o.e.m.c.i.embedder.EclipseLogger - Using platform encoding (MS949 actually) to copy filtered resources, i.e. build is platform dependent!
2025-09-30 14:18:21,299 [Worker-656: Building] INFO  o.e.m.c.i.embedder.EclipseLogger - Copying 0 resource
2025-09-30 14:18:21,300 [Worker-656: Building] WARN  o.e.m.c.i.embedder.EclipseLogger - Using platform encoding (MS949 actually) to copy filtered resources, i.e. build is platform dependent!
2025-09-30 14:18:21,300 [Worker-656: Building] INFO  o.e.m.c.i.embedder.EclipseLogger - Copying 0 resource
2025-09-30 14:18:50,527 [Worker-658: Building] WARN  o.e.m.c.i.embedder.EclipseLogger - Using platform encoding (MS949 actually) to copy filtered resources, i.e. build is platform dependent!
2025-09-30 14:18:50,528 [Worker-658: Building] INFO  o.e.m.c.i.embedder.EclipseLogger - Copying 1 resource
2025-09-30 14:18:50,529 [Worker-658: Building] WARN  o.e.m.c.i.embedder.EclipseLogger - Using platform encoding (MS949 actually) to copy filtered resources, i.e. build is platform dependent!
2025-09-30 14:18:50,529 [Worker-658: Building] INFO  o.e.m.c.i.embedder.EclipseLogger - Copying 0 resource
2025-09-30 14:18:52,859 [Worker-646: Building] WARN  o.e.m.c.i.embedder.EclipseLogger - Using platform encoding (MS949 actually) to copy filtered resources, i.e. build is platform dependent!
2025-09-30 14:18:52,859 [Worker-646: Building] INFO  o.e.m.c.i.embedder.EclipseLogger - Copying 1 resource
2025-09-30 14:18:52,860 [Worker-646: Building] WARN  o.e.m.c.i.embedder.EclipseLogger - Using platform encoding (MS949 actually) to copy filtered resources, i.e. build is platform dependent!
2025-09-30 14:18:52,861 [Worker-646: Building] INFO  o.e.m.c.i.embedder.EclipseLogger - Copying 0 resource
2025-09-30 14:19:11,884 [Worker-656: Building] WARN  o.e.m.c.i.embedder.EclipseLogger - Using platform encoding (MS949 actually) to copy filtered resources, i.e. build is platform dependent!
2025-09-30 14:19:11,885 [Worker-656: Building] INFO  o.e.m.c.i.embedder.EclipseLogger - Copying 8 resources
2025-09-30 14:19:11,886 [Worker-656: Building] WARN  o.e.m.c.i.embedder.EclipseLogger - Using platform encoding (MS949 actually) to copy filtered resources, i.e. build is platform dependent!
2025-09-30 14:19:11,886 [Worker-656: Building] INFO  o.e.m.c.i.embedder.EclipseLogger - Copying 0 resource
2025-09-30 14:19:16,484 [Worker-657: Building] WARN  o.e.m.c.i.embedder.EclipseLogger - Using platform encoding (MS949 actually) to copy filtered resources, i.e. build is platform dependent!
2025-09-30 14:19:16,485 [Worker-657: Building] INFO  o.e.m.c.i.embedder.EclipseLogger - Copying 8 resources
2025-09-30 14:19:16,486 [Worker-657: Building] WARN  o.e.m.c.i.embedder.EclipseLogger - Using platform encoding (MS949 actually) to copy filtered resources, i.e. build is platform dependent!
2025-09-30 14:19:16,486 [Worker-657: Building] INFO  o.e.m.c.i.embedder.EclipseLogger - Copying 0 resource
2025-09-30 14:19:34,906 [Worker-646: Building] WARN  o.e.m.c.i.embedder.EclipseLogger - Using platform encoding (MS949 actually) to copy filtered resources, i.e. build is platform dependent!
2025-09-30 14:19:34,907 [Worker-646: Building] INFO  o.e.m.c.i.embedder.EclipseLogger - Copying 8 resources
2025-09-30 14:19:34,908 [Worker-646: Building] WARN  o.e.m.c.i.embedder.EclipseLogger - Using platform encoding (MS949 actually) to copy filtered resources, i.e. build is platform dependent!
2025-09-30 14:19:34,908 [Worker-646: Building] INFO  o.e.m.c.i.embedder.EclipseLogger - Copying 0 resource
2025-09-30 14:19:37,236 [Worker-649: Building] WARN  o.e.m.c.i.embedder.EclipseLogger - Using platform encoding (MS949 actually) to copy filtered resources, i.e. build is platform dependent!
2025-09-30 14:19:37,237 [Worker-649: Building] INFO  o.e.m.c.i.embedder.EclipseLogger - Copying 8 resources
2025-09-30 14:19:37,237 [Worker-649: Building] WARN  o.e.m.c.i.embedder.EclipseLogger - Using platform encoding (MS949 actually) to copy filtered resources, i.e. build is platform dependent!
2025-09-30 14:19:37,238 [Worker-649: Building] INFO  o.e.m.c.i.embedder.EclipseLogger - Copying 0 resource
2025-09-30 14:20:23,434 [Worker-646: Building] WARN  o.e.m.c.i.embedder.EclipseLogger - Using platform encoding (MS949 actually) to copy filtered resources, i.e. build is platform dependent!
2025-09-30 14:20:23,435 [Worker-646: Building] INFO  o.e.m.c.i.embedder.EclipseLogger - Copying 1 resource
2025-09-30 14:20:23,436 [Worker-646: Building] WARN  o.e.m.c.i.embedder.EclipseLogger - Using platform encoding (MS949 actually) to copy filtered resources, i.e. build is platform dependent!
2025-09-30 14:20:23,436 [Worker-646: Building] INFO  o.e.m.c.i.embedder.EclipseLogger - Copying 0 resource
2025-09-30 14:20:28,577 [Worker-646: Building] WARN  o.e.m.c.i.embedder.EclipseLogger - Using platform encoding (MS949 actually) to copy filtered resources, i.e. build is platform dependent!
2025-09-30 14:20:28,578 [Worker-646: Building] INFO  o.e.m.c.i.embedder.EclipseLogger - Copying 1 resource
2025-09-30 14:20:28,579 [Worker-646: Building] WARN  o.e.m.c.i.embedder.EclipseLogger - Using platform encoding (MS949 actually) to copy filtered resources, i.e. build is platform dependent!
2025-09-30 14:20:28,579 [Worker-646: Building] INFO  o.e.m.c.i.embedder.EclipseLogger - Copying 0 resource
2025-09-30 14:20:40,632 [Worker-649: Building] WARN  o.e.m.c.i.embedder.EclipseLogger - Using platform encoding (MS949 actually) to copy filtered resources, i.e. build is platform dependent!
2025-09-30 14:20:40,632 [Worker-649: Building] INFO  o.e.m.c.i.embedder.EclipseLogger - Copying 1 resource
2025-09-30 14:20:40,633 [Worker-649: Building] WARN  o.e.m.c.i.embedder.EclipseLogger - Using platform encoding (MS949 actually) to copy filtered resources, i.e. build is platform dependent!
2025-09-30 14:20:40,634 [Worker-649: Building] INFO  o.e.m.c.i.embedder.EclipseLogger - Copying 0 resource
2025-09-30 14:20:50,800 [Worker-655: Building] WARN  o.e.m.c.i.embedder.EclipseLogger - Using platform encoding (MS949 actually) to copy filtered resources, i.e. build is platform dependent!
2025-09-30 14:20:50,801 [Worker-655: Building] INFO  o.e.m.c.i.embedder.EclipseLogger - Copying 1 resource
2025-09-30 14:20:50,802 [Worker-655: Building] WARN  o.e.m.c.i.embedder.EclipseLogger - Using platform encoding (MS949 actually) to copy filtered resources, i.e. build is platform dependent!
2025-09-30 14:20:50,802 [Worker-655: Building] INFO  o.e.m.c.i.embedder.EclipseLogger - Copying 0 resource
2025-09-30 14:20:56,868 [Worker-646: Building] WARN  o.e.m.c.i.embedder.EclipseLogger - Using platform encoding (MS949 actually) to copy filtered resources, i.e. build is platform dependent!
2025-09-30 14:20:56,869 [Worker-646: Building] INFO  o.e.m.c.i.embedder.EclipseLogger - Copying 1 resource
2025-09-30 14:20:56,870 [Worker-646: Building] WARN  o.e.m.c.i.embedder.EclipseLogger - Using platform encoding (MS949 actually) to copy filtered resources, i.e. build is platform dependent!
2025-09-30 14:20:56,870 [Worker-646: Building] INFO  o.e.m.c.i.embedder.EclipseLogger - Copying 0 resource
2025-09-30 14:21:02,928 [Worker-658: Building] WARN  o.e.m.c.i.embedder.EclipseLogger - Using platform encoding (MS949 actually) to copy filtered resources, i.e. build is platform dependent!
2025-09-30 14:21:02,928 [Worker-658: Building] INFO  o.e.m.c.i.embedder.EclipseLogger - Copying 1 resource
2025-09-30 14:21:02,929 [Worker-658: Building] WARN  o.e.m.c.i.embedder.EclipseLogger - Using platform encoding (MS949 actually) to copy filtered resources, i.e. build is platform dependent!
2025-09-30 14:21:02,929 [Worker-658: Building] INFO  o.e.m.c.i.embedder.EclipseLogger - Copying 0 resource
2025-09-30 14:21:12,022 [Worker-656: Building] WARN  o.e.m.c.i.embedder.EclipseLogger - Using platform encoding (MS949 actually) to copy filtered resources, i.e. build is platform dependent!
2025-09-30 14:21:12,022 [Worker-656: Building] INFO  o.e.m.c.i.embedder.EclipseLogger - Copying 1 resource
2025-09-30 14:21:12,024 [Worker-656: Building] WARN  o.e.m.c.i.embedder.EclipseLogger - Using platform encoding (MS949 actually) to copy filtered resources, i.e. build is platform dependent!
2025-09-30 14:21:12,024 [Worker-656: Building] INFO  o.e.m.c.i.embedder.EclipseLogger - Copying 0 resource
2025-09-30 14:21:32,388 [Worker-649: Building] WARN  o.e.m.c.i.embedder.EclipseLogger - Using platform encoding (MS949 actually) to copy filtered resources, i.e. build is platform dependent!
2025-09-30 14:21:32,389 [Worker-649: Building] INFO  o.e.m.c.i.embedder.EclipseLogger - Copying 1 resource
2025-09-30 14:21:32,390 [Worker-649: Building] WARN  o.e.m.c.i.embedder.EclipseLogger - Using platform encoding (MS949 actually) to copy filtered resources, i.e. build is platform dependent!
2025-09-30 14:21:32,391 [Worker-649: Building] INFO  o.e.m.c.i.embedder.EclipseLogger - Copying 0 resource
2025-09-30 14:21:41,459 [Worker-649: Building] WARN  o.e.m.c.i.embedder.EclipseLogger - Using platform encoding (MS949 actually) to copy filtered resources, i.e. build is platform dependent!
2025-09-30 14:21:41,459 [Worker-649: Building] INFO  o.e.m.c.i.embedder.EclipseLogger - Copying 1 resource
2025-09-30 14:21:41,460 [Worker-649: Building] WARN  o.e.m.c.i.embedder.EclipseLogger - Using platform encoding (MS949 actually) to copy filtered resources, i.e. build is platform dependent!
2025-09-30 14:21:41,461 [Worker-649: Building] INFO  o.e.m.c.i.embedder.EclipseLogger - Copying 0 resource
2025-09-30 14:21:45,462 [Worker-656: Building] WARN  o.e.m.c.i.embedder.EclipseLogger - Using platform encoding (MS949 actually) to copy filtered resources, i.e. build is platform dependent!
2025-09-30 14:21:45,463 [Worker-656: Building] INFO  o.e.m.c.i.embedder.EclipseLogger - Copying 1 resource
2025-09-30 14:21:45,464 [Worker-656: Building] WARN  o.e.m.c.i.embedder.EclipseLogger - Using platform encoding (MS949 actually) to copy filtered resources, i.e. build is platform dependent!
2025-09-30 14:21:45,464 [Worker-656: Building] INFO  o.e.m.c.i.embedder.EclipseLogger - Copying 0 resource
2025-09-30 14:22:16,568 [Worker-646: Building] WARN  o.e.m.c.i.embedder.EclipseLogger - Using platform encoding (MS949 actually) to copy filtered resources, i.e. build is platform dependent!
2025-09-30 14:22:16,569 [Worker-646: Building] INFO  o.e.m.c.i.embedder.EclipseLogger - Copying 1 resource
2025-09-30 14:22:16,570 [Worker-646: Building] WARN  o.e.m.c.i.embedder.EclipseLogger - Using platform encoding (MS949 actually) to copy filtered resources, i.e. build is platform dependent!
2025-09-30 14:22:16,570 [Worker-646: Building] INFO  o.e.m.c.i.embedder.EclipseLogger - Copying 0 resource
2025-09-30 14:22:29,067 [Worker-646: Building] WARN  o.e.m.c.i.embedder.EclipseLogger - Using platform encoding (MS949 actually) to copy filtered resources, i.e. build is platform dependent!
2025-09-30 14:22:29,068 [Worker-646: Building] INFO  o.e.m.c.i.embedder.EclipseLogger - Copying 1 resource
2025-09-30 14:22:29,069 [Worker-646: Building] WARN  o.e.m.c.i.embedder.EclipseLogger - Using platform encoding (MS949 actually) to copy filtered resources, i.e. build is platform dependent!
2025-09-30 14:22:29,069 [Worker-646: Building] INFO  o.e.m.c.i.embedder.EclipseLogger - Copying 0 resource
2025-09-30 14:23:47,286 [Worker-658: Building] WARN  o.e.m.c.i.embedder.EclipseLogger - Using platform encoding (MS949 actually) to copy filtered resources, i.e. build is platform dependent!
2025-09-30 14:23:47,287 [Worker-658: Building] INFO  o.e.m.c.i.embedder.EclipseLogger - Copying 0 resource
2025-09-30 14:23:47,287 [Worker-658: Building] WARN  o.e.m.c.i.embedder.EclipseLogger - Using platform encoding (MS949 actually) to copy filtered resources, i.e. build is platform dependent!
2025-09-30 14:23:47,287 [Worker-658: Building] INFO  o.e.m.c.i.embedder.EclipseLogger - Copying 0 resource
2025-09-30 14:24:01,579 [Worker-646: Building] WARN  o.e.m.c.i.embedder.EclipseLogger - Using platform encoding (MS949 actually) to copy filtered resources, i.e. build is platform dependent!
2025-09-30 14:24:01,579 [Worker-646: Building] INFO  o.e.m.c.i.embedder.EclipseLogger - Copying 0 resource
2025-09-30 14:24:01,579 [Worker-646: Building] WARN  o.e.m.c.i.embedder.EclipseLogger - Using platform encoding (MS949 actually) to copy filtered resources, i.e. build is platform dependent!
2025-09-30 14:24:01,580 [Worker-646: Building] INFO  o.e.m.c.i.embedder.EclipseLogger - Copying 0 resource
2025-09-30 14:24:05,414 [Worker-646: Building] WARN  o.e.m.c.i.embedder.EclipseLogger - Using platform encoding (MS949 actually) to copy filtered resources, i.e. build is platform dependent!
2025-09-30 14:24:05,415 [Worker-646: Building] INFO  o.e.m.c.i.embedder.EclipseLogger - Copying 0 resource
2025-09-30 14:24:05,415 [Worker-646: Building] WARN  o.e.m.c.i.embedder.EclipseLogger - Using platform encoding (MS949 actually) to copy filtered resources, i.e. build is platform dependent!
2025-09-30 14:24:05,415 [Worker-646: Building] INFO  o.e.m.c.i.embedder.EclipseLogger - Copying 0 resource
2025-09-30 14:24:29,015 [Worker-646: Building] WARN  o.e.m.c.i.embedder.EclipseLogger - Using platform encoding (MS949 actually) to copy filtered resources, i.e. build is platform dependent!
2025-09-30 14:24:29,016 [Worker-646: Building] INFO  o.e.m.c.i.embedder.EclipseLogger - Copying 0 resource
2025-09-30 14:24:29,017 [Worker-646: Building] WARN  o.e.m.c.i.embedder.EclipseLogger - Using platform encoding (MS949 actually) to copy filtered resources, i.e. build is platform dependent!
2025-09-30 14:24:29,017 [Worker-646: Building] INFO  o.e.m.c.i.embedder.EclipseLogger - Copying 0 resource
2025-09-30 14:24:54,780 [Worker-658: Building] WARN  o.e.m.c.i.embedder.EclipseLogger - Using platform encoding (MS949 actually) to copy filtered resources, i.e. build is platform dependent!
2025-09-30 14:24:54,780 [Worker-658: Building] INFO  o.e.m.c.i.embedder.EclipseLogger - Copying 0 resource
2025-09-30 14:24:54,780 [Worker-658: Building] WARN  o.e.m.c.i.embedder.EclipseLogger - Using platform encoding (MS949 actually) to copy filtered resources, i.e. build is platform dependent!
2025-09-30 14:24:54,781 [Worker-658: Building] INFO  o.e.m.c.i.embedder.EclipseLogger - Copying 0 resource
2025-09-30 14:24:56,845 [Worker-656: Building] WARN  o.e.m.c.i.embedder.EclipseLogger - Using platform encoding (MS949 actually) to copy filtered resources, i.e. build is platform dependent!
2025-09-30 14:24:56,845 [Worker-656: Building] INFO  o.e.m.c.i.embedder.EclipseLogger - Copying 0 resource
2025-09-30 14:24:56,846 [Worker-656: Building] WARN  o.e.m.c.i.embedder.EclipseLogger - Using platform encoding (MS949 actually) to copy filtered resources, i.e. build is platform dependent!
2025-09-30 14:24:56,846 [Worker-656: Building] INFO  o.e.m.c.i.embedder.EclipseLogger - Copying 0 resource
2025-09-30 14:25:02,606 [Worker-646: Building] WARN  o.e.m.c.i.embedder.EclipseLogger - Using platform encoding (MS949 actually) to copy filtered resources, i.e. build is platform dependent!
2025-09-30 14:25:02,607 [Worker-646: Building] INFO  o.e.m.c.i.embedder.EclipseLogger - Copying 0 resource
2025-09-30 14:25:02,607 [Worker-646: Building] WARN  o.e.m.c.i.embedder.EclipseLogger - Using platform encoding (MS949 actually) to copy filtered resources, i.e. build is platform dependent!
2025-09-30 14:25:02,608 [Worker-646: Building] INFO  o.e.m.c.i.embedder.EclipseLogger - Copying 0 resource
2025-09-30 14:25:49,911 [Worker-649: Building] WARN  o.e.m.c.i.embedder.EclipseLogger - Using platform encoding (MS949 actually) to copy filtered resources, i.e. build is platform dependent!
2025-09-30 14:25:49,912 [Worker-649: Building] INFO  o.e.m.c.i.embedder.EclipseLogger - Copying 0 resource
2025-09-30 14:25:49,912 [Worker-649: Building] WARN  o.e.m.c.i.embedder.EclipseLogger - Using platform encoding (MS949 actually) to copy filtered resources, i.e. build is platform dependent!
2025-09-30 14:25:49,913 [Worker-649: Building] INFO  o.e.m.c.i.embedder.EclipseLogger - Copying 0 resource
2025-09-30 14:26:13,991 [Worker-656: Building] WARN  o.e.m.c.i.embedder.EclipseLogger - Using platform encoding (MS949 actually) to copy filtered resources, i.e. build is platform dependent!
2025-09-30 14:26:13,991 [Worker-656: Building] INFO  o.e.m.c.i.embedder.EclipseLogger - Copying 0 resource
2025-09-30 14:26:13,992 [Worker-656: Building] WARN  o.e.m.c.i.embedder.EclipseLogger - Using platform encoding (MS949 actually) to copy filtered resources, i.e. build is platform dependent!
2025-09-30 14:26:13,992 [Worker-656: Building] INFO  o.e.m.c.i.embedder.EclipseLogger - Copying 0 resource
2025-09-30 14:26:19,709 [Worker-655: Building] WARN  o.e.m.c.i.embedder.EclipseLogger - Using platform encoding (MS949 actually) to copy filtered resources, i.e. build is platform dependent!
2025-09-30 14:26:19,709 [Worker-655: Building] INFO  o.e.m.c.i.embedder.EclipseLogger - Copying 0 resource
2025-09-30 14:26:19,709 [Worker-655: Building] WARN  o.e.m.c.i.embedder.EclipseLogger - Using platform encoding (MS949 actually) to copy filtered resources, i.e. build is platform dependent!
2025-09-30 14:26:19,710 [Worker-655: Building] INFO  o.e.m.c.i.embedder.EclipseLogger - Copying 0 resource
2025-09-30 14:26:50,832 [Worker-655: Building] WARN  o.e.m.c.i.embedder.EclipseLogger - Using platform encoding (MS949 actually) to copy filtered resources, i.e. build is platform dependent!
2025-09-30 14:26:50,832 [Worker-655: Building] INFO  o.e.m.c.i.embedder.EclipseLogger - Copying 0 resource
2025-09-30 14:26:50,833 [Worker-655: Building] WARN  o.e.m.c.i.embedder.EclipseLogger - Using platform encoding (MS949 actually) to copy filtered resources, i.e. build is platform dependent!
2025-09-30 14:26:50,833 [Worker-655: Building] INFO  o.e.m.c.i.embedder.EclipseLogger - Copying 0 resource
2025-09-30 14:27:52,671 [Worker-658: Building] WARN  o.e.m.c.i.embedder.EclipseLogger - Using platform encoding (MS949 actually) to copy filtered resources, i.e. build is platform dependent!
2025-09-30 14:27:52,673 [Worker-658: Building] INFO  o.e.m.c.i.embedder.EclipseLogger - Copying 8 resources
2025-09-30 14:27:52,674 [Worker-658: Building] WARN  o.e.m.c.i.embedder.EclipseLogger - Using platform encoding (MS949 actually) to copy filtered resources, i.e. build is platform dependent!
2025-09-30 14:27:52,674 [Worker-658: Building] INFO  o.e.m.c.i.embedder.EclipseLogger - Copying 0 resource
2025-09-30 14:28:18,264 [Worker-655: Building] WARN  o.e.m.c.i.embedder.EclipseLogger - Using platform encoding (MS949 actually) to copy filtered resources, i.e. build is platform dependent!
2025-09-30 14:28:18,265 [Worker-655: Building] INFO  o.e.m.c.i.embedder.EclipseLogger - Copying 8 resources
2025-09-30 14:28:18,265 [Worker-655: Building] WARN  o.e.m.c.i.embedder.EclipseLogger - Using platform encoding (MS949 actually) to copy filtered resources, i.e. build is platform dependent!
2025-09-30 14:28:18,266 [Worker-655: Building] INFO  o.e.m.c.i.embedder.EclipseLogger - Copying 0 resource
2025-09-30 14:28:33,160 [Worker-657: Building] WARN  o.e.m.c.i.embedder.EclipseLogger - Using platform encoding (MS949 actually) to copy filtered resources, i.e. build is platform dependent!
2025-09-30 14:28:33,162 [Worker-657: Building] INFO  o.e.m.c.i.embedder.EclipseLogger - Copying 8 resources
2025-09-30 14:28:33,162 [Worker-657: Building] WARN  o.e.m.c.i.embedder.EclipseLogger - Using platform encoding (MS949 actually) to copy filtered resources, i.e. build is platform dependent!
2025-09-30 14:28:33,162 [Worker-657: Building] INFO  o.e.m.c.i.embedder.EclipseLogger - Copying 0 resource
2025-09-30 14:28:51,047 [Worker-658: Building] WARN  o.e.m.c.i.embedder.EclipseLogger - Using platform encoding (MS949 actually) to copy filtered resources, i.e. build is platform dependent!
2025-09-30 14:28:51,049 [Worker-658: Building] INFO  o.e.m.c.i.embedder.EclipseLogger - Copying 8 resources
2025-09-30 14:28:51,049 [Worker-658: Building] WARN  o.e.m.c.i.embedder.EclipseLogger - Using platform encoding (MS949 actually) to copy filtered resources, i.e. build is platform dependent!
2025-09-30 14:28:51,049 [Worker-658: Building] INFO  o.e.m.c.i.embedder.EclipseLogger - Copying 0 resource
2025-09-30 14:29:35,100 [Worker-658: Building] WARN  o.e.m.c.i.embedder.EclipseLogger - Using platform encoding (MS949 actually) to copy filtered resources, i.e. build is platform dependent!
2025-09-30 14:29:35,101 [Worker-658: Building] INFO  o.e.m.c.i.embedder.EclipseLogger - Copying 8 resources
2025-09-30 14:29:35,102 [Worker-658: Building] WARN  o.e.m.c.i.embedder.EclipseLogger - Using platform encoding (MS949 actually) to copy filtered resources, i.e. build is platform dependent!
2025-09-30 14:29:35,102 [Worker-658: Building] INFO  o.e.m.c.i.embedder.EclipseLogger - Copying 0 resource
2025-09-30 14:29:42,955 [Worker-646: Building] WARN  o.e.m.c.i.embedder.EclipseLogger - Using platform encoding (MS949 actually) to copy filtered resources, i.e. build is platform dependent!
2025-09-30 14:29:42,956 [Worker-646: Building] INFO  o.e.m.c.i.embedder.EclipseLogger - Copying 8 resources
2025-09-30 14:29:42,957 [Worker-646: Building] WARN  o.e.m.c.i.embedder.EclipseLogger - Using platform encoding (MS949 actually) to copy filtered resources, i.e. build is platform dependent!
2025-09-30 14:29:42,957 [Worker-646: Building] INFO  o.e.m.c.i.embedder.EclipseLogger - Copying 0 resource
2025-09-30 14:30:37,797 [Worker-655: Building] WARN  o.e.m.c.i.embedder.EclipseLogger - Using platform encoding (MS949 actually) to copy filtered resources, i.e. build is platform dependent!
2025-09-30 14:30:37,798 [Worker-655: Building] INFO  o.e.m.c.i.embedder.EclipseLogger - Copying 8 resources
2025-09-30 14:30:37,799 [Worker-655: Building] WARN  o.e.m.c.i.embedder.EclipseLogger - Using platform encoding (MS949 actually) to copy filtered resources, i.e. build is platform dependent!
2025-09-30 14:30:37,799 [Worker-655: Building] INFO  o.e.m.c.i.embedder.EclipseLogger - Copying 0 resource
2025-09-30 14:31:16,543 [Worker-656: Building] WARN  o.e.m.c.i.embedder.EclipseLogger - Using platform encoding (MS949 actually) to copy filtered resources, i.e. build is platform dependent!
2025-09-30 14:31:16,544 [Worker-656: Building] INFO  o.e.m.c.i.embedder.EclipseLogger - Copying 8 resources
2025-09-30 14:31:16,545 [Worker-656: Building] WARN  o.e.m.c.i.embedder.EclipseLogger - Using platform encoding (MS949 actually) to copy filtered resources, i.e. build is platform dependent!
2025-09-30 14:31:16,545 [Worker-656: Building] INFO  o.e.m.c.i.embedder.EclipseLogger - Copying 0 resource
2025-09-30 14:31:30,902 [Worker-658: Building] WARN  o.e.m.c.i.embedder.EclipseLogger - Using platform encoding (MS949 actually) to copy filtered resources, i.e. build is platform dependent!
2025-09-30 14:31:30,903 [Worker-658: Building] INFO  o.e.m.c.i.embedder.EclipseLogger - Copying 8 resources
2025-09-30 14:31:30,903 [Worker-658: Building] WARN  o.e.m.c.i.embedder.EclipseLogger - Using platform encoding (MS949 actually) to copy filtered resources, i.e. build is platform dependent!
2025-09-30 14:31:30,904 [Worker-658: Building] INFO  o.e.m.c.i.embedder.EclipseLogger - Copying 0 resource
2025-09-30 14:31:47,231 [Worker-646: Building] WARN  o.e.m.c.i.embedder.EclipseLogger - Using platform encoding (MS949 actually) to copy filtered resources, i.e. build is platform dependent!
2025-09-30 14:31:47,232 [Worker-646: Building] INFO  o.e.m.c.i.embedder.EclipseLogger - Copying 8 resources
2025-09-30 14:31:47,233 [Worker-646: Building] WARN  o.e.m.c.i.embedder.EclipseLogger - Using platform encoding (MS949 actually) to copy filtered resources, i.e. build is platform dependent!
2025-09-30 14:31:47,233 [Worker-646: Building] INFO  o.e.m.c.i.embedder.EclipseLogger - Copying 0 resource
2025-09-30 14:32:13,105 [Worker-646: Building] WARN  o.e.m.c.i.embedder.EclipseLogger - Using platform encoding (MS949 actually) to copy filtered resources, i.e. build is platform dependent!
2025-09-30 14:32:13,107 [Worker-646: Building] INFO  o.e.m.c.i.embedder.EclipseLogger - Copying 8 resources
2025-09-30 14:32:13,108 [Worker-646: Building] WARN  o.e.m.c.i.embedder.EclipseLogger - Using platform encoding (MS949 actually) to copy filtered resources, i.e. build is platform dependent!
2025-09-30 14:32:13,108 [Worker-646: Building] INFO  o.e.m.c.i.embedder.EclipseLogger - Copying 0 resource
2025-09-30 14:32:31,783 [Worker-658: Building] WARN  o.e.m.c.i.embedder.EclipseLogger - Using platform encoding (MS949 actually) to copy filtered resources, i.e. build is platform dependent!
2025-09-30 14:32:31,784 [Worker-658: Building] INFO  o.e.m.c.i.embedder.EclipseLogger - Copying 8 resources
2025-09-30 14:32:31,784 [Worker-658: Building] WARN  o.e.m.c.i.embedder.EclipseLogger - Using platform encoding (MS949 actually) to copy filtered resources, i.e. build is platform dependent!
2025-09-30 14:32:31,785 [Worker-658: Building] INFO  o.e.m.c.i.embedder.EclipseLogger - Copying 0 resource
2025-09-30 14:32:41,628 [Worker-656: Building] WARN  o.e.m.c.i.embedder.EclipseLogger - Using platform encoding (MS949 actually) to copy filtered resources, i.e. build is platform dependent!
2025-09-30 14:32:41,629 [Worker-656: Building] INFO  o.e.m.c.i.embedder.EclipseLogger - Copying 8 resources
2025-09-30 14:32:41,630 [Worker-656: Building] WARN  o.e.m.c.i.embedder.EclipseLogger - Using platform encoding (MS949 actually) to copy filtered resources, i.e. build is platform dependent!
2025-09-30 14:32:41,630 [Worker-656: Building] INFO  o.e.m.c.i.embedder.EclipseLogger - Copying 0 resource
2025-09-30 14:32:53,329 [Worker-655: Building] WARN  o.e.m.c.i.embedder.EclipseLogger - Using platform encoding (MS949 actually) to copy filtered resources, i.e. build is platform dependent!
2025-09-30 14:32:53,330 [Worker-655: Building] INFO  o.e.m.c.i.embedder.EclipseLogger - Copying 8 resources
2025-09-30 14:32:53,331 [Worker-655: Building] WARN  o.e.m.c.i.embedder.EclipseLogger - Using platform encoding (MS949 actually) to copy filtered resources, i.e. build is platform dependent!
2025-09-30 14:32:53,331 [Worker-655: Building] INFO  o.e.m.c.i.embedder.EclipseLogger - Copying 0 resource
2025-09-30 14:33:00,761 [Worker-655: Building] WARN  o.e.m.c.i.embedder.EclipseLogger - Using platform encoding (MS949 actually) to copy filtered resources, i.e. build is platform dependent!
2025-09-30 14:33:00,762 [Worker-655: Building] INFO  o.e.m.c.i.embedder.EclipseLogger - Copying 8 resources
2025-09-30 14:33:00,763 [Worker-655: Building] WARN  o.e.m.c.i.embedder.EclipseLogger - Using platform encoding (MS949 actually) to copy filtered resources, i.e. build is platform dependent!
2025-09-30 14:33:00,763 [Worker-655: Building] INFO  o.e.m.c.i.embedder.EclipseLogger - Copying 0 resource
2025-09-30 14:33:17,547 [Worker-649: Building] WARN  o.e.m.c.i.embedder.EclipseLogger - Using platform encoding (MS949 actually) to copy filtered resources, i.e. build is platform dependent!
2025-09-30 14:33:17,548 [Worker-649: Building] INFO  o.e.m.c.i.embedder.EclipseLogger - Copying 8 resources
2025-09-30 14:33:17,549 [Worker-649: Building] WARN  o.e.m.c.i.embedder.EclipseLogger - Using platform encoding (MS949 actually) to copy filtered resources, i.e. build is platform dependent!
2025-09-30 14:33:17,549 [Worker-649: Building] INFO  o.e.m.c.i.embedder.EclipseLogger - Copying 0 resource
2025-09-30 14:34:09,061 [Worker-658: Building] WARN  o.e.m.c.i.embedder.EclipseLogger - Using platform encoding (MS949 actually) to copy filtered resources, i.e. build is platform dependent!
2025-09-30 14:34:09,062 [Worker-658: Building] INFO  o.e.m.c.i.embedder.EclipseLogger - Copying 1 resource
2025-09-30 14:34:09,063 [Worker-658: Building] WARN  o.e.m.c.i.embedder.EclipseLogger - Using platform encoding (MS949 actually) to copy filtered resources, i.e. build is platform dependent!
2025-09-30 14:34:09,063 [Worker-658: Building] INFO  o.e.m.c.i.embedder.EclipseLogger - Copying 0 resource
2025-09-30 14:34:21,327 [Worker-658: Building] WARN  o.e.m.c.i.embedder.EclipseLogger - Using platform encoding (MS949 actually) to copy filtered resources, i.e. build is platform dependent!
2025-09-30 14:34:21,327 [Worker-658: Building] INFO  o.e.m.c.i.embedder.EclipseLogger - Copying 1 resource
2025-09-30 14:34:21,328 [Worker-658: Building] WARN  o.e.m.c.i.embedder.EclipseLogger - Using platform encoding (MS949 actually) to copy filtered resources, i.e. build is platform dependent!
2025-09-30 14:34:21,328 [Worker-658: Building] INFO  o.e.m.c.i.embedder.EclipseLogger - Copying 0 resource
2025-09-30 14:34:52,576 [Worker-658: Building] WARN  o.e.m.c.i.embedder.EclipseLogger - Using platform encoding (MS949 actually) to copy filtered resources, i.e. build is platform dependent!
2025-09-30 14:34:52,577 [Worker-658: Building] INFO  o.e.m.c.i.embedder.EclipseLogger - Copying 1 resource
2025-09-30 14:34:52,578 [Worker-658: Building] WARN  o.e.m.c.i.embedder.EclipseLogger - Using platform encoding (MS949 actually) to copy filtered resources, i.e. build is platform dependent!
2025-09-30 14:34:52,578 [Worker-658: Building] INFO  o.e.m.c.i.embedder.EclipseLogger - Copying 0 resource
2025-09-30 14:35:09,069 [Worker-658: Building] WARN  o.e.m.c.i.embedder.EclipseLogger - Using platform encoding (MS949 actually) to copy filtered resources, i.e. build is platform dependent!
2025-09-30 14:35:09,070 [Worker-658: Building] INFO  o.e.m.c.i.embedder.EclipseLogger - Copying 1 resource
2025-09-30 14:35:09,071 [Worker-658: Building] WARN  o.e.m.c.i.embedder.EclipseLogger - Using platform encoding (MS949 actually) to copy filtered resources, i.e. build is platform dependent!
2025-09-30 14:35:09,071 [Worker-658: Building] INFO  o.e.m.c.i.embedder.EclipseLogger - Copying 0 resource
2025-09-30 14:35:17,917 [Worker-646: Building] WARN  o.e.m.c.i.embedder.EclipseLogger - Using platform encoding (MS949 actually) to copy filtered resources, i.e. build is platform dependent!
2025-09-30 14:35:17,918 [Worker-646: Building] INFO  o.e.m.c.i.embedder.EclipseLogger - Copying 1 resource
2025-09-30 14:35:17,918 [Worker-646: Building] WARN  o.e.m.c.i.embedder.EclipseLogger - Using platform encoding (MS949 actually) to copy filtered resources, i.e. build is platform dependent!
2025-09-30 14:35:17,918 [Worker-646: Building] INFO  o.e.m.c.i.embedder.EclipseLogger - Copying 0 resource
2025-09-30 14:36:00,555 [Worker-655: Building] WARN  o.e.m.c.i.embedder.EclipseLogger - Using platform encoding (MS949 actually) to copy filtered resources, i.e. build is platform dependent!
2025-09-30 14:36:00,555 [Worker-655: Building] INFO  o.e.m.c.i.embedder.EclipseLogger - Copying 1 resource
2025-09-30 14:36:00,556 [Worker-655: Building] WARN  o.e.m.c.i.embedder.EclipseLogger - Using platform encoding (MS949 actually) to copy filtered resources, i.e. build is platform dependent!
2025-09-30 14:36:00,557 [Worker-655: Building] INFO  o.e.m.c.i.embedder.EclipseLogger - Copying 0 resource
2025-09-30 14:36:06,746 [Worker-646: Building] WARN  o.e.m.c.i.embedder.EclipseLogger - Using platform encoding (MS949 actually) to copy filtered resources, i.e. build is platform dependent!
2025-09-30 14:36:06,746 [Worker-646: Building] INFO  o.e.m.c.i.embedder.EclipseLogger - Copying 1 resource
2025-09-30 14:36:06,748 [Worker-646: Building] WARN  o.e.m.c.i.embedder.EclipseLogger - Using platform encoding (MS949 actually) to copy filtered resources, i.e. build is platform dependent!
2025-09-30 14:36:06,748 [Worker-646: Building] INFO  o.e.m.c.i.embedder.EclipseLogger - Copying 0 resource
2025-09-30 14:37:11,396 [Worker-655: Building] WARN  o.e.m.c.i.embedder.EclipseLogger - Using platform encoding (MS949 actually) to copy filtered resources, i.e. build is platform dependent!
2025-09-30 14:37:11,398 [Worker-655: Building] INFO  o.e.m.c.i.embedder.EclipseLogger - Copying 8 resources
2025-09-30 14:37:11,399 [Worker-655: Building] WARN  o.e.m.c.i.embedder.EclipseLogger - Using platform encoding (MS949 actually) to copy filtered resources, i.e. build is platform dependent!
2025-09-30 14:37:11,399 [Worker-655: Building] INFO  o.e.m.c.i.embedder.EclipseLogger - Copying 0 resource
2025-09-30 14:37:14,979 [Worker-656: Building] WARN  o.e.m.c.i.embedder.EclipseLogger - Using platform encoding (MS949 actually) to copy filtered resources, i.e. build is platform dependent!
2025-09-30 14:37:14,980 [Worker-656: Building] INFO  o.e.m.c.i.embedder.EclipseLogger - Copying 8 resources
2025-09-30 14:37:14,980 [Worker-656: Building] WARN  o.e.m.c.i.embedder.EclipseLogger - Using platform encoding (MS949 actually) to copy filtered resources, i.e. build is platform dependent!
2025-09-30 14:37:14,980 [Worker-656: Building] INFO  o.e.m.c.i.embedder.EclipseLogger - Copying 0 resource
2025-09-30 14:37:22,408 [Worker-656: Building] WARN  o.e.m.c.i.embedder.EclipseLogger - Using platform encoding (MS949 actually) to copy filtered resources, i.e. build is platform dependent!
2025-09-30 14:37:22,410 [Worker-656: Building] INFO  o.e.m.c.i.embedder.EclipseLogger - Copying 8 resources
2025-09-30 14:37:22,410 [Worker-656: Building] WARN  o.e.m.c.i.embedder.EclipseLogger - Using platform encoding (MS949 actually) to copy filtered resources, i.e. build is platform dependent!
2025-09-30 14:37:22,411 [Worker-656: Building] INFO  o.e.m.c.i.embedder.EclipseLogger - Copying 0 resource
2025-09-30 14:37:38,182 [Worker-655: Building] WARN  o.e.m.c.i.embedder.EclipseLogger - Using platform encoding (MS949 actually) to copy filtered resources, i.e. build is platform dependent!
2025-09-30 14:37:38,183 [Worker-655: Building] INFO  o.e.m.c.i.embedder.EclipseLogger - Copying 8 resources
2025-09-30 14:37:38,184 [Worker-655: Building] WARN  o.e.m.c.i.embedder.EclipseLogger - Using platform encoding (MS949 actually) to copy filtered resources, i.e. build is platform dependent!
2025-09-30 14:37:38,184 [Worker-655: Building] INFO  o.e.m.c.i.embedder.EclipseLogger - Copying 0 resource
2025-09-30 14:37:50,717 [Worker-659: Building] WARN  o.e.m.c.i.embedder.EclipseLogger - Using platform encoding (MS949 actually) to copy filtered resources, i.e. build is platform dependent!
2025-09-30 14:37:50,719 [Worker-659: Building] INFO  o.e.m.c.i.embedder.EclipseLogger - Copying 8 resources
2025-09-30 14:37:50,719 [Worker-659: Building] WARN  o.e.m.c.i.embedder.EclipseLogger - Using platform encoding (MS949 actually) to copy filtered resources, i.e. build is platform dependent!
2025-09-30 14:37:50,720 [Worker-659: Building] INFO  o.e.m.c.i.embedder.EclipseLogger - Copying 0 resource
2025-09-30 14:38:17,978 [Worker-659: Building] WARN  o.e.m.c.i.embedder.EclipseLogger - Using platform encoding (MS949 actually) to copy filtered resources, i.e. build is platform dependent!
2025-09-30 14:38:17,979 [Worker-659: Building] INFO  o.e.m.c.i.embedder.EclipseLogger - Copying 8 resources
2025-09-30 14:38:17,980 [Worker-659: Building] WARN  o.e.m.c.i.embedder.EclipseLogger - Using platform encoding (MS949 actually) to copy filtered resources, i.e. build is platform dependent!
2025-09-30 14:38:17,980 [Worker-659: Building] INFO  o.e.m.c.i.embedder.EclipseLogger - Copying 0 resource
2025-09-30 14:38:56,395 [Worker-657: Building] WARN  o.e.m.c.i.embedder.EclipseLogger - Using platform encoding (MS949 actually) to copy filtered resources, i.e. build is platform dependent!
2025-09-30 14:38:56,396 [Worker-657: Building] INFO  o.e.m.c.i.embedder.EclipseLogger - Copying 8 resources
2025-09-30 14:38:56,397 [Worker-657: Building] WARN  o.e.m.c.i.embedder.EclipseLogger - Using platform encoding (MS949 actually) to copy filtered resources, i.e. build is platform dependent!
2025-09-30 14:38:56,397 [Worker-657: Building] INFO  o.e.m.c.i.embedder.EclipseLogger - Copying 0 resource
2025-09-30 14:39:12,559 [Worker-655: Building] WARN  o.e.m.c.i.embedder.EclipseLogger - Using platform encoding (MS949 actually) to copy filtered resources, i.e. build is platform dependent!
2025-09-30 14:39:12,560 [Worker-655: Building] INFO  o.e.m.c.i.embedder.EclipseLogger - Copying 8 resources
2025-09-30 14:39:12,561 [Worker-655: Building] WARN  o.e.m.c.i.embedder.EclipseLogger - Using platform encoding (MS949 actually) to copy filtered resources, i.e. build is platform dependent!
2025-09-30 14:39:12,561 [Worker-655: Building] INFO  o.e.m.c.i.embedder.EclipseLogger - Copying 0 resource
2025-09-30 14:39:15,064 [Worker-659: Building] WARN  o.e.m.c.i.embedder.EclipseLogger - Using platform encoding (MS949 actually) to copy filtered resources, i.e. build is platform dependent!
2025-09-30 14:39:15,065 [Worker-659: Building] INFO  o.e.m.c.i.embedder.EclipseLogger - Copying 8 resources
2025-09-30 14:39:15,066 [Worker-659: Building] WARN  o.e.m.c.i.embedder.EclipseLogger - Using platform encoding (MS949 actually) to copy filtered resources, i.e. build is platform dependent!
2025-09-30 14:39:15,067 [Worker-659: Building] INFO  o.e.m.c.i.embedder.EclipseLogger - Copying 0 resource
2025-09-30 14:39:21,609 [Worker-659: Building] WARN  o.e.m.c.i.embedder.EclipseLogger - Using platform encoding (MS949 actually) to copy filtered resources, i.e. build is platform dependent!
2025-09-30 14:39:21,611 [Worker-659: Building] INFO  o.e.m.c.i.embedder.EclipseLogger - Copying 8 resources
2025-09-30 14:39:21,611 [Worker-659: Building] WARN  o.e.m.c.i.embedder.EclipseLogger - Using platform encoding (MS949 actually) to copy filtered resources, i.e. build is platform dependent!
2025-09-30 14:39:21,612 [Worker-659: Building] INFO  o.e.m.c.i.embedder.EclipseLogger - Copying 0 resource
2025-09-30 14:39:46,846 [Worker-659: Building] WARN  o.e.m.c.i.embedder.EclipseLogger - Using platform encoding (MS949 actually) to copy filtered resources, i.e. build is platform dependent!
2025-09-30 14:39:46,848 [Worker-659: Building] INFO  o.e.m.c.i.embedder.EclipseLogger - Copying 8 resources
2025-09-30 14:39:46,848 [Worker-659: Building] WARN  o.e.m.c.i.embedder.EclipseLogger - Using platform encoding (MS949 actually) to copy filtered resources, i.e. build is platform dependent!
2025-09-30 14:39:46,848 [Worker-659: Building] INFO  o.e.m.c.i.embedder.EclipseLogger - Copying 0 resource
2025-09-30 14:40:46,740 [Worker-660: Building] WARN  o.e.m.c.i.embedder.EclipseLogger - Using platform encoding (MS949 actually) to copy filtered resources, i.e. build is platform dependent!
2025-09-30 14:40:46,741 [Worker-660: Building] INFO  o.e.m.c.i.embedder.EclipseLogger - Copying 8 resources
2025-09-30 14:40:46,741 [Worker-660: Building] WARN  o.e.m.c.i.embedder.EclipseLogger - Using platform encoding (MS949 actually) to copy filtered resources, i.e. build is platform dependent!
2025-09-30 14:40:46,742 [Worker-660: Building] INFO  o.e.m.c.i.embedder.EclipseLogger - Copying 0 resource
2025-09-30 14:41:11,059 [Worker-655: Building] WARN  o.e.m.c.i.embedder.EclipseLogger - Using platform encoding (MS949 actually) to copy filtered resources, i.e. build is platform dependent!
2025-09-30 14:41:11,060 [Worker-655: Building] INFO  o.e.m.c.i.embedder.EclipseLogger - Copying 8 resources
2025-09-30 14:41:11,061 [Worker-655: Building] WARN  o.e.m.c.i.embedder.EclipseLogger - Using platform encoding (MS949 actually) to copy filtered resources, i.e. build is platform dependent!
2025-09-30 14:41:11,061 [Worker-655: Building] INFO  o.e.m.c.i.embedder.EclipseLogger - Copying 0 resource
2025-09-30 14:41:26,439 [Worker-658: Building] WARN  o.e.m.c.i.embedder.EclipseLogger - Using platform encoding (MS949 actually) to copy filtered resources, i.e. build is platform dependent!
2025-09-30 14:41:26,441 [Worker-658: Building] INFO  o.e.m.c.i.embedder.EclipseLogger - Copying 8 resources
2025-09-30 14:41:26,441 [Worker-658: Building] WARN  o.e.m.c.i.embedder.EclipseLogger - Using platform encoding (MS949 actually) to copy filtered resources, i.e. build is platform dependent!
2025-09-30 14:41:26,442 [Worker-658: Building] INFO  o.e.m.c.i.embedder.EclipseLogger - Copying 0 resource
2025-09-30 14:41:31,117 [Worker-660: Building] WARN  o.e.m.c.i.embedder.EclipseLogger - Using platform encoding (MS949 actually) to copy filtered resources, i.e. build is platform dependent!
2025-09-30 14:41:31,118 [Worker-660: Building] INFO  o.e.m.c.i.embedder.EclipseLogger - Copying 8 resources
2025-09-30 14:41:31,118 [Worker-660: Building] WARN  o.e.m.c.i.embedder.EclipseLogger - Using platform encoding (MS949 actually) to copy filtered resources, i.e. build is platform dependent!
2025-09-30 14:41:31,119 [Worker-660: Building] INFO  o.e.m.c.i.embedder.EclipseLogger - Copying 0 resource
2025-09-30 14:41:58,265 [Worker-658: Building] WARN  o.e.m.c.i.embedder.EclipseLogger - Using platform encoding (MS949 actually) to copy filtered resources, i.e. build is platform dependent!
2025-09-30 14:41:58,266 [Worker-658: Building] INFO  o.e.m.c.i.embedder.EclipseLogger - Copying 8 resources
2025-09-30 14:41:58,267 [Worker-658: Building] WARN  o.e.m.c.i.embedder.EclipseLogger - Using platform encoding (MS949 actually) to copy filtered resources, i.e. build is platform dependent!
2025-09-30 14:41:58,267 [Worker-658: Building] INFO  o.e.m.c.i.embedder.EclipseLogger - Copying 0 resource
2025-09-30 14:42:00,976 [Worker-656: Building] WARN  o.e.m.c.i.embedder.EclipseLogger - Using platform encoding (MS949 actually) to copy filtered resources, i.e. build is platform dependent!
2025-09-30 14:42:00,977 [Worker-656: Building] INFO  o.e.m.c.i.embedder.EclipseLogger - Copying 8 resources
2025-09-30 14:42:00,978 [Worker-656: Building] WARN  o.e.m.c.i.embedder.EclipseLogger - Using platform encoding (MS949 actually) to copy filtered resources, i.e. build is platform dependent!
2025-09-30 14:42:00,978 [Worker-656: Building] INFO  o.e.m.c.i.embedder.EclipseLogger - Copying 0 resource
2025-09-30 14:42:36,153 [Worker-662: Building] WARN  o.e.m.c.i.embedder.EclipseLogger - Using platform encoding (MS949 actually) to copy filtered resources, i.e. build is platform dependent!
2025-09-30 14:42:36,154 [Worker-662: Building] INFO  o.e.m.c.i.embedder.EclipseLogger - Copying 0 resource
2025-09-30 14:42:36,154 [Worker-662: Building] WARN  o.e.m.c.i.embedder.EclipseLogger - Using platform encoding (MS949 actually) to copy filtered resources, i.e. build is platform dependent!
2025-09-30 14:42:36,154 [Worker-662: Building] INFO  o.e.m.c.i.embedder.EclipseLogger - Copying 0 resource
2025-09-30 14:42:42,603 [Worker-656: Building] WARN  o.e.m.c.i.embedder.EclipseLogger - Using platform encoding (MS949 actually) to copy filtered resources, i.e. build is platform dependent!
2025-09-30 14:42:42,603 [Worker-656: Building] INFO  o.e.m.c.i.embedder.EclipseLogger - Copying 0 resource
2025-09-30 14:42:42,604 [Worker-656: Building] WARN  o.e.m.c.i.embedder.EclipseLogger - Using platform encoding (MS949 actually) to copy filtered resources, i.e. build is platform dependent!
2025-09-30 14:42:42,605 [Worker-656: Building] INFO  o.e.m.c.i.embedder.EclipseLogger - Copying 0 resource
2025-09-30 14:43:04,821 [Worker-656: Building] WARN  o.e.m.c.i.embedder.EclipseLogger - Using platform encoding (MS949 actually) to copy filtered resources, i.e. build is platform dependent!
2025-09-30 14:43:04,822 [Worker-656: Building] INFO  o.e.m.c.i.embedder.EclipseLogger - Copying 0 resource
2025-09-30 14:43:04,822 [Worker-656: Building] WARN  o.e.m.c.i.embedder.EclipseLogger - Using platform encoding (MS949 actually) to copy filtered resources, i.e. build is platform dependent!
2025-09-30 14:43:04,822 [Worker-656: Building] INFO  o.e.m.c.i.embedder.EclipseLogger - Copying 0 resource
2025-09-30 14:43:14,156 [Worker-661: Building] WARN  o.e.m.c.i.embedder.EclipseLogger - Using platform encoding (MS949 actually) to copy filtered resources, i.e. build is platform dependent!
2025-09-30 14:43:14,157 [Worker-661: Building] INFO  o.e.m.c.i.embedder.EclipseLogger - Copying 0 resource
2025-09-30 14:43:14,157 [Worker-661: Building] WARN  o.e.m.c.i.embedder.EclipseLogger - Using platform encoding (MS949 actually) to copy filtered resources, i.e. build is platform dependent!
2025-09-30 14:43:14,157 [Worker-661: Building] INFO  o.e.m.c.i.embedder.EclipseLogger - Copying 0 resource
2025-09-30 14:43:21,553 [Worker-661: Building] WARN  o.e.m.c.i.embedder.EclipseLogger - Using platform encoding (MS949 actually) to copy filtered resources, i.e. build is platform dependent!
2025-09-30 14:43:21,554 [Worker-661: Building] INFO  o.e.m.c.i.embedder.EclipseLogger - Copying 0 resource
2025-09-30 14:43:21,555 [Worker-661: Building] WARN  o.e.m.c.i.embedder.EclipseLogger - Using platform encoding (MS949 actually) to copy filtered resources, i.e. build is platform dependent!
2025-09-30 14:43:21,555 [Worker-661: Building] INFO  o.e.m.c.i.embedder.EclipseLogger - Copying 0 resource
2025-09-30 14:43:27,531 [Worker-658: Building] WARN  o.e.m.c.i.embedder.EclipseLogger - Using platform encoding (MS949 actually) to copy filtered resources, i.e. build is platform dependent!
2025-09-30 14:43:27,532 [Worker-658: Building] INFO  o.e.m.c.i.embedder.EclipseLogger - Copying 0 resource
2025-09-30 14:43:27,532 [Worker-658: Building] WARN  o.e.m.c.i.embedder.EclipseLogger - Using platform encoding (MS949 actually) to copy filtered resources, i.e. build is platform dependent!
2025-09-30 14:43:27,532 [Worker-658: Building] INFO  o.e.m.c.i.embedder.EclipseLogger - Copying 0 resource
2025-09-30 14:43:36,389 [Worker-660: Building] WARN  o.e.m.c.i.embedder.EclipseLogger - Using platform encoding (MS949 actually) to copy filtered resources, i.e. build is platform dependent!
2025-09-30 14:43:36,390 [Worker-660: Building] INFO  o.e.m.c.i.embedder.EclipseLogger - Copying 0 resource
2025-09-30 14:43:36,391 [Worker-660: Building] WARN  o.e.m.c.i.embedder.EclipseLogger - Using platform encoding (MS949 actually) to copy filtered resources, i.e. build is platform dependent!
2025-09-30 14:43:36,391 [Worker-660: Building] INFO  o.e.m.c.i.embedder.EclipseLogger - Copying 0 resource
2025-09-30 14:43:50,571 [Worker-656: Building] WARN  o.e.m.c.i.embedder.EclipseLogger - Using platform encoding (MS949 actually) to copy filtered resources, i.e. build is platform dependent!
2025-09-30 14:43:50,572 [Worker-656: Building] INFO  o.e.m.c.i.embedder.EclipseLogger - Copying 0 resource
2025-09-30 14:43:50,572 [Worker-656: Building] WARN  o.e.m.c.i.embedder.EclipseLogger - Using platform encoding (MS949 actually) to copy filtered resources, i.e. build is platform dependent!
2025-09-30 14:43:50,572 [Worker-656: Building] INFO  o.e.m.c.i.embedder.EclipseLogger - Copying 0 resource
2025-09-30 14:44:46,093 [Worker-656: Building] WARN  o.e.m.c.i.embedder.EclipseLogger - Using platform encoding (MS949 actually) to copy filtered resources, i.e. build is platform dependent!
2025-09-30 14:44:46,094 [Worker-656: Building] INFO  o.e.m.c.i.embedder.EclipseLogger - Copying 0 resource
2025-09-30 14:44:46,094 [Worker-656: Building] WARN  o.e.m.c.i.embedder.EclipseLogger - Using platform encoding (MS949 actually) to copy filtered resources, i.e. build is platform dependent!
2025-09-30 14:44:46,095 [Worker-656: Building] INFO  o.e.m.c.i.embedder.EclipseLogger - Copying 0 resource
2025-09-30 14:46:32,933 [Worker-656: Building] WARN  o.e.m.c.i.embedder.EclipseLogger - Using platform encoding (MS949 actually) to copy filtered resources, i.e. build is platform dependent!
2025-09-30 14:46:32,934 [Worker-656: Building] INFO  o.e.m.c.i.embedder.EclipseLogger - Copying 0 resource
2025-09-30 14:46:32,934 [Worker-656: Building] WARN  o.e.m.c.i.embedder.EclipseLogger - Using platform encoding (MS949 actually) to copy filtered resources, i.e. build is platform dependent!
2025-09-30 14:46:32,934 [Worker-656: Building] INFO  o.e.m.c.i.embedder.EclipseLogger - Copying 0 resource
2025-09-30 14:46:43,058 [Worker-657: Building] WARN  o.e.m.c.i.embedder.EclipseLogger - Using platform encoding (MS949 actually) to copy filtered resources, i.e. build is platform dependent!
2025-09-30 14:46:43,058 [Worker-657: Building] INFO  o.e.m.c.i.embedder.EclipseLogger - Copying 0 resource
2025-09-30 14:46:43,059 [Worker-657: Building] WARN  o.e.m.c.i.embedder.EclipseLogger - Using platform encoding (MS949 actually) to copy filtered resources, i.e. build is platform dependent!
2025-09-30 14:46:43,059 [Worker-657: Building] INFO  o.e.m.c.i.embedder.EclipseLogger - Copying 0 resource
2025-09-30 14:46:51,254 [Worker-663: Building] WARN  o.e.m.c.i.embedder.EclipseLogger - Using platform encoding (MS949 actually) to copy filtered resources, i.e. build is platform dependent!
2025-09-30 14:46:51,254 [Worker-663: Building] INFO  o.e.m.c.i.embedder.EclipseLogger - Copying 0 resource
2025-09-30 14:46:51,254 [Worker-663: Building] WARN  o.e.m.c.i.embedder.EclipseLogger - Using platform encoding (MS949 actually) to copy filtered resources, i.e. build is platform dependent!
2025-09-30 14:46:51,255 [Worker-663: Building] INFO  o.e.m.c.i.embedder.EclipseLogger - Copying 0 resource
2025-09-30 14:48:15,238 [Worker-661: Building] WARN  o.e.m.c.i.embedder.EclipseLogger - Using platform encoding (MS949 actually) to copy filtered resources, i.e. build is platform dependent!
2025-09-30 14:48:15,239 [Worker-661: Building] INFO  o.e.m.c.i.embedder.EclipseLogger - Copying 8 resources
2025-09-30 14:48:15,240 [Worker-661: Building] WARN  o.e.m.c.i.embedder.EclipseLogger - Using platform encoding (MS949 actually) to copy filtered resources, i.e. build is platform dependent!
2025-09-30 14:48:15,240 [Worker-661: Building] INFO  o.e.m.c.i.embedder.EclipseLogger - Copying 0 resource
2025-09-30 14:48:21,415 [Worker-665: Building] WARN  o.e.m.c.i.embedder.EclipseLogger - Using platform encoding (MS949 actually) to copy filtered resources, i.e. build is platform dependent!
2025-09-30 14:48:21,417 [Worker-665: Building] INFO  o.e.m.c.i.embedder.EclipseLogger - Copying 8 resources
2025-09-30 14:48:21,417 [Worker-665: Building] WARN  o.e.m.c.i.embedder.EclipseLogger - Using platform encoding (MS949 actually) to copy filtered resources, i.e. build is platform dependent!
2025-09-30 14:48:21,418 [Worker-665: Building] INFO  o.e.m.c.i.embedder.EclipseLogger - Copying 0 resource
2025-09-30 14:48:23,757 [Worker-667: Building] WARN  o.e.m.c.i.embedder.EclipseLogger - Using platform encoding (MS949 actually) to copy filtered resources, i.e. build is platform dependent!
2025-09-30 14:48:23,759 [Worker-667: Building] INFO  o.e.m.c.i.embedder.EclipseLogger - Copying 8 resources
2025-09-30 14:48:23,759 [Worker-667: Building] WARN  o.e.m.c.i.embedder.EclipseLogger - Using platform encoding (MS949 actually) to copy filtered resources, i.e. build is platform dependent!
2025-09-30 14:48:23,760 [Worker-667: Building] INFO  o.e.m.c.i.embedder.EclipseLogger - Copying 0 resource
2025-09-30 15:04:23,043 [Worker-671: Building] WARN  o.e.m.c.i.embedder.EclipseLogger - Using platform encoding (MS949 actually) to copy filtered resources, i.e. build is platform dependent!
2025-09-30 15:04:23,045 [Worker-671: Building] INFO  o.e.m.c.i.embedder.EclipseLogger - Copying 8 resources
2025-09-30 15:04:23,045 [Worker-671: Building] WARN  o.e.m.c.i.embedder.EclipseLogger - Using platform encoding (MS949 actually) to copy filtered resources, i.e. build is platform dependent!
2025-09-30 15:04:23,046 [Worker-671: Building] INFO  o.e.m.c.i.embedder.EclipseLogger - Copying 0 resource
2025-09-30 15:04:42,477 [Worker-671: Building] WARN  o.e.m.c.i.embedder.EclipseLogger - Using platform encoding (MS949 actually) to copy filtered resources, i.e. build is platform dependent!
2025-09-30 15:04:42,478 [Worker-671: Building] INFO  o.e.m.c.i.embedder.EclipseLogger - Copying 8 resources
2025-09-30 15:04:42,479 [Worker-671: Building] WARN  o.e.m.c.i.embedder.EclipseLogger - Using platform encoding (MS949 actually) to copy filtered resources, i.e. build is platform dependent!
2025-09-30 15:04:42,479 [Worker-671: Building] INFO  o.e.m.c.i.embedder.EclipseLogger - Copying 0 resource
2025-09-30 15:05:19,872 [Worker-672: Building] WARN  o.e.m.c.i.embedder.EclipseLogger - Using platform encoding (MS949 actually) to copy filtered resources, i.e. build is platform dependent!
2025-09-30 15:05:19,873 [Worker-672: Building] INFO  o.e.m.c.i.embedder.EclipseLogger - Copying 8 resources
2025-09-30 15:05:19,874 [Worker-672: Building] WARN  o.e.m.c.i.embedder.EclipseLogger - Using platform encoding (MS949 actually) to copy filtered resources, i.e. build is platform dependent!
2025-09-30 15:05:19,874 [Worker-672: Building] INFO  o.e.m.c.i.embedder.EclipseLogger - Copying 0 resource
2025-09-30 15:05:40,231 [Worker-671: Building] WARN  o.e.m.c.i.embedder.EclipseLogger - Using platform encoding (MS949 actually) to copy filtered resources, i.e. build is platform dependent!
2025-09-30 15:05:40,232 [Worker-671: Building] INFO  o.e.m.c.i.embedder.EclipseLogger - Copying 8 resources
2025-09-30 15:05:40,233 [Worker-671: Building] WARN  o.e.m.c.i.embedder.EclipseLogger - Using platform encoding (MS949 actually) to copy filtered resources, i.e. build is platform dependent!
2025-09-30 15:05:40,233 [Worker-671: Building] INFO  o.e.m.c.i.embedder.EclipseLogger - Copying 0 resource
2025-09-30 15:06:22,462 [Worker-674: Building] WARN  o.e.m.c.i.embedder.EclipseLogger - Using platform encoding (MS949 actually) to copy filtered resources, i.e. build is platform dependent!
2025-09-30 15:06:22,463 [Worker-674: Building] INFO  o.e.m.c.i.embedder.EclipseLogger - Copying 8 resources
2025-09-30 15:06:22,464 [Worker-674: Building] WARN  o.e.m.c.i.embedder.EclipseLogger - Using platform encoding (MS949 actually) to copy filtered resources, i.e. build is platform dependent!
2025-09-30 15:06:22,464 [Worker-674: Building] INFO  o.e.m.c.i.embedder.EclipseLogger - Copying 0 resource
2025-09-30 15:06:45,339 [Worker-674: Building] WARN  o.e.m.c.i.embedder.EclipseLogger - Using platform encoding (MS949 actually) to copy filtered resources, i.e. build is platform dependent!
2025-09-30 15:06:45,341 [Worker-674: Building] INFO  o.e.m.c.i.embedder.EclipseLogger - Copying 8 resources
2025-09-30 15:06:45,341 [Worker-674: Building] WARN  o.e.m.c.i.embedder.EclipseLogger - Using platform encoding (MS949 actually) to copy filtered resources, i.e. build is platform dependent!
2025-09-30 15:06:45,342 [Worker-674: Building] INFO  o.e.m.c.i.embedder.EclipseLogger - Copying 0 resource
2025-09-30 15:06:48,161 [Worker-670: Building] WARN  o.e.m.c.i.embedder.EclipseLogger - Using platform encoding (MS949 actually) to copy filtered resources, i.e. build is platform dependent!
2025-09-30 15:06:48,162 [Worker-670: Building] INFO  o.e.m.c.i.embedder.EclipseLogger - Copying 8 resources
2025-09-30 15:06:48,163 [Worker-670: Building] WARN  o.e.m.c.i.embedder.EclipseLogger - Using platform encoding (MS949 actually) to copy filtered resources, i.e. build is platform dependent!
2025-09-30 15:06:48,163 [Worker-670: Building] INFO  o.e.m.c.i.embedder.EclipseLogger - Copying 0 resource
2025-09-30 15:07:02,049 [Worker-672: Building] WARN  o.e.m.c.i.embedder.EclipseLogger - Using platform encoding (MS949 actually) to copy filtered resources, i.e. build is platform dependent!
2025-09-30 15:07:02,050 [Worker-672: Building] INFO  o.e.m.c.i.embedder.EclipseLogger - Copying 8 resources
2025-09-30 15:07:02,051 [Worker-672: Building] WARN  o.e.m.c.i.embedder.EclipseLogger - Using platform encoding (MS949 actually) to copy filtered resources, i.e. build is platform dependent!
2025-09-30 15:07:02,051 [Worker-672: Building] INFO  o.e.m.c.i.embedder.EclipseLogger - Copying 0 resource
2025-09-30 15:07:06,861 [Worker-673: Building] WARN  o.e.m.c.i.embedder.EclipseLogger - Using platform encoding (MS949 actually) to copy filtered resources, i.e. build is platform dependent!
2025-09-30 15:07:06,862 [Worker-673: Building] INFO  o.e.m.c.i.embedder.EclipseLogger - Copying 8 resources
2025-09-30 15:07:06,863 [Worker-673: Building] WARN  o.e.m.c.i.embedder.EclipseLogger - Using platform encoding (MS949 actually) to copy filtered resources, i.e. build is platform dependent!
2025-09-30 15:07:06,863 [Worker-673: Building] INFO  o.e.m.c.i.embedder.EclipseLogger - Copying 0 resource
2025-09-30 15:07:42,879 [Worker-673: Building] WARN  o.e.m.c.i.embedder.EclipseLogger - Using platform encoding (MS949 actually) to copy filtered resources, i.e. build is platform dependent!
2025-09-30 15:07:42,880 [Worker-673: Building] INFO  o.e.m.c.i.embedder.EclipseLogger - Copying 8 resources
2025-09-30 15:07:42,880 [Worker-673: Building] WARN  o.e.m.c.i.embedder.EclipseLogger - Using platform encoding (MS949 actually) to copy filtered resources, i.e. build is platform dependent!
2025-09-30 15:07:42,881 [Worker-673: Building] INFO  o.e.m.c.i.embedder.EclipseLogger - Copying 0 resource
2025-09-30 15:07:46,900 [Worker-670: Building] WARN  o.e.m.c.i.embedder.EclipseLogger - Using platform encoding (MS949 actually) to copy filtered resources, i.e. build is platform dependent!
2025-09-30 15:07:46,901 [Worker-670: Building] INFO  o.e.m.c.i.embedder.EclipseLogger - Copying 8 resources
2025-09-30 15:07:46,901 [Worker-670: Building] WARN  o.e.m.c.i.embedder.EclipseLogger - Using platform encoding (MS949 actually) to copy filtered resources, i.e. build is platform dependent!
2025-09-30 15:07:46,902 [Worker-670: Building] INFO  o.e.m.c.i.embedder.EclipseLogger - Copying 0 resource
2025-09-30 15:07:55,769 [Worker-673: Building] WARN  o.e.m.c.i.embedder.EclipseLogger - Using platform encoding (MS949 actually) to copy filtered resources, i.e. build is platform dependent!
2025-09-30 15:07:55,770 [Worker-673: Building] INFO  o.e.m.c.i.embedder.EclipseLogger - Copying 8 resources
2025-09-30 15:07:55,770 [Worker-673: Building] WARN  o.e.m.c.i.embedder.EclipseLogger - Using platform encoding (MS949 actually) to copy filtered resources, i.e. build is platform dependent!
2025-09-30 15:07:55,771 [Worker-673: Building] INFO  o.e.m.c.i.embedder.EclipseLogger - Copying 0 resource
2025-09-30 15:07:56,947 [Worker-669: Building] WARN  o.e.m.c.i.embedder.EclipseLogger - Using platform encoding (MS949 actually) to copy filtered resources, i.e. build is platform dependent!
2025-09-30 15:07:56,948 [Worker-669: Building] INFO  o.e.m.c.i.embedder.EclipseLogger - Copying 8 resources
2025-09-30 15:07:56,948 [Worker-669: Building] WARN  o.e.m.c.i.embedder.EclipseLogger - Using platform encoding (MS949 actually) to copy filtered resources, i.e. build is platform dependent!
2025-09-30 15:07:56,948 [Worker-669: Building] INFO  o.e.m.c.i.embedder.EclipseLogger - Copying 0 resource
2025-09-30 15:09:18,959 [Worker-670: Building] WARN  o.e.m.c.i.embedder.EclipseLogger - Using platform encoding (MS949 actually) to copy filtered resources, i.e. build is platform dependent!
2025-09-30 15:09:18,960 [Worker-670: Building] INFO  o.e.m.c.i.embedder.EclipseLogger - Copying 8 resources
2025-09-30 15:09:18,961 [Worker-670: Building] WARN  o.e.m.c.i.embedder.EclipseLogger - Using platform encoding (MS949 actually) to copy filtered resources, i.e. build is platform dependent!
2025-09-30 15:09:18,961 [Worker-670: Building] INFO  o.e.m.c.i.embedder.EclipseLogger - Copying 0 resource
2025-09-30 15:09:40,330 [Worker-671: Building] WARN  o.e.m.c.i.embedder.EclipseLogger - Using platform encoding (MS949 actually) to copy filtered resources, i.e. build is platform dependent!
2025-09-30 15:09:40,331 [Worker-671: Building] INFO  o.e.m.c.i.embedder.EclipseLogger - Copying 8 resources
2025-09-30 15:09:40,332 [Worker-671: Building] WARN  o.e.m.c.i.embedder.EclipseLogger - Using platform encoding (MS949 actually) to copy filtered resources, i.e. build is platform dependent!
2025-09-30 15:09:40,332 [Worker-671: Building] INFO  o.e.m.c.i.embedder.EclipseLogger - Copying 0 resource
2025-09-30 15:09:48,004 [Worker-672: Building] WARN  o.e.m.c.i.embedder.EclipseLogger - Using platform encoding (MS949 actually) to copy filtered resources, i.e. build is platform dependent!
2025-09-30 15:09:48,005 [Worker-672: Building] INFO  o.e.m.c.i.embedder.EclipseLogger - Copying 8 resources
2025-09-30 15:09:48,006 [Worker-672: Building] WARN  o.e.m.c.i.embedder.EclipseLogger - Using platform encoding (MS949 actually) to copy filtered resources, i.e. build is platform dependent!
2025-09-30 15:09:48,006 [Worker-672: Building] INFO  o.e.m.c.i.embedder.EclipseLogger - Copying 0 resource
2025-09-30 15:09:50,378 [Worker-673: Building] WARN  o.e.m.c.i.embedder.EclipseLogger - Using platform encoding (MS949 actually) to copy filtered resources, i.e. build is platform dependent!
2025-09-30 15:09:50,379 [Worker-673: Building] INFO  o.e.m.c.i.embedder.EclipseLogger - Copying 8 resources
2025-09-30 15:09:50,380 [Worker-673: Building] WARN  o.e.m.c.i.embedder.EclipseLogger - Using platform encoding (MS949 actually) to copy filtered resources, i.e. build is platform dependent!
2025-09-30 15:09:50,380 [Worker-673: Building] INFO  o.e.m.c.i.embedder.EclipseLogger - Copying 0 resource
2025-09-30 15:10:03,188 [Worker-672: Building] WARN  o.e.m.c.i.embedder.EclipseLogger - Using platform encoding (MS949 actually) to copy filtered resources, i.e. build is platform dependent!
2025-09-30 15:10:03,189 [Worker-672: Building] INFO  o.e.m.c.i.embedder.EclipseLogger - Copying 8 resources
2025-09-30 15:10:03,189 [Worker-672: Building] WARN  o.e.m.c.i.embedder.EclipseLogger - Using platform encoding (MS949 actually) to copy filtered resources, i.e. build is platform dependent!
2025-09-30 15:10:03,190 [Worker-672: Building] INFO  o.e.m.c.i.embedder.EclipseLogger - Copying 0 resource
2025-09-30 15:10:09,267 [Worker-669: Building] WARN  o.e.m.c.i.embedder.EclipseLogger - Using platform encoding (MS949 actually) to copy filtered resources, i.e. build is platform dependent!
2025-09-30 15:10:09,268 [Worker-669: Building] INFO  o.e.m.c.i.embedder.EclipseLogger - Copying 8 resources
2025-09-30 15:10:09,268 [Worker-669: Building] WARN  o.e.m.c.i.embedder.EclipseLogger - Using platform encoding (MS949 actually) to copy filtered resources, i.e. build is platform dependent!
2025-09-30 15:10:09,268 [Worker-669: Building] INFO  o.e.m.c.i.embedder.EclipseLogger - Copying 0 resource
2025-09-30 15:10:21,963 [Worker-674: Building] WARN  o.e.m.c.i.embedder.EclipseLogger - Using platform encoding (MS949 actually) to copy filtered resources, i.e. build is platform dependent!
2025-09-30 15:10:21,964 [Worker-674: Building] INFO  o.e.m.c.i.embedder.EclipseLogger - Copying 8 resources
2025-09-30 15:10:21,964 [Worker-674: Building] WARN  o.e.m.c.i.embedder.EclipseLogger - Using platform encoding (MS949 actually) to copy filtered resources, i.e. build is platform dependent!
2025-09-30 15:10:21,964 [Worker-674: Building] INFO  o.e.m.c.i.embedder.EclipseLogger - Copying 0 resource
2025-09-30 15:10:31,777 [Worker-674: Building] WARN  o.e.m.c.i.embedder.EclipseLogger - Using platform encoding (MS949 actually) to copy filtered resources, i.e. build is platform dependent!
2025-09-30 15:10:31,778 [Worker-674: Building] INFO  o.e.m.c.i.embedder.EclipseLogger - Copying 8 resources
2025-09-30 15:10:31,779 [Worker-674: Building] WARN  o.e.m.c.i.embedder.EclipseLogger - Using platform encoding (MS949 actually) to copy filtered resources, i.e. build is platform dependent!
2025-09-30 15:10:31,779 [Worker-674: Building] INFO  o.e.m.c.i.embedder.EclipseLogger - Copying 0 resource
2025-09-30 15:10:38,647 [Worker-670: Building] WARN  o.e.m.c.i.embedder.EclipseLogger - Using platform encoding (MS949 actually) to copy filtered resources, i.e. build is platform dependent!
2025-09-30 15:10:38,648 [Worker-670: Building] INFO  o.e.m.c.i.embedder.EclipseLogger - Copying 8 resources
2025-09-30 15:10:38,649 [Worker-670: Building] WARN  o.e.m.c.i.embedder.EclipseLogger - Using platform encoding (MS949 actually) to copy filtered resources, i.e. build is platform dependent!
2025-09-30 15:10:38,649 [Worker-670: Building] INFO  o.e.m.c.i.embedder.EclipseLogger - Copying 0 resource
2025-09-30 15:10:49,268 [Worker-672: Building] WARN  o.e.m.c.i.embedder.EclipseLogger - Using platform encoding (MS949 actually) to copy filtered resources, i.e. build is platform dependent!
2025-09-30 15:10:49,270 [Worker-672: Building] INFO  o.e.m.c.i.embedder.EclipseLogger - Copying 8 resources
2025-09-30 15:10:49,270 [Worker-672: Building] WARN  o.e.m.c.i.embedder.EclipseLogger - Using platform encoding (MS949 actually) to copy filtered resources, i.e. build is platform dependent!
2025-09-30 15:10:49,270 [Worker-672: Building] INFO  o.e.m.c.i.embedder.EclipseLogger - Copying 0 resource
2025-09-30 15:10:50,797 [Worker-669: Building] WARN  o.e.m.c.i.embedder.EclipseLogger - Using platform encoding (MS949 actually) to copy filtered resources, i.e. build is platform dependent!
2025-09-30 15:10:50,798 [Worker-669: Building] INFO  o.e.m.c.i.embedder.EclipseLogger - Copying 8 resources
2025-09-30 15:10:50,798 [Worker-669: Building] WARN  o.e.m.c.i.embedder.EclipseLogger - Using platform encoding (MS949 actually) to copy filtered resources, i.e. build is platform dependent!
2025-09-30 15:10:50,798 [Worker-669: Building] INFO  o.e.m.c.i.embedder.EclipseLogger - Copying 0 resource
2025-09-30 15:11:06,218 [Worker-670: Building] WARN  o.e.m.c.i.embedder.EclipseLogger - Using platform encoding (MS949 actually) to copy filtered resources, i.e. build is platform dependent!
2025-09-30 15:11:06,219 [Worker-670: Building] INFO  o.e.m.c.i.embedder.EclipseLogger - Copying 8 resources
2025-09-30 15:11:06,220 [Worker-670: Building] WARN  o.e.m.c.i.embedder.EclipseLogger - Using platform encoding (MS949 actually) to copy filtered resources, i.e. build is platform dependent!
2025-09-30 15:11:06,220 [Worker-670: Building] INFO  o.e.m.c.i.embedder.EclipseLogger - Copying 0 resource
2025-09-30 15:11:08,246 [Worker-672: Building] WARN  o.e.m.c.i.embedder.EclipseLogger - Using platform encoding (MS949 actually) to copy filtered resources, i.e. build is platform dependent!
2025-09-30 15:11:08,248 [Worker-672: Building] INFO  o.e.m.c.i.embedder.EclipseLogger - Copying 8 resources
2025-09-30 15:11:08,248 [Worker-672: Building] WARN  o.e.m.c.i.embedder.EclipseLogger - Using platform encoding (MS949 actually) to copy filtered resources, i.e. build is platform dependent!
2025-09-30 15:11:08,248 [Worker-672: Building] INFO  o.e.m.c.i.embedder.EclipseLogger - Copying 0 resource
2025-09-30 15:11:20,864 [Worker-671: Building] WARN  o.e.m.c.i.embedder.EclipseLogger - Using platform encoding (MS949 actually) to copy filtered resources, i.e. build is platform dependent!
2025-09-30 15:11:20,866 [Worker-671: Building] INFO  o.e.m.c.i.embedder.EclipseLogger - Copying 8 resources
2025-09-30 15:11:20,866 [Worker-671: Building] WARN  o.e.m.c.i.embedder.EclipseLogger - Using platform encoding (MS949 actually) to copy filtered resources, i.e. build is platform dependent!
2025-09-30 15:11:20,867 [Worker-671: Building] INFO  o.e.m.c.i.embedder.EclipseLogger - Copying 0 resource
2025-09-30 15:11:39,020 [Worker-671: Building] WARN  o.e.m.c.i.embedder.EclipseLogger - Using platform encoding (MS949 actually) to copy filtered resources, i.e. build is platform dependent!
2025-09-30 15:11:39,021 [Worker-671: Building] INFO  o.e.m.c.i.embedder.EclipseLogger - Copying 8 resources
2025-09-30 15:11:39,022 [Worker-671: Building] WARN  o.e.m.c.i.embedder.EclipseLogger - Using platform encoding (MS949 actually) to copy filtered resources, i.e. build is platform dependent!
2025-09-30 15:11:39,022 [Worker-671: Building] INFO  o.e.m.c.i.embedder.EclipseLogger - Copying 0 resource
2025-09-30 15:11:50,080 [Worker-672: Building] WARN  o.e.m.c.i.embedder.EclipseLogger - Using platform encoding (MS949 actually) to copy filtered resources, i.e. build is platform dependent!
2025-09-30 15:11:50,081 [Worker-672: Building] INFO  o.e.m.c.i.embedder.EclipseLogger - Copying 8 resources
2025-09-30 15:11:50,082 [Worker-672: Building] WARN  o.e.m.c.i.embedder.EclipseLogger - Using platform encoding (MS949 actually) to copy filtered resources, i.e. build is platform dependent!
2025-09-30 15:11:50,082 [Worker-672: Building] INFO  o.e.m.c.i.embedder.EclipseLogger - Copying 0 resource
2025-09-30 15:11:56,098 [Worker-673: Building] WARN  o.e.m.c.i.embedder.EclipseLogger - Using platform encoding (MS949 actually) to copy filtered resources, i.e. build is platform dependent!
2025-09-30 15:11:56,099 [Worker-673: Building] INFO  o.e.m.c.i.embedder.EclipseLogger - Copying 8 resources
2025-09-30 15:11:56,100 [Worker-673: Building] WARN  o.e.m.c.i.embedder.EclipseLogger - Using platform encoding (MS949 actually) to copy filtered resources, i.e. build is platform dependent!
2025-09-30 15:11:56,100 [Worker-673: Building] INFO  o.e.m.c.i.embedder.EclipseLogger - Copying 0 resource
2025-09-30 15:12:01,426 [Worker-672: Building] WARN  o.e.m.c.i.embedder.EclipseLogger - Using platform encoding (MS949 actually) to copy filtered resources, i.e. build is platform dependent!
2025-09-30 15:12:01,428 [Worker-672: Building] INFO  o.e.m.c.i.embedder.EclipseLogger - Copying 8 resources
2025-09-30 15:12:01,428 [Worker-672: Building] WARN  o.e.m.c.i.embedder.EclipseLogger - Using platform encoding (MS949 actually) to copy filtered resources, i.e. build is platform dependent!
2025-09-30 15:12:01,429 [Worker-672: Building] INFO  o.e.m.c.i.embedder.EclipseLogger - Copying 0 resource
2025-09-30 15:12:03,503 [Worker-670: Building] WARN  o.e.m.c.i.embedder.EclipseLogger - Using platform encoding (MS949 actually) to copy filtered resources, i.e. build is platform dependent!
2025-09-30 15:12:03,505 [Worker-670: Building] INFO  o.e.m.c.i.embedder.EclipseLogger - Copying 8 resources
2025-09-30 15:12:03,505 [Worker-670: Building] WARN  o.e.m.c.i.embedder.EclipseLogger - Using platform encoding (MS949 actually) to copy filtered resources, i.e. build is platform dependent!
2025-09-30 15:12:03,505 [Worker-670: Building] INFO  o.e.m.c.i.embedder.EclipseLogger - Copying 0 resource
2025-09-30 15:12:11,032 [Worker-675: Building] WARN  o.e.m.c.i.embedder.EclipseLogger - Using platform encoding (MS949 actually) to copy filtered resources, i.e. build is platform dependent!
2025-09-30 15:12:11,033 [Worker-675: Building] INFO  o.e.m.c.i.embedder.EclipseLogger - Copying 8 resources
2025-09-30 15:12:11,034 [Worker-675: Building] WARN  o.e.m.c.i.embedder.EclipseLogger - Using platform encoding (MS949 actually) to copy filtered resources, i.e. build is platform dependent!
2025-09-30 15:12:11,034 [Worker-675: Building] INFO  o.e.m.c.i.embedder.EclipseLogger - Copying 0 resource
2025-09-30 15:12:28,836 [Worker-676: Building] WARN  o.e.m.c.i.embedder.EclipseLogger - Using platform encoding (MS949 actually) to copy filtered resources, i.e. build is platform dependent!
2025-09-30 15:12:28,837 [Worker-676: Building] INFO  o.e.m.c.i.embedder.EclipseLogger - Copying 8 resources
2025-09-30 15:12:28,838 [Worker-676: Building] WARN  o.e.m.c.i.embedder.EclipseLogger - Using platform encoding (MS949 actually) to copy filtered resources, i.e. build is platform dependent!
2025-09-30 15:12:28,838 [Worker-676: Building] INFO  o.e.m.c.i.embedder.EclipseLogger - Copying 0 resource
2025-09-30 15:12:45,797 [Worker-669: Building] WARN  o.e.m.c.i.embedder.EclipseLogger - Using platform encoding (MS949 actually) to copy filtered resources, i.e. build is platform dependent!
2025-09-30 15:12:45,798 [Worker-669: Building] INFO  o.e.m.c.i.embedder.EclipseLogger - Copying 8 resources
2025-09-30 15:12:45,799 [Worker-669: Building] WARN  o.e.m.c.i.embedder.EclipseLogger - Using platform encoding (MS949 actually) to copy filtered resources, i.e. build is platform dependent!
2025-09-30 15:12:45,799 [Worker-669: Building] INFO  o.e.m.c.i.embedder.EclipseLogger - Copying 0 resource
2025-09-30 15:12:49,677 [Worker-676: Building] WARN  o.e.m.c.i.embedder.EclipseLogger - Using platform encoding (MS949 actually) to copy filtered resources, i.e. build is platform dependent!
2025-09-30 15:12:49,678 [Worker-676: Building] INFO  o.e.m.c.i.embedder.EclipseLogger - Copying 8 resources
2025-09-30 15:12:49,678 [Worker-676: Building] WARN  o.e.m.c.i.embedder.EclipseLogger - Using platform encoding (MS949 actually) to copy filtered resources, i.e. build is platform dependent!
2025-09-30 15:12:49,678 [Worker-676: Building] INFO  o.e.m.c.i.embedder.EclipseLogger - Copying 0 resource
2025-09-30 15:12:58,907 [Worker-675: Building] WARN  o.e.m.c.i.embedder.EclipseLogger - Using platform encoding (MS949 actually) to copy filtered resources, i.e. build is platform dependent!
2025-09-30 15:12:58,908 [Worker-675: Building] INFO  o.e.m.c.i.embedder.EclipseLogger - Copying 8 resources
2025-09-30 15:12:58,909 [Worker-675: Building] WARN  o.e.m.c.i.embedder.EclipseLogger - Using platform encoding (MS949 actually) to copy filtered resources, i.e. build is platform dependent!
2025-09-30 15:12:58,909 [Worker-675: Building] INFO  o.e.m.c.i.embedder.EclipseLogger - Copying 0 resource
2025-09-30 15:13:01,284 [Worker-676: Building] WARN  o.e.m.c.i.embedder.EclipseLogger - Using platform encoding (MS949 actually) to copy filtered resources, i.e. build is platform dependent!
2025-09-30 15:13:01,286 [Worker-676: Building] INFO  o.e.m.c.i.embedder.EclipseLogger - Copying 8 resources
2025-09-30 15:13:01,286 [Worker-676: Building] WARN  o.e.m.c.i.embedder.EclipseLogger - Using platform encoding (MS949 actually) to copy filtered resources, i.e. build is platform dependent!
2025-09-30 15:13:01,286 [Worker-676: Building] INFO  o.e.m.c.i.embedder.EclipseLogger - Copying 0 resource
2025-09-30 15:13:10,911 [Worker-672: Building] WARN  o.e.m.c.i.embedder.EclipseLogger - Using platform encoding (MS949 actually) to copy filtered resources, i.e. build is platform dependent!
2025-09-30 15:13:10,911 [Worker-672: Building] INFO  o.e.m.c.i.embedder.EclipseLogger - Copying 0 resource
2025-09-30 15:13:10,911 [Worker-672: Building] WARN  o.e.m.c.i.embedder.EclipseLogger - Using platform encoding (MS949 actually) to copy filtered resources, i.e. build is platform dependent!
2025-09-30 15:13:10,912 [Worker-672: Building] INFO  o.e.m.c.i.embedder.EclipseLogger - Copying 0 resource
2025-09-30 15:13:19,286 [Worker-672: Building] WARN  o.e.m.c.i.embedder.EclipseLogger - Using platform encoding (MS949 actually) to copy filtered resources, i.e. build is platform dependent!
2025-09-30 15:13:19,287 [Worker-672: Building] INFO  o.e.m.c.i.embedder.EclipseLogger - Copying 0 resource
2025-09-30 15:13:19,287 [Worker-672: Building] WARN  o.e.m.c.i.embedder.EclipseLogger - Using platform encoding (MS949 actually) to copy filtered resources, i.e. build is platform dependent!
2025-09-30 15:13:19,288 [Worker-672: Building] INFO  o.e.m.c.i.embedder.EclipseLogger - Copying 0 resource
2025-09-30 15:13:26,583 [Worker-675: Building] WARN  o.e.m.c.i.embedder.EclipseLogger - Using platform encoding (MS949 actually) to copy filtered resources, i.e. build is platform dependent!
2025-09-30 15:13:26,584 [Worker-675: Building] INFO  o.e.m.c.i.embedder.EclipseLogger - Copying 0 resource
2025-09-30 15:13:26,584 [Worker-675: Building] WARN  o.e.m.c.i.embedder.EclipseLogger - Using platform encoding (MS949 actually) to copy filtered resources, i.e. build is platform dependent!
2025-09-30 15:13:26,584 [Worker-675: Building] INFO  o.e.m.c.i.embedder.EclipseLogger - Copying 0 resource
2025-09-30 15:13:33,999 [Worker-671: Building] WARN  o.e.m.c.i.embedder.EclipseLogger - Using platform encoding (MS949 actually) to copy filtered resources, i.e. build is platform dependent!
2025-09-30 15:13:34,000 [Worker-671: Building] INFO  o.e.m.c.i.embedder.EclipseLogger - Copying 0 resource
2025-09-30 15:13:34,000 [Worker-671: Building] WARN  o.e.m.c.i.embedder.EclipseLogger - Using platform encoding (MS949 actually) to copy filtered resources, i.e. build is platform dependent!
2025-09-30 15:13:34,000 [Worker-671: Building] INFO  o.e.m.c.i.embedder.EclipseLogger - Copying 0 resource
2025-09-30 15:13:54,854 [Worker-674: Building] WARN  o.e.m.c.i.embedder.EclipseLogger - Using platform encoding (MS949 actually) to copy filtered resources, i.e. build is platform dependent!
2025-09-30 15:13:54,854 [Worker-674: Building] INFO  o.e.m.c.i.embedder.EclipseLogger - Copying 0 resource
2025-09-30 15:13:54,855 [Worker-674: Building] WARN  o.e.m.c.i.embedder.EclipseLogger - Using platform encoding (MS949 actually) to copy filtered resources, i.e. build is platform dependent!
2025-09-30 15:13:54,855 [Worker-674: Building] INFO  o.e.m.c.i.embedder.EclipseLogger - Copying 0 resource
2025-09-30 15:14:04,538 [Worker-671: Building] WARN  o.e.m.c.i.embedder.EclipseLogger - Using platform encoding (MS949 actually) to copy filtered resources, i.e. build is platform dependent!
2025-09-30 15:14:04,539 [Worker-671: Building] INFO  o.e.m.c.i.embedder.EclipseLogger - Copying 0 resource
2025-09-30 15:14:04,539 [Worker-671: Building] WARN  o.e.m.c.i.embedder.EclipseLogger - Using platform encoding (MS949 actually) to copy filtered resources, i.e. build is platform dependent!
2025-09-30 15:14:04,539 [Worker-671: Building] INFO  o.e.m.c.i.embedder.EclipseLogger - Copying 0 resource
2025-09-30 15:14:11,552 [Worker-670: Building] WARN  o.e.m.c.i.embedder.EclipseLogger - Using platform encoding (MS949 actually) to copy filtered resources, i.e. build is platform dependent!
2025-09-30 15:14:11,553 [Worker-670: Building] INFO  o.e.m.c.i.embedder.EclipseLogger - Copying 0 resource
2025-09-30 15:14:11,553 [Worker-670: Building] WARN  o.e.m.c.i.embedder.EclipseLogger - Using platform encoding (MS949 actually) to copy filtered resources, i.e. build is platform dependent!
2025-09-30 15:14:11,553 [Worker-670: Building] INFO  o.e.m.c.i.embedder.EclipseLogger - Copying 0 resource
2025-09-30 15:15:24,443 [Worker-669: Building] WARN  o.e.m.c.i.embedder.EclipseLogger - Using platform encoding (MS949 actually) to copy filtered resources, i.e. build is platform dependent!
2025-09-30 15:15:24,444 [Worker-669: Building] INFO  o.e.m.c.i.embedder.EclipseLogger - Copying 0 resource
2025-09-30 15:15:24,444 [Worker-669: Building] WARN  o.e.m.c.i.embedder.EclipseLogger - Using platform encoding (MS949 actually) to copy filtered resources, i.e. build is platform dependent!
2025-09-30 15:15:24,444 [Worker-669: Building] INFO  o.e.m.c.i.embedder.EclipseLogger - Copying 0 resource
2025-09-30 15:15:27,143 [Worker-675: Building] WARN  o.e.m.c.i.embedder.EclipseLogger - Using platform encoding (MS949 actually) to copy filtered resources, i.e. build is platform dependent!
2025-09-30 15:15:27,143 [Worker-675: Building] INFO  o.e.m.c.i.embedder.EclipseLogger - Copying 0 resource
2025-09-30 15:15:27,143 [Worker-675: Building] WARN  o.e.m.c.i.embedder.EclipseLogger - Using platform encoding (MS949 actually) to copy filtered resources, i.e. build is platform dependent!
2025-09-30 15:15:27,144 [Worker-675: Building] INFO  o.e.m.c.i.embedder.EclipseLogger - Copying 0 resource
2025-09-30 15:18:48,079 [Worker-674: Building] WARN  o.e.m.c.i.embedder.EclipseLogger - Using platform encoding (MS949 actually) to copy filtered resources, i.e. build is platform dependent!
2025-09-30 15:18:48,082 [Worker-674: Building] INFO  o.e.m.c.i.embedder.EclipseLogger - Copying 8 resources
2025-09-30 15:18:48,083 [Worker-674: Building] WARN  o.e.m.c.i.embedder.EclipseLogger - Using platform encoding (MS949 actually) to copy filtered resources, i.e. build is platform dependent!
2025-09-30 15:18:48,083 [Worker-674: Building] INFO  o.e.m.c.i.embedder.EclipseLogger - Copying 0 resource
2025-09-30 15:20:28,164 [Worker-655: Building] WARN  o.e.m.c.i.embedder.EclipseLogger - Using platform encoding (MS949 actually) to copy filtered resources, i.e. build is platform dependent!
2025-09-30 15:20:28,164 [Worker-655: Building] INFO  o.e.m.c.i.embedder.EclipseLogger - Copying 0 resource
2025-09-30 15:20:28,165 [Worker-655: Building] WARN  o.e.m.c.i.embedder.EclipseLogger - Using platform encoding (MS949 actually) to copy filtered resources, i.e. build is platform dependent!
2025-09-30 15:20:28,165 [Worker-655: Building] INFO  o.e.m.c.i.embedder.EclipseLogger - Copying 0 resource
2025-09-30 15:23:24,651 [Worker-674: Building] WARN  o.e.m.c.i.embedder.EclipseLogger - Using platform encoding (MS949 actually) to copy filtered resources, i.e. build is platform dependent!
2025-09-30 15:23:24,652 [Worker-674: Building] INFO  o.e.m.c.i.embedder.EclipseLogger - Copying 0 resource
2025-09-30 15:23:24,652 [Worker-674: Building] WARN  o.e.m.c.i.embedder.EclipseLogger - Using platform encoding (MS949 actually) to copy filtered resources, i.e. build is platform dependent!
2025-09-30 15:23:24,652 [Worker-674: Building] INFO  o.e.m.c.i.embedder.EclipseLogger - Copying 0 resource
2025-09-30 15:23:37,318 [Worker-674: Building] WARN  o.e.m.c.i.embedder.EclipseLogger - Using platform encoding (MS949 actually) to copy filtered resources, i.e. build is platform dependent!
2025-09-30 15:23:37,318 [Worker-674: Building] INFO  o.e.m.c.i.embedder.EclipseLogger - Copying 0 resource
2025-09-30 15:23:37,319 [Worker-674: Building] WARN  o.e.m.c.i.embedder.EclipseLogger - Using platform encoding (MS949 actually) to copy filtered resources, i.e. build is platform dependent!
2025-09-30 15:23:37,319 [Worker-674: Building] INFO  o.e.m.c.i.embedder.EclipseLogger - Copying 0 resource
2025-09-30 15:23:41,937 [Worker-686: Building] WARN  o.e.m.c.i.embedder.EclipseLogger - Using platform encoding (MS949 actually) to copy filtered resources, i.e. build is platform dependent!
2025-09-30 15:23:41,937 [Worker-686: Building] INFO  o.e.m.c.i.embedder.EclipseLogger - Copying 0 resource
2025-09-30 15:23:41,938 [Worker-686: Building] WARN  o.e.m.c.i.embedder.EclipseLogger - Using platform encoding (MS949 actually) to copy filtered resources, i.e. build is platform dependent!
2025-09-30 15:23:41,938 [Worker-686: Building] INFO  o.e.m.c.i.embedder.EclipseLogger - Copying 0 resource
2025-09-30 15:23:47,809 [Worker-674: Building] WARN  o.e.m.c.i.embedder.EclipseLogger - Using platform encoding (MS949 actually) to copy filtered resources, i.e. build is platform dependent!
2025-09-30 15:23:47,810 [Worker-674: Building] INFO  o.e.m.c.i.embedder.EclipseLogger - Copying 0 resource
2025-09-30 15:23:47,810 [Worker-674: Building] WARN  o.e.m.c.i.embedder.EclipseLogger - Using platform encoding (MS949 actually) to copy filtered resources, i.e. build is platform dependent!
2025-09-30 15:23:47,811 [Worker-674: Building] INFO  o.e.m.c.i.embedder.EclipseLogger - Copying 0 resource
2025-09-30 15:23:49,254 [Worker-684: Building] WARN  o.e.m.c.i.embedder.EclipseLogger - Using platform encoding (MS949 actually) to copy filtered resources, i.e. build is platform dependent!
2025-09-30 15:23:49,255 [Worker-684: Building] INFO  o.e.m.c.i.embedder.EclipseLogger - Copying 0 resource
2025-09-30 15:23:49,255 [Worker-684: Building] WARN  o.e.m.c.i.embedder.EclipseLogger - Using platform encoding (MS949 actually) to copy filtered resources, i.e. build is platform dependent!
2025-09-30 15:23:49,255 [Worker-684: Building] INFO  o.e.m.c.i.embedder.EclipseLogger - Copying 0 resource
2025-09-30 15:23:57,214 [Worker-682: Building] WARN  o.e.m.c.i.embedder.EclipseLogger - Using platform encoding (MS949 actually) to copy filtered resources, i.e. build is platform dependent!
2025-09-30 15:23:57,215 [Worker-682: Building] INFO  o.e.m.c.i.embedder.EclipseLogger - Copying 0 resource
2025-09-30 15:23:57,215 [Worker-682: Building] WARN  o.e.m.c.i.embedder.EclipseLogger - Using platform encoding (MS949 actually) to copy filtered resources, i.e. build is platform dependent!
2025-09-30 15:23:57,215 [Worker-682: Building] INFO  o.e.m.c.i.embedder.EclipseLogger - Copying 0 resource
2025-09-30 15:24:21,389 [Worker-685: Building] WARN  o.e.m.c.i.embedder.EclipseLogger - Using platform encoding (MS949 actually) to copy filtered resources, i.e. build is platform dependent!
2025-09-30 15:24:21,390 [Worker-685: Building] INFO  o.e.m.c.i.embedder.EclipseLogger - Copying 0 resource
2025-09-30 15:24:21,390 [Worker-685: Building] WARN  o.e.m.c.i.embedder.EclipseLogger - Using platform encoding (MS949 actually) to copy filtered resources, i.e. build is platform dependent!
2025-09-30 15:24:21,391 [Worker-685: Building] INFO  o.e.m.c.i.embedder.EclipseLogger - Copying 0 resource
2025-09-30 15:24:51,208 [Worker-685: Building] WARN  o.e.m.c.i.embedder.EclipseLogger - Using platform encoding (MS949 actually) to copy filtered resources, i.e. build is platform dependent!
2025-09-30 15:24:51,209 [Worker-685: Building] INFO  o.e.m.c.i.embedder.EclipseLogger - Copying 0 resource
2025-09-30 15:24:51,209 [Worker-685: Building] WARN  o.e.m.c.i.embedder.EclipseLogger - Using platform encoding (MS949 actually) to copy filtered resources, i.e. build is platform dependent!
2025-09-30 15:24:51,209 [Worker-685: Building] INFO  o.e.m.c.i.embedder.EclipseLogger - Copying 0 resource
2025-09-30 15:25:12,436 [Worker-682: Building] WARN  o.e.m.c.i.embedder.EclipseLogger - Using platform encoding (MS949 actually) to copy filtered resources, i.e. build is platform dependent!
2025-09-30 15:25:12,437 [Worker-682: Building] INFO  o.e.m.c.i.embedder.EclipseLogger - Copying 0 resource
2025-09-30 15:25:12,437 [Worker-682: Building] WARN  o.e.m.c.i.embedder.EclipseLogger - Using platform encoding (MS949 actually) to copy filtered resources, i.e. build is platform dependent!
2025-09-30 15:25:12,438 [Worker-682: Building] INFO  o.e.m.c.i.embedder.EclipseLogger - Copying 0 resource
2025-09-30 15:25:27,403 [Worker-685: Building] WARN  o.e.m.c.i.embedder.EclipseLogger - Using platform encoding (MS949 actually) to copy filtered resources, i.e. build is platform dependent!
2025-09-30 15:25:27,403 [Worker-685: Building] INFO  o.e.m.c.i.embedder.EclipseLogger - Copying 0 resource
2025-09-30 15:25:27,404 [Worker-685: Building] WARN  o.e.m.c.i.embedder.EclipseLogger - Using platform encoding (MS949 actually) to copy filtered resources, i.e. build is platform dependent!
2025-09-30 15:25:27,404 [Worker-685: Building] INFO  o.e.m.c.i.embedder.EclipseLogger - Copying 0 resource
2025-09-30 15:25:47,184 [Worker-684: Building] WARN  o.e.m.c.i.embedder.EclipseLogger - Using platform encoding (MS949 actually) to copy filtered resources, i.e. build is platform dependent!
2025-09-30 15:25:47,185 [Worker-684: Building] INFO  o.e.m.c.i.embedder.EclipseLogger - Copying 0 resource
2025-09-30 15:25:47,186 [Worker-684: Building] WARN  o.e.m.c.i.embedder.EclipseLogger - Using platform encoding (MS949 actually) to copy filtered resources, i.e. build is platform dependent!
2025-09-30 15:25:47,187 [Worker-684: Building] INFO  o.e.m.c.i.embedder.EclipseLogger - Copying 0 resource
2025-09-30 15:26:10,620 [Worker-685: Building] WARN  o.e.m.c.i.embedder.EclipseLogger - Using platform encoding (MS949 actually) to copy filtered resources, i.e. build is platform dependent!
2025-09-30 15:26:10,620 [Worker-685: Building] INFO  o.e.m.c.i.embedder.EclipseLogger - Copying 0 resource
2025-09-30 15:26:10,620 [Worker-685: Building] WARN  o.e.m.c.i.embedder.EclipseLogger - Using platform encoding (MS949 actually) to copy filtered resources, i.e. build is platform dependent!
2025-09-30 15:26:10,621 [Worker-685: Building] INFO  o.e.m.c.i.embedder.EclipseLogger - Copying 0 resource
2025-09-30 15:26:52,465 [Worker-686: Building] WARN  o.e.m.c.i.embedder.EclipseLogger - Using platform encoding (MS949 actually) to copy filtered resources, i.e. build is platform dependent!
2025-09-30 15:26:52,465 [Worker-686: Building] INFO  o.e.m.c.i.embedder.EclipseLogger - Copying 0 resource
2025-09-30 15:26:52,466 [Worker-686: Building] WARN  o.e.m.c.i.embedder.EclipseLogger - Using platform encoding (MS949 actually) to copy filtered resources, i.e. build is platform dependent!
2025-09-30 15:26:52,466 [Worker-686: Building] INFO  o.e.m.c.i.embedder.EclipseLogger - Copying 0 resource
2025-09-30 15:27:10,302 [Worker-686: Building] WARN  o.e.m.c.i.embedder.EclipseLogger - Using platform encoding (MS949 actually) to copy filtered resources, i.e. build is platform dependent!
2025-09-30 15:27:10,302 [Worker-686: Building] INFO  o.e.m.c.i.embedder.EclipseLogger - Copying 0 resource
2025-09-30 15:27:10,302 [Worker-686: Building] WARN  o.e.m.c.i.embedder.EclipseLogger - Using platform encoding (MS949 actually) to copy filtered resources, i.e. build is platform dependent!
2025-09-30 15:27:10,303 [Worker-686: Building] INFO  o.e.m.c.i.embedder.EclipseLogger - Copying 0 resource
2025-09-30 15:27:12,772 [Worker-674: Building] WARN  o.e.m.c.i.embedder.EclipseLogger - Using platform encoding (MS949 actually) to copy filtered resources, i.e. build is platform dependent!
2025-09-30 15:27:12,772 [Worker-674: Building] INFO  o.e.m.c.i.embedder.EclipseLogger - Copying 0 resource
2025-09-30 15:27:12,773 [Worker-674: Building] WARN  o.e.m.c.i.embedder.EclipseLogger - Using platform encoding (MS949 actually) to copy filtered resources, i.e. build is platform dependent!
2025-09-30 15:27:12,773 [Worker-674: Building] INFO  o.e.m.c.i.embedder.EclipseLogger - Copying 0 resource
2025-09-30 15:27:19,091 [Worker-674: Building] WARN  o.e.m.c.i.embedder.EclipseLogger - Using platform encoding (MS949 actually) to copy filtered resources, i.e. build is platform dependent!
2025-09-30 15:27:19,091 [Worker-674: Building] INFO  o.e.m.c.i.embedder.EclipseLogger - Copying 0 resource
2025-09-30 15:27:19,092 [Worker-674: Building] WARN  o.e.m.c.i.embedder.EclipseLogger - Using platform encoding (MS949 actually) to copy filtered resources, i.e. build is platform dependent!
2025-09-30 15:27:19,092 [Worker-674: Building] INFO  o.e.m.c.i.embedder.EclipseLogger - Copying 0 resource
2025-09-30 15:27:22,359 [Worker-674: Building] WARN  o.e.m.c.i.embedder.EclipseLogger - Using platform encoding (MS949 actually) to copy filtered resources, i.e. build is platform dependent!
2025-09-30 15:27:22,360 [Worker-674: Building] INFO  o.e.m.c.i.embedder.EclipseLogger - Copying 0 resource
2025-09-30 15:27:22,360 [Worker-674: Building] WARN  o.e.m.c.i.embedder.EclipseLogger - Using platform encoding (MS949 actually) to copy filtered resources, i.e. build is platform dependent!
2025-09-30 15:27:22,361 [Worker-674: Building] INFO  o.e.m.c.i.embedder.EclipseLogger - Copying 0 resource
2025-09-30 15:27:26,804 [Worker-674: Building] WARN  o.e.m.c.i.embedder.EclipseLogger - Using platform encoding (MS949 actually) to copy filtered resources, i.e. build is platform dependent!
2025-09-30 15:27:26,805 [Worker-674: Building] INFO  o.e.m.c.i.embedder.EclipseLogger - Copying 0 resource
2025-09-30 15:27:26,805 [Worker-674: Building] WARN  o.e.m.c.i.embedder.EclipseLogger - Using platform encoding (MS949 actually) to copy filtered resources, i.e. build is platform dependent!
2025-09-30 15:27:26,805 [Worker-674: Building] INFO  o.e.m.c.i.embedder.EclipseLogger - Copying 0 resource
2025-09-30 15:27:53,088 [Worker-684: Building] WARN  o.e.m.c.i.embedder.EclipseLogger - Using platform encoding (MS949 actually) to copy filtered resources, i.e. build is platform dependent!
2025-09-30 15:27:53,089 [Worker-684: Building] INFO  o.e.m.c.i.embedder.EclipseLogger - Copying 0 resource
2025-09-30 15:27:53,089 [Worker-684: Building] WARN  o.e.m.c.i.embedder.EclipseLogger - Using platform encoding (MS949 actually) to copy filtered resources, i.e. build is platform dependent!
2025-09-30 15:27:53,090 [Worker-684: Building] INFO  o.e.m.c.i.embedder.EclipseLogger - Copying 0 resource
2025-09-30 15:27:54,720 [Worker-682: Building] WARN  o.e.m.c.i.embedder.EclipseLogger - Using platform encoding (MS949 actually) to copy filtered resources, i.e. build is platform dependent!
2025-09-30 15:27:54,720 [Worker-682: Building] INFO  o.e.m.c.i.embedder.EclipseLogger - Copying 0 resource
2025-09-30 15:27:54,721 [Worker-682: Building] WARN  o.e.m.c.i.embedder.EclipseLogger - Using platform encoding (MS949 actually) to copy filtered resources, i.e. build is platform dependent!
2025-09-30 15:27:54,721 [Worker-682: Building] INFO  o.e.m.c.i.embedder.EclipseLogger - Copying 0 resource
2025-09-30 15:28:01,476 [Worker-685: Building] WARN  o.e.m.c.i.embedder.EclipseLogger - Using platform encoding (MS949 actually) to copy filtered resources, i.e. build is platform dependent!
2025-09-30 15:28:01,476 [Worker-685: Building] INFO  o.e.m.c.i.embedder.EclipseLogger - Copying 0 resource
2025-09-30 15:28:01,477 [Worker-685: Building] WARN  o.e.m.c.i.embedder.EclipseLogger - Using platform encoding (MS949 actually) to copy filtered resources, i.e. build is platform dependent!
2025-09-30 15:28:01,477 [Worker-685: Building] INFO  o.e.m.c.i.embedder.EclipseLogger - Copying 0 resource
2025-09-30 15:28:05,492 [Worker-686: Building] WARN  o.e.m.c.i.embedder.EclipseLogger - Using platform encoding (MS949 actually) to copy filtered resources, i.e. build is platform dependent!
2025-09-30 15:28:05,493 [Worker-686: Building] INFO  o.e.m.c.i.embedder.EclipseLogger - Copying 0 resource
2025-09-30 15:28:05,493 [Worker-686: Building] WARN  o.e.m.c.i.embedder.EclipseLogger - Using platform encoding (MS949 actually) to copy filtered resources, i.e. build is platform dependent!
2025-09-30 15:28:05,493 [Worker-686: Building] INFO  o.e.m.c.i.embedder.EclipseLogger - Copying 0 resource
2025-09-30 15:28:07,901 [Worker-686: Building] WARN  o.e.m.c.i.embedder.EclipseLogger - Using platform encoding (MS949 actually) to copy filtered resources, i.e. build is platform dependent!
2025-09-30 15:28:07,902 [Worker-686: Building] INFO  o.e.m.c.i.embedder.EclipseLogger - Copying 0 resource
2025-09-30 15:28:07,902 [Worker-686: Building] WARN  o.e.m.c.i.embedder.EclipseLogger - Using platform encoding (MS949 actually) to copy filtered resources, i.e. build is platform dependent!
2025-09-30 15:28:07,902 [Worker-686: Building] INFO  o.e.m.c.i.embedder.EclipseLogger - Copying 0 resource
2025-09-30 15:29:18,582 [Worker-686: Building] WARN  o.e.m.c.i.embedder.EclipseLogger - Using platform encoding (MS949 actually) to copy filtered resources, i.e. build is platform dependent!
2025-09-30 15:29:18,583 [Worker-686: Building] INFO  o.e.m.c.i.embedder.EclipseLogger - Copying 8 resources
2025-09-30 15:29:18,584 [Worker-686: Building] WARN  o.e.m.c.i.embedder.EclipseLogger - Using platform encoding (MS949 actually) to copy filtered resources, i.e. build is platform dependent!
2025-09-30 15:29:18,584 [Worker-686: Building] INFO  o.e.m.c.i.embedder.EclipseLogger - Copying 0 resource
2025-09-30 15:29:21,622 [Worker-686: Building] WARN  o.e.m.c.i.embedder.EclipseLogger - Using platform encoding (MS949 actually) to copy filtered resources, i.e. build is platform dependent!
2025-09-30 15:29:21,623 [Worker-686: Building] INFO  o.e.m.c.i.embedder.EclipseLogger - Copying 8 resources
2025-09-30 15:29:21,624 [Worker-686: Building] WARN  o.e.m.c.i.embedder.EclipseLogger - Using platform encoding (MS949 actually) to copy filtered resources, i.e. build is platform dependent!
2025-09-30 15:29:21,624 [Worker-686: Building] INFO  o.e.m.c.i.embedder.EclipseLogger - Copying 0 resource
2025-09-30 15:29:59,663 [Worker-684: Building] WARN  o.e.m.c.i.embedder.EclipseLogger - Using platform encoding (MS949 actually) to copy filtered resources, i.e. build is platform dependent!
2025-09-30 15:29:59,664 [Worker-684: Building] INFO  o.e.m.c.i.embedder.EclipseLogger - Copying 8 resources
2025-09-30 15:29:59,664 [Worker-684: Building] WARN  o.e.m.c.i.embedder.EclipseLogger - Using platform encoding (MS949 actually) to copy filtered resources, i.e. build is platform dependent!
2025-09-30 15:29:59,665 [Worker-684: Building] INFO  o.e.m.c.i.embedder.EclipseLogger - Copying 0 resource
2025-09-30 15:30:14,450 [Worker-684: Building] WARN  o.e.m.c.i.embedder.EclipseLogger - Using platform encoding (MS949 actually) to copy filtered resources, i.e. build is platform dependent!
2025-09-30 15:30:14,451 [Worker-684: Building] INFO  o.e.m.c.i.embedder.EclipseLogger - Copying 8 resources
2025-09-30 15:30:14,452 [Worker-684: Building] WARN  o.e.m.c.i.embedder.EclipseLogger - Using platform encoding (MS949 actually) to copy filtered resources, i.e. build is platform dependent!
2025-09-30 15:30:14,452 [Worker-684: Building] INFO  o.e.m.c.i.embedder.EclipseLogger - Copying 0 resource
2025-09-30 15:30:22,142 [Worker-684: Building] WARN  o.e.m.c.i.embedder.EclipseLogger - Using platform encoding (MS949 actually) to copy filtered resources, i.e. build is platform dependent!
2025-09-30 15:30:22,143 [Worker-684: Building] INFO  o.e.m.c.i.embedder.EclipseLogger - Copying 8 resources
2025-09-30 15:30:22,143 [Worker-684: Building] WARN  o.e.m.c.i.embedder.EclipseLogger - Using platform encoding (MS949 actually) to copy filtered resources, i.e. build is platform dependent!
2025-09-30 15:30:22,144 [Worker-684: Building] INFO  o.e.m.c.i.embedder.EclipseLogger - Copying 0 resource
2025-09-30 15:30:25,621 [Worker-685: Building] WARN  o.e.m.c.i.embedder.EclipseLogger - Using platform encoding (MS949 actually) to copy filtered resources, i.e. build is platform dependent!
2025-09-30 15:30:25,622 [Worker-685: Building] INFO  o.e.m.c.i.embedder.EclipseLogger - Copying 8 resources
2025-09-30 15:30:25,623 [Worker-685: Building] WARN  o.e.m.c.i.embedder.EclipseLogger - Using platform encoding (MS949 actually) to copy filtered resources, i.e. build is platform dependent!
2025-09-30 15:30:25,623 [Worker-685: Building] INFO  o.e.m.c.i.embedder.EclipseLogger - Copying 0 resource
2025-09-30 15:30:33,603 [Worker-685: Building] WARN  o.e.m.c.i.embedder.EclipseLogger - Using platform encoding (MS949 actually) to copy filtered resources, i.e. build is platform dependent!
2025-09-30 15:30:33,605 [Worker-685: Building] INFO  o.e.m.c.i.embedder.EclipseLogger - Copying 8 resources
2025-09-30 15:30:33,605 [Worker-685: Building] WARN  o.e.m.c.i.embedder.EclipseLogger - Using platform encoding (MS949 actually) to copy filtered resources, i.e. build is platform dependent!
2025-09-30 15:30:33,606 [Worker-685: Building] INFO  o.e.m.c.i.embedder.EclipseLogger - Copying 0 resource
2025-09-30 15:31:26,577 [Worker-689: Building] WARN  o.e.m.c.i.embedder.EclipseLogger - Using platform encoding (MS949 actually) to copy filtered resources, i.e. build is platform dependent!
2025-09-30 15:31:26,578 [Worker-689: Building] INFO  o.e.m.c.i.embedder.EclipseLogger - Copying 8 resources
2025-09-30 15:31:26,579 [Worker-689: Building] WARN  o.e.m.c.i.embedder.EclipseLogger - Using platform encoding (MS949 actually) to copy filtered resources, i.e. build is platform dependent!
2025-09-30 15:31:26,579 [Worker-689: Building] INFO  o.e.m.c.i.embedder.EclipseLogger - Copying 0 resource
2025-09-30 15:33:35,247 [Worker-688: Building] WARN  o.e.m.c.i.embedder.EclipseLogger - Using platform encoding (MS949 actually) to copy filtered resources, i.e. build is platform dependent!
2025-09-30 15:33:35,248 [Worker-688: Building] INFO  o.e.m.c.i.embedder.EclipseLogger - Copying 0 resource
2025-09-30 15:33:35,248 [Worker-688: Building] WARN  o.e.m.c.i.embedder.EclipseLogger - Using platform encoding (MS949 actually) to copy filtered resources, i.e. build is platform dependent!
2025-09-30 15:33:35,248 [Worker-688: Building] INFO  o.e.m.c.i.embedder.EclipseLogger - Copying 0 resource
2025-09-30 15:33:59,816 [Worker-684: Building] WARN  o.e.m.c.i.embedder.EclipseLogger - Using platform encoding (MS949 actually) to copy filtered resources, i.e. build is platform dependent!
2025-09-30 15:33:59,817 [Worker-684: Building] INFO  o.e.m.c.i.embedder.EclipseLogger - Copying 0 resource
2025-09-30 15:33:59,817 [Worker-684: Building] WARN  o.e.m.c.i.embedder.EclipseLogger - Using platform encoding (MS949 actually) to copy filtered resources, i.e. build is platform dependent!
2025-09-30 15:33:59,817 [Worker-684: Building] INFO  o.e.m.c.i.embedder.EclipseLogger - Copying 0 resource
2025-09-30 15:34:36,513 [Worker-684: Building] WARN  o.e.m.c.i.embedder.EclipseLogger - Using platform encoding (MS949 actually) to copy filtered resources, i.e. build is platform dependent!
2025-09-30 15:34:36,514 [Worker-684: Building] INFO  o.e.m.c.i.embedder.EclipseLogger - Copying 0 resource
2025-09-30 15:34:36,514 [Worker-684: Building] WARN  o.e.m.c.i.embedder.EclipseLogger - Using platform encoding (MS949 actually) to copy filtered resources, i.e. build is platform dependent!
2025-09-30 15:34:36,515 [Worker-684: Building] INFO  o.e.m.c.i.embedder.EclipseLogger - Copying 0 resource
2025-09-30 15:35:34,635 [Worker-688: Building] WARN  o.e.m.c.i.embedder.EclipseLogger - Using platform encoding (MS949 actually) to copy filtered resources, i.e. build is platform dependent!
2025-09-30 15:35:34,636 [Worker-688: Building] INFO  o.e.m.c.i.embedder.EclipseLogger - Copying 0 resource
2025-09-30 15:35:34,636 [Worker-688: Building] WARN  o.e.m.c.i.embedder.EclipseLogger - Using platform encoding (MS949 actually) to copy filtered resources, i.e. build is platform dependent!
2025-09-30 15:35:34,636 [Worker-688: Building] INFO  o.e.m.c.i.embedder.EclipseLogger - Copying 0 resource
2025-09-30 15:36:05,372 [Worker-688: Building] WARN  o.e.m.c.i.embedder.EclipseLogger - Using platform encoding (MS949 actually) to copy filtered resources, i.e. build is platform dependent!
2025-09-30 15:36:05,372 [Worker-688: Building] INFO  o.e.m.c.i.embedder.EclipseLogger - Copying 0 resource
2025-09-30 15:36:05,373 [Worker-688: Building] WARN  o.e.m.c.i.embedder.EclipseLogger - Using platform encoding (MS949 actually) to copy filtered resources, i.e. build is platform dependent!
2025-09-30 15:36:05,373 [Worker-688: Building] INFO  o.e.m.c.i.embedder.EclipseLogger - Copying 0 resource
2025-09-30 15:36:12,920 [Worker-684: Building] WARN  o.e.m.c.i.embedder.EclipseLogger - Using platform encoding (MS949 actually) to copy filtered resources, i.e. build is platform dependent!
2025-09-30 15:36:12,920 [Worker-684: Building] INFO  o.e.m.c.i.embedder.EclipseLogger - Copying 0 resource
2025-09-30 15:36:12,921 [Worker-684: Building] WARN  o.e.m.c.i.embedder.EclipseLogger - Using platform encoding (MS949 actually) to copy filtered resources, i.e. build is platform dependent!
2025-09-30 15:36:12,921 [Worker-684: Building] INFO  o.e.m.c.i.embedder.EclipseLogger - Copying 0 resource
2025-09-30 15:36:58,305 [Worker-690: Building] WARN  o.e.m.c.i.embedder.EclipseLogger - Using platform encoding (MS949 actually) to copy filtered resources, i.e. build is platform dependent!
2025-09-30 15:36:58,305 [Worker-690: Building] INFO  o.e.m.c.i.embedder.EclipseLogger - Copying 0 resource
2025-09-30 15:36:58,306 [Worker-690: Building] WARN  o.e.m.c.i.embedder.EclipseLogger - Using platform encoding (MS949 actually) to copy filtered resources, i.e. build is platform dependent!
2025-09-30 15:36:58,306 [Worker-690: Building] INFO  o.e.m.c.i.embedder.EclipseLogger - Copying 0 resource
2025-09-30 15:37:50,542 [Worker-688: Building] WARN  o.e.m.c.i.embedder.EclipseLogger - Using platform encoding (MS949 actually) to copy filtered resources, i.e. build is platform dependent!
2025-09-30 15:37:50,543 [Worker-688: Building] INFO  o.e.m.c.i.embedder.EclipseLogger - Copying 0 resource
2025-09-30 15:37:50,543 [Worker-688: Building] WARN  o.e.m.c.i.embedder.EclipseLogger - Using platform encoding (MS949 actually) to copy filtered resources, i.e. build is platform dependent!
2025-09-30 15:37:50,543 [Worker-688: Building] INFO  o.e.m.c.i.embedder.EclipseLogger - Copying 0 resource
2025-09-30 15:37:54,397 [Worker-690: Building] WARN  o.e.m.c.i.embedder.EclipseLogger - Using platform encoding (MS949 actually) to copy filtered resources, i.e. build is platform dependent!
2025-09-30 15:37:54,398 [Worker-690: Building] INFO  o.e.m.c.i.embedder.EclipseLogger - Copying 0 resource
2025-09-30 15:37:54,398 [Worker-690: Building] WARN  o.e.m.c.i.embedder.EclipseLogger - Using platform encoding (MS949 actually) to copy filtered resources, i.e. build is platform dependent!
2025-09-30 15:37:54,398 [Worker-690: Building] INFO  o.e.m.c.i.embedder.EclipseLogger - Copying 0 resource
2025-09-30 15:37:55,407 [Worker-692: Building] WARN  o.e.m.c.i.embedder.EclipseLogger - Using platform encoding (MS949 actually) to copy filtered resources, i.e. build is platform dependent!
2025-09-30 15:37:55,407 [Worker-692: Building] INFO  o.e.m.c.i.embedder.EclipseLogger - Copying 0 resource
2025-09-30 15:37:55,407 [Worker-692: Building] WARN  o.e.m.c.i.embedder.EclipseLogger - Using platform encoding (MS949 actually) to copy filtered resources, i.e. build is platform dependent!
2025-09-30 15:37:55,408 [Worker-692: Building] INFO  o.e.m.c.i.embedder.EclipseLogger - Copying 0 resource
2025-09-30 15:37:58,883 [Worker-691: Building] WARN  o.e.m.c.i.embedder.EclipseLogger - Using platform encoding (MS949 actually) to copy filtered resources, i.e. build is platform dependent!
2025-09-30 15:37:58,883 [Worker-691: Building] INFO  o.e.m.c.i.embedder.EclipseLogger - Copying 0 resource
2025-09-30 15:37:58,884 [Worker-691: Building] WARN  o.e.m.c.i.embedder.EclipseLogger - Using platform encoding (MS949 actually) to copy filtered resources, i.e. build is platform dependent!
2025-09-30 15:37:58,884 [Worker-691: Building] INFO  o.e.m.c.i.embedder.EclipseLogger - Copying 0 resource
2025-09-30 15:38:41,543 [Worker-693: Building] WARN  o.e.m.c.i.embedder.EclipseLogger - Using platform encoding (MS949 actually) to copy filtered resources, i.e. build is platform dependent!
2025-09-30 15:38:41,543 [Worker-693: Building] INFO  o.e.m.c.i.embedder.EclipseLogger - Copying 0 resource
2025-09-30 15:38:41,543 [Worker-693: Building] WARN  o.e.m.c.i.embedder.EclipseLogger - Using platform encoding (MS949 actually) to copy filtered resources, i.e. build is platform dependent!
2025-09-30 15:38:41,544 [Worker-693: Building] INFO  o.e.m.c.i.embedder.EclipseLogger - Copying 0 resource
2025-09-30 15:38:58,368 [Worker-684: Building] WARN  o.e.m.c.i.embedder.EclipseLogger - Using platform encoding (MS949 actually) to copy filtered resources, i.e. build is platform dependent!
2025-09-30 15:38:58,368 [Worker-684: Building] INFO  o.e.m.c.i.embedder.EclipseLogger - Copying 0 resource
2025-09-30 15:38:58,369 [Worker-684: Building] WARN  o.e.m.c.i.embedder.EclipseLogger - Using platform encoding (MS949 actually) to copy filtered resources, i.e. build is platform dependent!
2025-09-30 15:38:58,369 [Worker-684: Building] INFO  o.e.m.c.i.embedder.EclipseLogger - Copying 0 resource
2025-09-30 15:39:04,337 [Worker-691: Building] WARN  o.e.m.c.i.embedder.EclipseLogger - Using platform encoding (MS949 actually) to copy filtered resources, i.e. build is platform dependent!
2025-09-30 15:39:04,337 [Worker-691: Building] INFO  o.e.m.c.i.embedder.EclipseLogger - Copying 0 resource
2025-09-30 15:39:04,337 [Worker-691: Building] WARN  o.e.m.c.i.embedder.EclipseLogger - Using platform encoding (MS949 actually) to copy filtered resources, i.e. build is platform dependent!
2025-09-30 15:39:04,338 [Worker-691: Building] INFO  o.e.m.c.i.embedder.EclipseLogger - Copying 0 resource
2025-09-30 15:39:05,928 [Worker-693: Building] WARN  o.e.m.c.i.embedder.EclipseLogger - Using platform encoding (MS949 actually) to copy filtered resources, i.e. build is platform dependent!
2025-09-30 15:39:05,929 [Worker-693: Building] INFO  o.e.m.c.i.embedder.EclipseLogger - Copying 0 resource
2025-09-30 15:39:05,929 [Worker-693: Building] WARN  o.e.m.c.i.embedder.EclipseLogger - Using platform encoding (MS949 actually) to copy filtered resources, i.e. build is platform dependent!
2025-09-30 15:39:05,929 [Worker-693: Building] INFO  o.e.m.c.i.embedder.EclipseLogger - Copying 0 resource
2025-09-30 15:39:10,155 [Worker-688: Building] WARN  o.e.m.c.i.embedder.EclipseLogger - Using platform encoding (MS949 actually) to copy filtered resources, i.e. build is platform dependent!
2025-09-30 15:39:10,156 [Worker-688: Building] INFO  o.e.m.c.i.embedder.EclipseLogger - Copying 0 resource
2025-09-30 15:39:10,157 [Worker-688: Building] WARN  o.e.m.c.i.embedder.EclipseLogger - Using platform encoding (MS949 actually) to copy filtered resources, i.e. build is platform dependent!
2025-09-30 15:39:10,157 [Worker-688: Building] INFO  o.e.m.c.i.embedder.EclipseLogger - Copying 0 resource
2025-09-30 15:43:20,951 [Worker-698: Building] WARN  o.e.m.c.i.embedder.EclipseLogger - Using platform encoding (MS949 actually) to copy filtered resources, i.e. build is platform dependent!
2025-09-30 15:43:20,952 [Worker-698: Building] INFO  o.e.m.c.i.embedder.EclipseLogger - Copying 8 resources
2025-09-30 15:43:20,953 [Worker-698: Building] WARN  o.e.m.c.i.embedder.EclipseLogger - Using platform encoding (MS949 actually) to copy filtered resources, i.e. build is platform dependent!
2025-09-30 15:43:20,953 [Worker-698: Building] INFO  o.e.m.c.i.embedder.EclipseLogger - Copying 0 resource
2025-09-30 15:43:37,772 [Worker-697: Building] WARN  o.e.m.c.i.embedder.EclipseLogger - Using platform encoding (MS949 actually) to copy filtered resources, i.e. build is platform dependent!
2025-09-30 15:43:37,773 [Worker-697: Building] INFO  o.e.m.c.i.embedder.EclipseLogger - Copying 8 resources
2025-09-30 15:43:37,774 [Worker-697: Building] WARN  o.e.m.c.i.embedder.EclipseLogger - Using platform encoding (MS949 actually) to copy filtered resources, i.e. build is platform dependent!
2025-09-30 15:43:37,774 [Worker-697: Building] INFO  o.e.m.c.i.embedder.EclipseLogger - Copying 0 resource
2025-09-30 15:43:51,684 [Worker-697: Building] WARN  o.e.m.c.i.embedder.EclipseLogger - Using platform encoding (MS949 actually) to copy filtered resources, i.e. build is platform dependent!
2025-09-30 15:43:51,686 [Worker-697: Building] INFO  o.e.m.c.i.embedder.EclipseLogger - Copying 8 resources
2025-09-30 15:43:51,686 [Worker-697: Building] WARN  o.e.m.c.i.embedder.EclipseLogger - Using platform encoding (MS949 actually) to copy filtered resources, i.e. build is platform dependent!
2025-09-30 15:43:51,686 [Worker-697: Building] INFO  o.e.m.c.i.embedder.EclipseLogger - Copying 0 resource
2025-09-30 15:44:11,111 [Worker-698: Building] WARN  o.e.m.c.i.embedder.EclipseLogger - Using platform encoding (MS949 actually) to copy filtered resources, i.e. build is platform dependent!
2025-09-30 15:44:11,112 [Worker-698: Building] INFO  o.e.m.c.i.embedder.EclipseLogger - Copying 8 resources
2025-09-30 15:44:11,112 [Worker-698: Building] WARN  o.e.m.c.i.embedder.EclipseLogger - Using platform encoding (MS949 actually) to copy filtered resources, i.e. build is platform dependent!
2025-09-30 15:44:11,113 [Worker-698: Building] INFO  o.e.m.c.i.embedder.EclipseLogger - Copying 0 resource
2025-09-30 15:44:13,213 [Worker-699: Building] WARN  o.e.m.c.i.embedder.EclipseLogger - Using platform encoding (MS949 actually) to copy filtered resources, i.e. build is platform dependent!
2025-09-30 15:44:13,214 [Worker-699: Building] INFO  o.e.m.c.i.embedder.EclipseLogger - Copying 8 resources
2025-09-30 15:44:13,215 [Worker-699: Building] WARN  o.e.m.c.i.embedder.EclipseLogger - Using platform encoding (MS949 actually) to copy filtered resources, i.e. build is platform dependent!
2025-09-30 15:44:13,215 [Worker-699: Building] INFO  o.e.m.c.i.embedder.EclipseLogger - Copying 0 resource
2025-09-30 15:44:15,313 [Worker-697: Building] WARN  o.e.m.c.i.embedder.EclipseLogger - Using platform encoding (MS949 actually) to copy filtered resources, i.e. build is platform dependent!
2025-09-30 15:44:15,314 [Worker-697: Building] INFO  o.e.m.c.i.embedder.EclipseLogger - Copying 8 resources
2025-09-30 15:44:15,315 [Worker-697: Building] WARN  o.e.m.c.i.embedder.EclipseLogger - Using platform encoding (MS949 actually) to copy filtered resources, i.e. build is platform dependent!
2025-09-30 15:44:15,315 [Worker-697: Building] INFO  o.e.m.c.i.embedder.EclipseLogger - Copying 0 resource
2025-09-30 15:44:40,853 [Worker-696: Building] WARN  o.e.m.c.i.embedder.EclipseLogger - Using platform encoding (MS949 actually) to copy filtered resources, i.e. build is platform dependent!
2025-09-30 15:44:40,854 [Worker-696: Building] INFO  o.e.m.c.i.embedder.EclipseLogger - Copying 8 resources
2025-09-30 15:44:40,855 [Worker-696: Building] WARN  o.e.m.c.i.embedder.EclipseLogger - Using platform encoding (MS949 actually) to copy filtered resources, i.e. build is platform dependent!
2025-09-30 15:44:40,855 [Worker-696: Building] INFO  o.e.m.c.i.embedder.EclipseLogger - Copying 0 resource
2025-09-30 15:44:51,321 [Worker-696: Building] WARN  o.e.m.c.i.embedder.EclipseLogger - Using platform encoding (MS949 actually) to copy filtered resources, i.e. build is platform dependent!
2025-09-30 15:44:51,322 [Worker-696: Building] INFO  o.e.m.c.i.embedder.EclipseLogger - Copying 8 resources
2025-09-30 15:44:51,322 [Worker-696: Building] WARN  o.e.m.c.i.embedder.EclipseLogger - Using platform encoding (MS949 actually) to copy filtered resources, i.e. build is platform dependent!
2025-09-30 15:44:51,323 [Worker-696: Building] INFO  o.e.m.c.i.embedder.EclipseLogger - Copying 0 resource
2025-09-30 15:44:54,210 [Worker-700: Building] WARN  o.e.m.c.i.embedder.EclipseLogger - Using platform encoding (MS949 actually) to copy filtered resources, i.e. build is platform dependent!
2025-09-30 15:44:54,211 [Worker-700: Building] INFO  o.e.m.c.i.embedder.EclipseLogger - Copying 8 resources
2025-09-30 15:44:54,211 [Worker-700: Building] WARN  o.e.m.c.i.embedder.EclipseLogger - Using platform encoding (MS949 actually) to copy filtered resources, i.e. build is platform dependent!
2025-09-30 15:44:54,212 [Worker-700: Building] INFO  o.e.m.c.i.embedder.EclipseLogger - Copying 0 resource
2025-09-30 15:45:05,607 [Worker-697: Building] WARN  o.e.m.c.i.embedder.EclipseLogger - Using platform encoding (MS949 actually) to copy filtered resources, i.e. build is platform dependent!
2025-09-30 15:45:05,608 [Worker-697: Building] INFO  o.e.m.c.i.embedder.EclipseLogger - Copying 8 resources
2025-09-30 15:45:05,609 [Worker-697: Building] WARN  o.e.m.c.i.embedder.EclipseLogger - Using platform encoding (MS949 actually) to copy filtered resources, i.e. build is platform dependent!
2025-09-30 15:45:05,609 [Worker-697: Building] INFO  o.e.m.c.i.embedder.EclipseLogger - Copying 0 resource
2025-09-30 15:46:35,549 [Worker-694: Building] WARN  o.e.m.c.i.embedder.EclipseLogger - Using platform encoding (MS949 actually) to copy filtered resources, i.e. build is platform dependent!
2025-09-30 15:46:35,550 [Worker-694: Building] INFO  o.e.m.c.i.embedder.EclipseLogger - Copying 8 resources
2025-09-30 15:46:35,551 [Worker-694: Building] WARN  o.e.m.c.i.embedder.EclipseLogger - Using platform encoding (MS949 actually) to copy filtered resources, i.e. build is platform dependent!
2025-09-30 15:46:35,551 [Worker-694: Building] INFO  o.e.m.c.i.embedder.EclipseLogger - Copying 0 resource
2025-09-30 15:49:06,894 [Worker-702: Building] WARN  o.e.m.c.i.embedder.EclipseLogger - Using platform encoding (MS949 actually) to copy filtered resources, i.e. build is platform dependent!
2025-09-30 15:49:06,895 [Worker-702: Building] INFO  o.e.m.c.i.embedder.EclipseLogger - Copying 0 resource
2025-09-30 15:49:06,895 [Worker-702: Building] WARN  o.e.m.c.i.embedder.EclipseLogger - Using platform encoding (MS949 actually) to copy filtered resources, i.e. build is platform dependent!
2025-09-30 15:49:06,895 [Worker-702: Building] INFO  o.e.m.c.i.embedder.EclipseLogger - Copying 0 resource
2025-09-30 15:49:29,485 [Worker-702: Building] WARN  o.e.m.c.i.embedder.EclipseLogger - Using platform encoding (MS949 actually) to copy filtered resources, i.e. build is platform dependent!
2025-09-30 15:49:29,486 [Worker-702: Building] INFO  o.e.m.c.i.embedder.EclipseLogger - Copying 0 resource
2025-09-30 15:49:29,487 [Worker-702: Building] WARN  o.e.m.c.i.embedder.EclipseLogger - Using platform encoding (MS949 actually) to copy filtered resources, i.e. build is platform dependent!
2025-09-30 15:49:29,488 [Worker-702: Building] INFO  o.e.m.c.i.embedder.EclipseLogger - Copying 0 resource
2025-09-30 15:49:35,388 [Worker-694: Building] WARN  o.e.m.c.i.embedder.EclipseLogger - Using platform encoding (MS949 actually) to copy filtered resources, i.e. build is platform dependent!
2025-09-30 15:49:35,389 [Worker-694: Building] INFO  o.e.m.c.i.embedder.EclipseLogger - Copying 0 resource
2025-09-30 15:49:35,389 [Worker-694: Building] WARN  o.e.m.c.i.embedder.EclipseLogger - Using platform encoding (MS949 actually) to copy filtered resources, i.e. build is platform dependent!
2025-09-30 15:49:35,389 [Worker-694: Building] INFO  o.e.m.c.i.embedder.EclipseLogger - Copying 0 resource
2025-09-30 15:49:37,506 [Worker-703: Building] WARN  o.e.m.c.i.embedder.EclipseLogger - Using platform encoding (MS949 actually) to copy filtered resources, i.e. build is platform dependent!
2025-09-30 15:49:37,506 [Worker-703: Building] INFO  o.e.m.c.i.embedder.EclipseLogger - Copying 0 resource
2025-09-30 15:49:37,507 [Worker-703: Building] WARN  o.e.m.c.i.embedder.EclipseLogger - Using platform encoding (MS949 actually) to copy filtered resources, i.e. build is platform dependent!
2025-09-30 15:49:37,507 [Worker-703: Building] INFO  o.e.m.c.i.embedder.EclipseLogger - Copying 0 resource
2025-09-30 15:49:39,649 [Worker-703: Building] WARN  o.e.m.c.i.embedder.EclipseLogger - Using platform encoding (MS949 actually) to copy filtered resources, i.e. build is platform dependent!
2025-09-30 15:49:39,649 [Worker-703: Building] INFO  o.e.m.c.i.embedder.EclipseLogger - Copying 0 resource
2025-09-30 15:49:39,650 [Worker-703: Building] WARN  o.e.m.c.i.embedder.EclipseLogger - Using platform encoding (MS949 actually) to copy filtered resources, i.e. build is platform dependent!
2025-09-30 15:49:39,650 [Worker-703: Building] INFO  o.e.m.c.i.embedder.EclipseLogger - Copying 0 resource
2025-09-30 15:49:50,232 [Worker-703: Building] WARN  o.e.m.c.i.embedder.EclipseLogger - Using platform encoding (MS949 actually) to copy filtered resources, i.e. build is platform dependent!
2025-09-30 15:49:50,233 [Worker-703: Building] INFO  o.e.m.c.i.embedder.EclipseLogger - Copying 0 resource
2025-09-30 15:49:50,233 [Worker-703: Building] WARN  o.e.m.c.i.embedder.EclipseLogger - Using platform encoding (MS949 actually) to copy filtered resources, i.e. build is platform dependent!
2025-09-30 15:49:50,233 [Worker-703: Building] INFO  o.e.m.c.i.embedder.EclipseLogger - Copying 0 resource
2025-09-30 15:49:54,203 [Worker-702: Building] WARN  o.e.m.c.i.embedder.EclipseLogger - Using platform encoding (MS949 actually) to copy filtered resources, i.e. build is platform dependent!
2025-09-30 15:49:54,203 [Worker-702: Building] INFO  o.e.m.c.i.embedder.EclipseLogger - Copying 0 resource
2025-09-30 15:49:54,204 [Worker-702: Building] WARN  o.e.m.c.i.embedder.EclipseLogger - Using platform encoding (MS949 actually) to copy filtered resources, i.e. build is platform dependent!
2025-09-30 15:49:54,204 [Worker-702: Building] INFO  o.e.m.c.i.embedder.EclipseLogger - Copying 0 resource
2025-09-30 15:50:14,808 [Worker-702: Building] WARN  o.e.m.c.i.embedder.EclipseLogger - Using platform encoding (MS949 actually) to copy filtered resources, i.e. build is platform dependent!
2025-09-30 15:50:14,809 [Worker-702: Building] INFO  o.e.m.c.i.embedder.EclipseLogger - Copying 8 resources
2025-09-30 15:50:14,809 [Worker-702: Building] WARN  o.e.m.c.i.embedder.EclipseLogger - Using platform encoding (MS949 actually) to copy filtered resources, i.e. build is platform dependent!
2025-09-30 15:50:14,810 [Worker-702: Building] INFO  o.e.m.c.i.embedder.EclipseLogger - Copying 0 resource
2025-09-30 15:50:31,406 [Worker-705: Building] WARN  o.e.m.c.i.embedder.EclipseLogger - Using platform encoding (MS949 actually) to copy filtered resources, i.e. build is platform dependent!
2025-09-30 15:50:31,407 [Worker-705: Building] INFO  o.e.m.c.i.embedder.EclipseLogger - Copying 8 resources
2025-09-30 15:50:31,408 [Worker-705: Building] WARN  o.e.m.c.i.embedder.EclipseLogger - Using platform encoding (MS949 actually) to copy filtered resources, i.e. build is platform dependent!
2025-09-30 15:50:31,409 [Worker-705: Building] INFO  o.e.m.c.i.embedder.EclipseLogger - Copying 0 resource
2025-09-30 15:50:42,329 [Worker-694: Building] WARN  o.e.m.c.i.embedder.EclipseLogger - Using platform encoding (MS949 actually) to copy filtered resources, i.e. build is platform dependent!
2025-09-30 15:50:42,330 [Worker-694: Building] INFO  o.e.m.c.i.embedder.EclipseLogger - Copying 8 resources
2025-09-30 15:50:42,331 [Worker-694: Building] WARN  o.e.m.c.i.embedder.EclipseLogger - Using platform encoding (MS949 actually) to copy filtered resources, i.e. build is platform dependent!
2025-09-30 15:50:42,331 [Worker-694: Building] INFO  o.e.m.c.i.embedder.EclipseLogger - Copying 0 resource
2025-09-30 15:53:52,723 [Worker-703: Building] WARN  o.e.m.c.i.embedder.EclipseLogger - Using platform encoding (MS949 actually) to copy filtered resources, i.e. build is platform dependent!
2025-09-30 15:53:52,725 [Worker-703: Building] INFO  o.e.m.c.i.embedder.EclipseLogger - Copying 8 resources
2025-09-30 15:53:52,726 [Worker-703: Building] WARN  o.e.m.c.i.embedder.EclipseLogger - Using platform encoding (MS949 actually) to copy filtered resources, i.e. build is platform dependent!
2025-09-30 15:53:52,726 [Worker-703: Building] INFO  o.e.m.c.i.embedder.EclipseLogger - Copying 0 resource
2025-09-30 15:55:26,072 [Worker-704: Building] WARN  o.e.m.c.i.embedder.EclipseLogger - Using platform encoding (MS949 actually) to copy filtered resources, i.e. build is platform dependent!
2025-09-30 15:55:26,072 [Worker-704: Building] INFO  o.e.m.c.i.embedder.EclipseLogger - Copying 0 resource
2025-09-30 15:55:26,073 [Worker-704: Building] WARN  o.e.m.c.i.embedder.EclipseLogger - Using platform encoding (MS949 actually) to copy filtered resources, i.e. build is platform dependent!
2025-09-30 15:55:26,073 [Worker-704: Building] INFO  o.e.m.c.i.embedder.EclipseLogger - Copying 0 resource
2025-09-30 16:02:42,003 [Worker-704: Building] WARN  o.e.m.c.i.embedder.EclipseLogger - Using platform encoding (MS949 actually) to copy filtered resources, i.e. build is platform dependent!
2025-09-30 16:02:42,004 [Worker-704: Building] INFO  o.e.m.c.i.embedder.EclipseLogger - Copying 8 resources
2025-09-30 16:02:42,005 [Worker-704: Building] WARN  o.e.m.c.i.embedder.EclipseLogger - Using platform encoding (MS949 actually) to copy filtered resources, i.e. build is platform dependent!
2025-09-30 16:02:42,005 [Worker-704: Building] INFO  o.e.m.c.i.embedder.EclipseLogger - Copying 0 resource
2025-09-30 16:04:00,104 [Worker-712: Building] WARN  o.e.m.c.i.embedder.EclipseLogger - Using platform encoding (MS949 actually) to copy filtered resources, i.e. build is platform dependent!
2025-09-30 16:04:00,105 [Worker-712: Building] INFO  o.e.m.c.i.embedder.EclipseLogger - Copying 8 resources
2025-09-30 16:04:00,106 [Worker-712: Building] WARN  o.e.m.c.i.embedder.EclipseLogger - Using platform encoding (MS949 actually) to copy filtered resources, i.e. build is platform dependent!
2025-09-30 16:04:00,106 [Worker-712: Building] INFO  o.e.m.c.i.embedder.EclipseLogger - Copying 0 resource
2025-09-30 16:06:53,681 [Worker-715: Building] WARN  o.e.m.c.i.embedder.EclipseLogger - Using platform encoding (MS949 actually) to copy filtered resources, i.e. build is platform dependent!
2025-09-30 16:06:53,682 [Worker-715: Building] INFO  o.e.m.c.i.embedder.EclipseLogger - Copying 8 resources
2025-09-30 16:06:53,683 [Worker-715: Building] WARN  o.e.m.c.i.embedder.EclipseLogger - Using platform encoding (MS949 actually) to copy filtered resources, i.e. build is platform dependent!
2025-09-30 16:06:53,683 [Worker-715: Building] INFO  o.e.m.c.i.embedder.EclipseLogger - Copying 0 resource
2025-09-30 16:07:04,176 [Worker-715: Building] WARN  o.e.m.c.i.embedder.EclipseLogger - Using platform encoding (MS949 actually) to copy filtered resources, i.e. build is platform dependent!
2025-09-30 16:07:04,177 [Worker-715: Building] INFO  o.e.m.c.i.embedder.EclipseLogger - Copying 8 resources
2025-09-30 16:07:04,178 [Worker-715: Building] WARN  o.e.m.c.i.embedder.EclipseLogger - Using platform encoding (MS949 actually) to copy filtered resources, i.e. build is platform dependent!
2025-09-30 16:07:04,178 [Worker-715: Building] INFO  o.e.m.c.i.embedder.EclipseLogger - Copying 0 resource
2025-09-30 16:07:09,348 [Worker-711: Building] WARN  o.e.m.c.i.embedder.EclipseLogger - Using platform encoding (MS949 actually) to copy filtered resources, i.e. build is platform dependent!
2025-09-30 16:07:09,349 [Worker-711: Building] INFO  o.e.m.c.i.embedder.EclipseLogger - Copying 8 resources
2025-09-30 16:07:09,349 [Worker-711: Building] WARN  o.e.m.c.i.embedder.EclipseLogger - Using platform encoding (MS949 actually) to copy filtered resources, i.e. build is platform dependent!
2025-09-30 16:07:09,350 [Worker-711: Building] INFO  o.e.m.c.i.embedder.EclipseLogger - Copying 0 resource
2025-09-30 16:07:35,876 [Worker-704: Building] WARN  o.e.m.c.i.embedder.EclipseLogger - Using platform encoding (MS949 actually) to copy filtered resources, i.e. build is platform dependent!
2025-09-30 16:07:35,877 [Worker-704: Building] INFO  o.e.m.c.i.embedder.EclipseLogger - Copying 8 resources
2025-09-30 16:07:35,878 [Worker-704: Building] WARN  o.e.m.c.i.embedder.EclipseLogger - Using platform encoding (MS949 actually) to copy filtered resources, i.e. build is platform dependent!
2025-09-30 16:07:35,878 [Worker-704: Building] INFO  o.e.m.c.i.embedder.EclipseLogger - Copying 0 resource
2025-09-30 16:08:14,470 [Worker-704: Building] WARN  o.e.m.c.i.embedder.EclipseLogger - Using platform encoding (MS949 actually) to copy filtered resources, i.e. build is platform dependent!
2025-09-30 16:08:14,470 [Worker-704: Building] INFO  o.e.m.c.i.embedder.EclipseLogger - Copying 8 resources
2025-09-30 16:08:14,471 [Worker-704: Building] WARN  o.e.m.c.i.embedder.EclipseLogger - Using platform encoding (MS949 actually) to copy filtered resources, i.e. build is platform dependent!
2025-09-30 16:08:14,471 [Worker-704: Building] INFO  o.e.m.c.i.embedder.EclipseLogger - Copying 0 resource
2025-09-30 16:08:16,553 [Worker-711: Building] WARN  o.e.m.c.i.embedder.EclipseLogger - Using platform encoding (MS949 actually) to copy filtered resources, i.e. build is platform dependent!
2025-09-30 16:08:16,554 [Worker-711: Building] INFO  o.e.m.c.i.embedder.EclipseLogger - Copying 8 resources
2025-09-30 16:08:16,554 [Worker-711: Building] WARN  o.e.m.c.i.embedder.EclipseLogger - Using platform encoding (MS949 actually) to copy filtered resources, i.e. build is platform dependent!
2025-09-30 16:08:16,555 [Worker-711: Building] INFO  o.e.m.c.i.embedder.EclipseLogger - Copying 0 resource
2025-09-30 16:08:31,313 [Worker-718: Building] WARN  o.e.m.c.i.embedder.EclipseLogger - Using platform encoding (MS949 actually) to copy filtered resources, i.e. build is platform dependent!
2025-09-30 16:08:31,314 [Worker-718: Building] INFO  o.e.m.c.i.embedder.EclipseLogger - Copying 8 resources
2025-09-30 16:08:31,315 [Worker-718: Building] WARN  o.e.m.c.i.embedder.EclipseLogger - Using platform encoding (MS949 actually) to copy filtered resources, i.e. build is platform dependent!
2025-09-30 16:08:31,315 [Worker-718: Building] INFO  o.e.m.c.i.embedder.EclipseLogger - Copying 0 resource
2025-09-30 16:08:38,651 [Worker-711: Building] WARN  o.e.m.c.i.embedder.EclipseLogger - Using platform encoding (MS949 actually) to copy filtered resources, i.e. build is platform dependent!
2025-09-30 16:08:38,652 [Worker-711: Building] INFO  o.e.m.c.i.embedder.EclipseLogger - Copying 8 resources
2025-09-30 16:08:38,653 [Worker-711: Building] WARN  o.e.m.c.i.embedder.EclipseLogger - Using platform encoding (MS949 actually) to copy filtered resources, i.e. build is platform dependent!
2025-09-30 16:08:38,653 [Worker-711: Building] INFO  o.e.m.c.i.embedder.EclipseLogger - Copying 0 resource
2025-09-30 16:08:39,787 [Worker-716: Building] WARN  o.e.m.c.i.embedder.EclipseLogger - Using platform encoding (MS949 actually) to copy filtered resources, i.e. build is platform dependent!
2025-09-30 16:08:39,789 [Worker-716: Building] INFO  o.e.m.c.i.embedder.EclipseLogger - Copying 8 resources
2025-09-30 16:08:39,789 [Worker-716: Building] WARN  o.e.m.c.i.embedder.EclipseLogger - Using platform encoding (MS949 actually) to copy filtered resources, i.e. build is platform dependent!
2025-09-30 16:08:39,789 [Worker-716: Building] INFO  o.e.m.c.i.embedder.EclipseLogger - Copying 0 resource
2025-09-30 16:09:23,597 [Worker-718: Building] WARN  o.e.m.c.i.embedder.EclipseLogger - Using platform encoding (MS949 actually) to copy filtered resources, i.e. build is platform dependent!
2025-09-30 16:09:23,598 [Worker-718: Building] INFO  o.e.m.c.i.embedder.EclipseLogger - Copying 8 resources
2025-09-30 16:09:23,599 [Worker-718: Building] WARN  o.e.m.c.i.embedder.EclipseLogger - Using platform encoding (MS949 actually) to copy filtered resources, i.e. build is platform dependent!
2025-09-30 16:09:23,599 [Worker-718: Building] INFO  o.e.m.c.i.embedder.EclipseLogger - Copying 0 resource
2025-09-30 16:45:19,314 [Worker-723: Building] WARN  o.e.m.c.i.embedder.EclipseLogger - Using platform encoding (MS949 actually) to copy filtered resources, i.e. build is platform dependent!
2025-09-30 16:45:19,315 [Worker-723: Building] INFO  o.e.m.c.i.embedder.EclipseLogger - Copying 0 resource
2025-09-30 16:45:19,316 [Worker-723: Building] WARN  o.e.m.c.i.embedder.EclipseLogger - Using platform encoding (MS949 actually) to copy filtered resources, i.e. build is platform dependent!
2025-09-30 16:45:19,317 [Worker-723: Building] INFO  o.e.m.c.i.embedder.EclipseLogger - Copying 0 resource
2025-09-30 17:09:32,296 [Worker-729: Building] WARN  o.e.m.c.i.embedder.EclipseLogger - Using platform encoding (MS949 actually) to copy filtered resources, i.e. build is platform dependent!
2025-09-30 17:09:32,297 [Worker-729: Building] INFO  o.e.m.c.i.embedder.EclipseLogger - Copying 1 resource
2025-09-30 17:09:32,298 [Worker-729: Building] WARN  o.e.m.c.i.embedder.EclipseLogger - Using platform encoding (MS949 actually) to copy filtered resources, i.e. build is platform dependent!
2025-09-30 17:09:32,298 [Worker-729: Building] INFO  o.e.m.c.i.embedder.EclipseLogger - Copying 0 resource
2025-09-30 17:09:52,347 [Worker-731: Building] WARN  o.e.m.c.i.embedder.EclipseLogger - Using platform encoding (MS949 actually) to copy filtered resources, i.e. build is platform dependent!
2025-09-30 17:09:52,347 [Worker-731: Building] INFO  o.e.m.c.i.embedder.EclipseLogger - Copying 1 resource
2025-09-30 17:09:52,348 [Worker-731: Building] WARN  o.e.m.c.i.embedder.EclipseLogger - Using platform encoding (MS949 actually) to copy filtered resources, i.e. build is platform dependent!
2025-09-30 17:09:52,348 [Worker-731: Building] INFO  o.e.m.c.i.embedder.EclipseLogger - Copying 0 resource
2025-09-30 17:09:53,530 [Worker-734: Building] WARN  o.e.m.c.i.embedder.EclipseLogger - Using platform encoding (MS949 actually) to copy filtered resources, i.e. build is platform dependent!
2025-09-30 17:09:53,531 [Worker-734: Building] INFO  o.e.m.c.i.embedder.EclipseLogger - Copying 1 resource
2025-09-30 17:09:53,532 [Worker-734: Building] WARN  o.e.m.c.i.embedder.EclipseLogger - Using platform encoding (MS949 actually) to copy filtered resources, i.e. build is platform dependent!
2025-09-30 17:09:53,532 [Worker-734: Building] INFO  o.e.m.c.i.embedder.EclipseLogger - Copying 0 resource
2025-09-30 17:10:11,050 [Worker-733: Building] WARN  o.e.m.c.i.embedder.EclipseLogger - Using platform encoding (MS949 actually) to copy filtered resources, i.e. build is platform dependent!
2025-09-30 17:10:11,051 [Worker-733: Building] INFO  o.e.m.c.i.embedder.EclipseLogger - Copying 1 resource
2025-09-30 17:10:11,052 [Worker-733: Building] WARN  o.e.m.c.i.embedder.EclipseLogger - Using platform encoding (MS949 actually) to copy filtered resources, i.e. build is platform dependent!
2025-09-30 17:10:11,052 [Worker-733: Building] INFO  o.e.m.c.i.embedder.EclipseLogger - Copying 0 resource
2025-09-30 17:13:17,628 [Worker-732: Building] WARN  o.e.m.c.i.embedder.EclipseLogger - Using platform encoding (MS949 actually) to copy filtered resources, i.e. build is platform dependent!
2025-09-30 17:13:17,630 [Worker-732: Building] INFO  o.e.m.c.i.embedder.EclipseLogger - Copying 8 resources
2025-09-30 17:13:17,631 [Worker-732: Building] WARN  o.e.m.c.i.embedder.EclipseLogger - Using platform encoding (MS949 actually) to copy filtered resources, i.e. build is platform dependent!
2025-09-30 17:13:17,631 [Worker-732: Building] INFO  o.e.m.c.i.embedder.EclipseLogger - Copying 0 resource
2025-09-30 17:13:25,839 [Worker-736: Building] WARN  o.e.m.c.i.embedder.EclipseLogger - Using platform encoding (MS949 actually) to copy filtered resources, i.e. build is platform dependent!
2025-09-30 17:13:25,840 [Worker-736: Building] INFO  o.e.m.c.i.embedder.EclipseLogger - Copying 1 resource
2025-09-30 17:13:25,841 [Worker-736: Building] WARN  o.e.m.c.i.embedder.EclipseLogger - Using platform encoding (MS949 actually) to copy filtered resources, i.e. build is platform dependent!
2025-09-30 17:13:25,841 [Worker-736: Building] INFO  o.e.m.c.i.embedder.EclipseLogger - Copying 0 resource
